order_id;customer_id;order_date;total_amount_idr;shipping_city;shipping_province;shipping_cost_idr;payment_method;order_status;promo_code;discount_amount_idr;courier
ORD000001;CUST0474;23/03/2023;1951591;Banjarmasin;Kalimantan Selatan;32066;Transfer Bank;shipped;WEEKEND25;44409;JNE
ORD000002;CUST0478;26/02/2025;507000;Palembang;Sumatera Selatan;33769;Kartu Kredit;delivered;;;JNE
ORD000003;CUST0306;13/07/2022;199000;Tangerang;Banten;12060;Transfer Bank;delivered;;;SiCepat
ORD000004;CUST0777;26/11/2024;119000;Medan;Sumatera Utara;29005;Transfer Bank;cancelled;;;Anteraja
ORD000005;CUST0210;31/07/2023;358000;Bandung;Jawa Barat;11192;Kartu Kredit;cancelled;;;JNE
ORD000006;CUST0444;12/05/2022;349000;Balikpapan;Kalimantan Timur;37816;Transfer Bank;returned;;;SiCepat
ORD000007;CUST0170;05/02/2022;407000;Bekasi;Jawa Barat;13600;Transfer Bank;delivered;;;JNE
ORD000008;CUST0637;02/06/2023;954364;Manado;Sulawesi Utara;34020;Kartu Kredit;processing;WEEKEND25;31636;J&T
ORD000009;CUST0677;24/12/2024;230288;Surabaya;Jawa Timur;13179;Transfer Bank;cancelled;HARBOLNAS22;18712;JNE
ORD000010;CUST0200;14/04/2023;264669;Pontianak;Kalimantan Barat;30484;GoPay;delivered;HARI BELANJA;14331;Pos Indonesia
ORD000011;CUST0225;30/03/2023;226000;Bekasi;Jawa Barat;9935;Transfer Bank;delivered;;;Anteraja
ORD000012;CUST0760;11/11/2023;251162;Balikpapan;Kalimantan Timur;40940;OVO;shipped;HARI BELANJA;27838;J&T
ORD000013;CUST0337;16/02/2025;199000;Depok;Jawa Barat;9420;QRIS;delivered;;;Anteraja
ORD000014;CUST0225;15/04/2024;334654;Medan;Sumatera Utara;36425;GoPay;delivered;HARI BELANJA;14346;SiCepat
ORD000015;CUST0794;14/01/2023;2537438;Pekanbaru;Riau;29080;Transfer Bank;delivered;NEWUSER;36562;JNE
ORD000016;CUST0441;08/05/2024;1746000;Manado;Sulawesi Utara;34701;GoPay;delivered;;;J&T
ORD000017;CUST0715;01/01/2024;355448;Semarang;Jawa Tengah;12267;Transfer Bank;returned;RAMADAN23;12552;J&T
ORD000018;CUST0597;20/01/2022;119000;Bogor;Jawa Barat;11574;Kartu Kredit;cancelled;;;SiCepat
ORD000019;CUST0539;10/10/2022;247331;Balikpapan;Kalimantan Timur;37574;OVO;delivered;FLASHSALE;20669;SiCepat
ORD000020;CUST0712;12/08/2023;377322;Malang;Jawa Timur;16405;OVO;processing;RAMADAN23;19678;J&T
ORD000021;CUST0111;05/01/2025;748000;Pontianak;Kalimantan Barat;32628;Kartu Kredit;shipped;;;J&T
ORD000022;CUST0566;30/05/2024;279000;Malang;Jawa Timur;21336;GoPay;delivered;;;JNE
ORD000023;CUST0259;15/08/2023;625000;Banjarmasin;Kalimantan Selatan;34512;Kartu Kredit;cancelled;;;J&T
ORD000024;CUST0189;31/03/2022;744000;Tangerang;Banten;9763;GoPay;returned;;;JNE
ORD000025;CUST0790;23/06/2022;288000;Balikpapan;Kalimantan Timur;40074;GoPay;delivered;;;J&T
ORD000026;CUST0755;17/05/2024;549000;Tangerang;Banten;13331;QRIS;shipped;;;SiCepat
ORD000027;CUST0561;02/08/2023;1098000;Yogyakarta;DI Yogyakarta;13146;GoPay;shipped;;;SiCepat
ORD000028;CUST0624;27/06/2024;408558;Balikpapan;Kalimantan Timur;37360;Transfer Bank;cancelled;NEWUSER;39442;Anteraja
ORD000029;CUST0245;02/07/2023;298000;Denpasar;Bali;28769;Kartu Kredit;delivered;;;J&T
ORD000030;CUST0566;28/02/2023;329000;Malang;Jawa Timur;17186;OVO;delivered;;;J&T
ORD000031;CUST0492;30/03/2022;200075;Pekanbaru;Riau;26230;Transfer Bank;delivered;RAMADAN23;28925;JNE
ORD000032;CUST0317;03/01/2025;624526;Medan;Sumatera Utara;38976;QRIS;returned;HARI BELANJA;43474;JNE
ORD000033;CUST0126;09/10/2023;79000;Depok;Jawa Barat;11918;Kartu Kredit;delivered;;;J&T
ORD000034;CUST0636;03/02/2024;279000;Yogyakarta;DI Yogyakarta;15802;Transfer Bank;processing;;;J&T
ORD000035;CUST0775;25/09/2023;896000;Semarang;Jawa Tengah;13372;Transfer Bank;shipped;;;SiCepat
ORD000036;CUST0571;11/07/2024;548000;Manado;Sulawesi Utara;35262;Kartu Kredit;delivered;;;JNE
ORD000037;CUST0323;05/02/2024;218221;Pontianak;Kalimantan Barat;36528;OVO;delivered;HARBOLNAS22;30779;JNE
ORD000038;CUST0252;10/07/2023;798000;Balikpapan;Kalimantan Timur;31746;Transfer Bank;delivered;;;Pos Indonesia
ORD000039;CUST0288;03/07/2023;329000;Tangerang;Banten;9615;GoPay;shipped;;;J&T
ORD000040;CUST0141;12/01/2025;570879;Malang;Jawa Timur;21984;Transfer Bank;delivered;HARBOLNAS22;28121;Anteraja
ORD000041;CUST0319;25/09/2024;428000;Bandung;Jawa Barat;10652;Kartu Kredit;delivered;;;J&T
ORD000042;CUST0042;03/07/2023;687278;Bogor;Jawa Barat;12204;OVO;delivered;SALE2024;48722;JNE
ORD000043;CUST0575;03/04/2024;541268;Bandung;Jawa Barat;11516;OVO;delivered;NEWUSER;36732;Anteraja
ORD000044;CUST0006;19/05/2024;69000;Makassar;Sulawesi Selatan;42718;Kartu Kredit;delivered;;;JNE
ORD000045;CUST0353;14/10/2022;152424;Malang;Jawa Timur;16206;Transfer Bank;cancelled;NEWUSER;26576;JNE
ORD000046;CUST0708;27/03/2022;279000;Medan;Sumatera Utara;26965;QRIS;delivered;;;SiCepat
ORD000047;CUST0701;09/04/2023;129000;Manado;Sulawesi Utara;32046;OVO;shipped;;;SiCepat
ORD000048;CUST0151;28/02/2024;598000;Bekasi;Jawa Barat;12367;GoPay;delivered;;;JNE
ORD000049;CUST0679;31/08/2023;108780;Padang;Sumatera Barat;24801;Transfer Bank;delivered;MEMBER10;19220;JNE
ORD000050;CUST0291;25/07/2023;463402;Denpasar;Bali;28676;Transfer Bank;delivered;HARI BELANJA;35598;J&T
ORD000051;CUST0277;15/04/2023;1040543;Jakarta;DKI Jakarta;11199;Transfer Bank;delivered;MEMBER10;36457;JNE
ORD000052;CUST0021;08/02/2022;484546;Denpasar;Bali;24002;Kartu Kredit;shipped;HARBOLNAS22;31454;J&T
ORD000053;CUST0787;14/09/2024;228576;Tangerang;Banten;9011;GoPay;delivered;WEEKEND25;49424;SiCepat
ORD000054;CUST0579;13/02/2024;179000;Palembang;Sumatera Selatan;25215;Kartu Kredit;delivered;;;Anteraja
ORD000055;CUST0442;23/01/2025;499000;Palembang;Sumatera Selatan;31259;Kartu Kredit;delivered;;;Anteraja
ORD000056;CUST0106;15/09/2024;225298;Palembang;Sumatera Selatan;25616;OVO;delivered;HARI BELANJA;23702;JNE
ORD000057;CUST0096;20/04/2023;377000;Pontianak;Kalimantan Barat;41195;Transfer Bank;delivered;;;SiCepat
ORD000058;CUST0007;27/02/2025;1057000;Bogor;Jawa Barat;12709;Transfer Bank;delivered;;;JNE
ORD000059;CUST0570;24/01/2024;208667;Makassar;Sulawesi Selatan;40276;OVO;shipped;SALE2024;29333;JNE
ORD000060;CUST0472;08/08/2022;298000;Manado;Sulawesi Utara;32515;Transfer Bank;cancelled;;;JNE
ORD000061;CUST0486;12/03/2023;870559;Yogyakarta;DI Yogyakarta;14434;OVO;cancelled;SALE2024;27441;JNE
ORD000062;CUST0731;29/09/2024;428704;Balikpapan;Kalimantan Timur;44760;QRIS;cancelled;HARI BELANJA;28296;Anteraja
ORD000063;CUST0324;30/04/2023;687000;Balikpapan;Kalimantan Timur;42645;Kartu Kredit;delivered;;;JNE
ORD000064;CUST0056;18/12/2023;622240;Medan;Sumatera Utara;34176;GoPay;cancelled;SALE2024;25760;J&T
ORD000065;CUST0052;18/10/2024;129000;Palembang;Sumatera Selatan;30831;OVO;delivered;;;J&T
ORD000066;CUST0046;05/04/2023;229000;Palembang;Sumatera Selatan;33448;OVO;delivered;;;SiCepat
ORD000067;CUST0472;28/05/2023;387000;Manado;Sulawesi Utara;32542;Kartu Kredit;processing;;;SiCepat
ORD000068;CUST0600;07/12/2022;449000;Pontianak;Kalimantan Barat;41195;Transfer Bank;processing;;;J&T
ORD000069;CUST0321;26/02/2023;129132;Malang;Jawa Timur;20164;Transfer Bank;delivered;RAMADAN23;19868;J&T
ORD000070;CUST0180;17/05/2024;122904;Tangerang;Banten;9347;GoPay;delivered;MEMBER10;26096;J&T
ORD000071;CUST0387;03/06/2023;467921;Depok;Jawa Barat;13226;Transfer Bank;delivered;NEWUSER;31079;J&T
ORD000072;CUST0379;10/06/2024;249000;Manado;Sulawesi Utara;38149;OVO;delivered;;;JNE
ORD000073;CUST0629;12/10/2024;660432;Padang;Sumatera Barat;24278;Kartu Kredit;processing;WEEKEND25;26568;Pos Indonesia
ORD000074;CUST0542;30/09/2022;707000;Semarang;Jawa Tengah;12040;Transfer Bank;shipped;;;Pos Indonesia
ORD000075;CUST0388;17/04/2024;258000;Pontianak;Kalimantan Barat;34548;Transfer Bank;delivered;;;JNE
ORD000076;CUST0315;01/03/2023;1066000;Bogor;Jawa Barat;13438;Kartu Kredit;delivered;;;SiCepat
ORD000077;CUST0400;13/11/2023;319744;Manado;Sulawesi Utara;44292;GoPay;delivered;SALE2024;29256;Anteraja
ORD000078;CUST0197;22/01/2025;1062859;Depok;Jawa Barat;12090;GoPay;processing;RAMADAN23;34141;Anteraja
ORD000079;CUST0248;17/09/2024;530836;Pekanbaru;Riau;26512;GoPay;returned;NEWUSER;24164;J&T
ORD000080;CUST0214;07/02/2025;113515;Denpasar;Bali;29619;GoPay;shipped;HARI BELANJA;44485;J&T
ORD000081;CUST0478;18/02/2024;216431;Palembang;Sumatera Selatan;25254;Transfer Bank;delivered;NEWUSER;12569;SiCepat
ORD000082;CUST0417;03/12/2024;597000;Pontianak;Kalimantan Barat;40474;GoPay;processing;;;J&T
ORD000083;CUST0798;29/09/2024;258000;Yogyakarta;DI Yogyakarta;14514;Transfer Bank;delivered;;;SiCepat
ORD000084;CUST0014;11/07/2023;398000;Depok;Jawa Barat;13074;Transfer Bank;delivered;;;Pos Indonesia
ORD000085;CUST0697;20/06/2023;533274;Bandung;Jawa Barat;11097;Kartu Kredit;delivered;WEEKEND25;44726;SiCepat
ORD000086;CUST0489;19/01/2023;567033;Depok;Jawa Barat;12336;Transfer Bank;processing;MEMBER10;31967;JNE
ORD000087;CUST0346;09/02/2023;647000;Malang;Jawa Timur;15065;GoPay;delivered;;;SiCepat
ORD000088;CUST0762;04/12/2022;757000;Balikpapan;Kalimantan Timur;32110;GoPay;processing;;;Anteraja
ORD000089;CUST0782;22/03/2022;657000;Denpasar;Bali;25249;QRIS;delivered;;;Pos Indonesia
ORD000090;CUST0188;16/02/2023;639659;Padang;Sumatera Barat;31950;GoPay;delivered;MEMBER10;46341;Anteraja
ORD000091;CUST0006;25/08/2024;478000;Makassar;Sulawesi Selatan;34889;Transfer Bank;cancelled;;;Anteraja
ORD000092;CUST0630;04/01/2024;825967;Bandung;Jawa Barat;13698;OVO;delivered;SALE2024;11033;SiCepat
ORD000093;CUST0732;19/02/2025;637000;Depok;Jawa Barat;13897;OVO;shipped;;;SiCepat
ORD000094;CUST0658;24/10/2024;1327000;Banjarmasin;Kalimantan Selatan;39112;Kartu Kredit;cancelled;;;JNE
ORD000095;CUST0583;19/06/2023;207000;Medan;Sumatera Utara;25348;Kartu Kredit;cancelled;;;J&T
ORD000096;CUST0229;25/03/2023;328000;Depok;Jawa Barat;13619;OVO;cancelled;;;J&T
ORD000097;CUST0428;21/01/2025;499000;Manado;Sulawesi Utara;44276;Transfer Bank;delivered;;;Pos Indonesia
ORD000098;CUST0371;05/09/2024;1114630;Bandung;Jawa Barat;14596;Kartu Kredit;processing;WEEKEND25;32370;Pos Indonesia
ORD000099;CUST0031;13/03/2024;134229;Pontianak;Kalimantan Barat;33877;GoPay;delivered;WEEKEND25;14771;SiCepat
ORD000100;CUST0222;26/08/2022;649499;Manado;Sulawesi Utara;43010;Kartu Kredit;cancelled;NEWUSER;27501;SiCepat
ORD000101;CUST0409;19/04/2024;657000;Bekasi;Jawa Barat;11545;Kartu Kredit;delivered;;;Anteraja
ORD000102;CUST0399;04/01/2022;941751;Depok;Jawa Barat;13127;Transfer Bank;delivered;MEMBER10;15249;JNE
ORD000103;CUST0301;28/02/2024;473549;Tangerang;Banten;9445;GoPay;processing;FLASHSALE;24451;Anteraja
ORD000104;CUST0653;29/01/2023;657000;Denpasar;Bali;27253;OVO;delivered;;;JNE
ORD000105;CUST0095;24/08/2024;697000;Yogyakarta;DI Yogyakarta;16884;QRIS;cancelled;;;Pos Indonesia
ORD000106;CUST0270;07/04/2022;199000;Semarang;Jawa Tengah;13901;Transfer Bank;delivered;;;Anteraja
ORD000107;CUST0411;30/09/2022;268000;Surabaya;Jawa Timur;12087;Transfer Bank;returned;;;Anteraja
ORD000108;CUST0244;11/11/2024;129000;Yogyakarta;DI Yogyakarta;17061;GoPay;returned;;;J&T
ORD000109;CUST0304;02/10/2023;99000;Surabaya;Jawa Timur;13381;Kartu Kredit;delivered;;;JNE
ORD000110;CUST0442;08/01/2023;158000;Palembang;Sumatera Selatan;33174;Transfer Bank;delivered;;;J&T
ORD000111;CUST0512;30/03/2024;516000;Semarang;Jawa Tengah;12114;Kartu Kredit;shipped;;;Anteraja
ORD000112;CUST0587;27/12/2024;1095000;Malang;Jawa Timur;19990;OVO;delivered;;;SiCepat
ORD000113;CUST0327;08/06/2023;926000;Denpasar;Bali;27366;QRIS;delivered;;;SiCepat
ORD000114;CUST0717;08/08/2022;275109;Banjarmasin;Kalimantan Selatan;40777;Kartu Kredit;cancelled;NEWUSER;32891;JNE
ORD000115;CUST0336;13/02/2024;549000;Jakarta;DKI Jakarta;10701;GoPay;processing;;;J&T
ORD000116;CUST0154;21/09/2024;398000;Palembang;Sumatera Selatan;24854;Transfer Bank;delivered;;;J&T
ORD000117;CUST0571;09/11/2024;229000;Manado;Sulawesi Utara;42214;OVO;delivered;;;J&T
ORD000118;CUST0339;23/10/2024;266041;Semarang;Jawa Tengah;17425;Kartu Kredit;delivered;FLASHSALE;49959;SiCepat
ORD000119;CUST0525;21/02/2024;977668;Bogor;Jawa Barat;12840;GoPay;delivered;WEEKEND25;39332;J&T
ORD000120;CUST0400;25/09/2023;199000;Yogyakarta;DI Yogyakarta;13214;QRIS;delivered;;;J&T
ORD000121;CUST0473;16/09/2023;955632;Banjarmasin;Kalimantan Selatan;30456;Kartu Kredit;delivered;NEWUSER;42368;J&T
ORD000122;CUST0768;18/11/2022;857000;Denpasar;Bali;28591;Transfer Bank;shipped;;;SiCepat
ORD000123;CUST0370;13/07/2024;83455;Palembang;Sumatera Selatan;27437;OVO;delivered;FLASHSALE;34545;JNE
ORD000124;CUST0275;13/09/2023;163351;Bandung;Jawa Barat;13228;Transfer Bank;delivered;MEMBER10;35649;SiCepat
ORD000125;CUST0228;18/04/2024;148000;Manado;Sulawesi Utara;33689;GoPay;delivered;;;JNE
ORD000126;CUST0495;13/06/2023;801305;Manado;Sulawesi Utara;41428;Transfer Bank;cancelled;RAMADAN23;46695;JNE
ORD000127;CUST0728;01/06/2023;258000;Pekanbaru;Riau;30502;Transfer Bank;delivered;;;Anteraja
ORD000128;CUST0295;01/04/2024;1052821;Manado;Sulawesi Utara;42291;OVO;cancelled;NEWUSER;44179;Anteraja
ORD000129;CUST0722;09/04/2023;49000;Jakarta;DKI Jakarta;8352;Kartu Kredit;delivered;;;J&T
ORD000130;CUST0208;06/12/2022;328191;Manado;Sulawesi Utara;35513;Kartu Kredit;delivered;MEMBER10;19809;SiCepat
ORD000131;CUST0714;10/02/2024;418000;Bandung;Jawa Barat;10288;Kartu Kredit;delivered;;;J&T
ORD000132;CUST0135;09/01/2024;138000;Makassar;Sulawesi Selatan;33850;Kartu Kredit;delivered;;;Anteraja
ORD000133;CUST0571;14/07/2024;483563;Manado;Sulawesi Utara;37315;Kartu Kredit;delivered;FLASHSALE;43437;J&T
ORD000134;CUST0346;18/02/2025;433562;Medan;Sumatera Utara;37007;OVO;returned;RAMADAN23;15438;SiCepat
ORD000135;CUST0710;01/06/2023;349000;Manado;Sulawesi Utara;32102;Kartu Kredit;delivered;;;SiCepat
ORD000136;CUST0075;21/01/2025;132592;Medan;Sumatera Utara;38095;GoPay;delivered;WEEKEND25;46408;JNE
ORD000137;CUST0756;10/02/2023;694000;Surabaya;Jawa Timur;16258;GoPay;delivered;;;J&T
ORD000138;CUST0653;31/12/2024;1105671;Denpasar;Bali;26771;Transfer Bank;delivered;NEWUSER;21329;J&T
ORD000139;CUST0725;24/02/2024;406000;Makassar;Sulawesi Selatan;43702;Transfer Bank;delivered;;;JNE
ORD000140;CUST0426;07/03/2023;16057;Makassar;Sulawesi Selatan;37588;GoPay;delivered;SALE2024;32943;SiCepat
ORD000141;CUST0492;24/05/2023;298000;Balikpapan;Kalimantan Timur;40284;Transfer Bank;delivered;;;JNE
ORD000142;CUST0686;29/07/2024;1347000;Semarang;Jawa Tengah;13975;OVO;delivered;;;J&T
ORD000143;CUST0180;07/11/2022;687000;Tangerang;Banten;10779;QRIS;shipped;;;Pos Indonesia
ORD000144;CUST0759;31/03/2023;461976;Malang;Jawa Timur;17498;Kartu Kredit;shipped;FLASHSALE;26024;J&T
ORD000145;CUST0592;07/09/2024;399000;Bandung;Jawa Barat;12523;Transfer Bank;delivered;;;SiCepat
ORD000146;CUST0297;19/01/2023;1377000;Banjarmasin;Kalimantan Selatan;32159;OVO;returned;;;J&T
ORD000147;CUST0597;19/03/2023;528000;Bogor;Jawa Barat;10572;Transfer Bank;delivered;;;SiCepat
ORD000148;CUST0335;30/09/2022;49000;Yogyakarta;DI Yogyakarta;14070;Transfer Bank;processing;;;SiCepat
ORD000149;CUST0056;02/03/2024;129000;Denpasar;Bali;29080;GoPay;processing;;;SiCepat
ORD000150;CUST0358;24/12/2024;632626;Bekasi;Jawa Barat;12049;OVO;delivered;WEEKEND25;15374;JNE
ORD000151;CUST0587;11/10/2024;1166000;Malang;Jawa Timur;14544;GoPay;cancelled;;;Pos Indonesia
ORD000152;CUST0601;01/11/2024;558000;Jakarta;DKI Jakarta;8814;GoPay;shipped;;;SiCepat
ORD000153;CUST0482;19/11/2022;62123;Bandung;Jawa Barat;14986;QRIS;delivered;HARI BELANJA;36877;JNE
ORD000154;CUST0478;02/03/2024;1058739;Palembang;Sumatera Selatan;34638;OVO;delivered;HARBOLNAS22;39261;JNE
ORD000155;CUST0140;24/11/2024;203863;Padang;Sumatera Barat;28074;Transfer Bank;shipped;NEWUSER;45137;SiCepat
ORD000156;CUST0014;21/08/2024;329000;Malang;Jawa Timur;20362;GoPay;delivered;;;SiCepat
ORD000157;CUST0700;05/09/2023;349000;Jakarta;DKI Jakarta;10361;OVO;returned;;;JNE
ORD000158;CUST0199;12/06/2024;1405000;Semarang;Jawa Tengah;12540;Kartu Kredit;shipped;;;JNE
ORD000159;CUST0235;05/01/2025;528766;Tangerang;Banten;12472;QRIS;delivered;RAMADAN23;20234;J&T
ORD000160;CUST0027;30/08/2022;69000;Pontianak;Kalimantan Barat;30017;GoPay;delivered;;;JNE
ORD000161;CUST0454;14/02/2024;118504;Makassar;Sulawesi Selatan;39679;Transfer Bank;delivered;SALE2024;10496;JNE
ORD000162;CUST0228;02/05/2024;541623;Malang;Jawa Timur;15021;Transfer Bank;delivered;FLASHSALE;34377;Anteraja
ORD000163;CUST0292;31/03/2023;329000;Tangerang;Banten;12928;Kartu Kredit;delivered;;;SiCepat
ORD000164;CUST0788;04/09/2022;179000;Semarang;Jawa Tengah;12218;Kartu Kredit;shipped;;;J&T
ORD000165;CUST0093;17/07/2023;199000;Bandung;Jawa Barat;10107;GoPay;processing;;;SiCepat
ORD000166;CUST0111;15/01/2025;349000;Pontianak;Kalimantan Barat;36329;Transfer Bank;delivered;;;JNE
ORD000167;CUST0295;09/09/2023;239718;Manado;Sulawesi Utara;35268;Kartu Kredit;delivered;FLASHSALE;39282;SiCepat
ORD000168;CUST0437;09/10/2024;897000;Pekanbaru;Riau;25351;Transfer Bank;delivered;;;JNE
ORD000169;CUST0261;14/07/2024;346000;Bandung;Jawa Barat;12893;OVO;delivered;;;SiCepat
ORD000170;CUST0436;21/06/2022;41785;Balikpapan;Kalimantan Timur;42371;Transfer Bank;delivered;HARBOLNAS22;27215;J&T
ORD000171;CUST0600;03/09/2023;385229;Manado;Sulawesi Utara;44407;OVO;shipped;SALE2024;12771;SiCepat
ORD000172;CUST0262;02/09/2024;387000;Malang;Jawa Timur;19296;Kartu Kredit;processing;;;Anteraja
ORD000173;CUST0664;19/08/2022;658000;Balikpapan;Kalimantan Timur;31970;Kartu Kredit;delivered;;;J&T
ORD000174;CUST0153;31/05/2023;178000;Pontianak;Kalimantan Barat;35862;OVO;delivered;;;SiCepat
ORD000175;CUST0606;19/10/2024;238000;Pontianak;Kalimantan Barat;35308;Kartu Kredit;delivered;;;SiCepat
ORD000176;CUST0143;02/08/2022;229000;Medan;Sumatera Utara;38431;QRIS;processing;;;JNE
ORD000177;CUST0646;09/11/2024;129000;Malang;Jawa Timur;21625;QRIS;delivered;;;Pos Indonesia
ORD000178;CUST0586;29/09/2024;599000;Manado;Sulawesi Utara;39349;QRIS;cancelled;;;JNE
ORD000179;CUST0641;30/05/2024;556000;Medan;Sumatera Utara;25500;Kartu Kredit;cancelled;;;Pos Indonesia
ORD000180;CUST0365;30/12/2024;548000;Padang;Sumatera Barat;31214;QRIS;delivered;;;Anteraja
ORD000181;CUST0485;27/03/2024;508000;Malang;Jawa Timur;18615;Transfer Bank;delivered;;;JNE
ORD000182;CUST0277;22/10/2024;281050;Malang;Jawa Timur;21404;GoPay;delivered;RAMADAN23;26950;SiCepat
ORD000183;CUST0091;04/07/2024;365798;Makassar;Sulawesi Selatan;30721;GoPay;delivered;WEEKEND25;33202;JNE
ORD000184;CUST0110;19/08/2024;806000;Bogor;Jawa Barat;13261;Transfer Bank;shipped;;;Anteraja
ORD000185;CUST0273;05/05/2023;90964;Yogyakarta;DI Yogyakarta;13095;Transfer Bank;delivered;WEEKEND25;28036;J&T
ORD000186;CUST0556;17/01/2024;316552;Palembang;Sumatera Selatan;26356;GoPay;delivered;HARI BELANJA;49448;J&T
ORD000187;CUST0590;20/01/2022;1262864;Bandung;Jawa Barat;12456;Transfer Bank;returned;NEWUSER;41136;JNE
ORD000188;CUST0737;11/01/2023;258000;Malang;Jawa Timur;16036;Transfer Bank;delivered;;;J&T
ORD000189;CUST0170;25/05/2023;1177000;Bekasi;Jawa Barat;10184;Transfer Bank;shipped;;;J&T
ORD000190;CUST0065;16/12/2023;716741;Bandung;Jawa Barat;14225;Transfer Bank;delivered;WEEKEND25;40259;J&T
ORD000191;CUST0565;03/05/2022;606000;Banjarmasin;Kalimantan Selatan;34778;GoPay;returned;;;SiCepat
ORD000192;CUST0255;13/10/2024;329000;Medan;Sumatera Utara;34003;GoPay;cancelled;;;J&T
ORD000193;CUST0322;04/01/2024;1327000;Banjarmasin;Kalimantan Selatan;30208;OVO;shipped;;;JNE
ORD000194;CUST0046;16/02/2023;558000;Malang;Jawa Timur;19593;OVO;delivered;;;J&T
ORD000195;CUST0727;17/02/2024;207274;Semarang;Jawa Tengah;14684;GoPay;delivered;MEMBER10;21726;J&T
ORD000196;CUST0049;13/07/2023;151821;Manado;Sulawesi Utara;36488;Kartu Kredit;shipped;WEEKEND25;27179;J&T
ORD000197;CUST0166;11/05/2022;333535;Tangerang;Banten;11983;GoPay;delivered;FLASHSALE;24465;J&T
ORD000198;CUST0197;01/10/2024;727000;Depok;Jawa Barat;10986;Kartu Kredit;delivered;;;SiCepat
ORD000199;CUST0619;30/04/2024;99000;Yogyakarta;DI Yogyakarta;18691;QRIS;delivered;;;Anteraja
ORD000200;CUST0463;23/08/2023;532952;Jakarta;DKI Jakarta;9272;GoPay;processing;RAMADAN23;16048;SiCepat
ORD000201;CUST0382;18/02/2025;1066000;Bandung;Jawa Barat;13180;QRIS;delivered;;;Anteraja
ORD000202;CUST0507;07/01/2025;656000;Yogyakarta;DI Yogyakarta;17733;OVO;cancelled;;;J&T
ORD000203;CUST0270;26/11/2024;748000;Semarang;Jawa Tengah;13206;OVO;cancelled;;;JNE
ORD000204;CUST0748;02/09/2023;36006;Denpasar;Bali;25740;QRIS;shipped;NEWUSER;42994;J&T
ORD000205;CUST0333;26/06/2024;399000;Palembang;Sumatera Selatan;26396;Transfer Bank;shipped;;;J&T
ORD000206;CUST0758;28/04/2022;329000;Medan;Sumatera Utara;27292;QRIS;delivered;;;SiCepat
ORD000207;CUST0504;24/10/2024;249000;Bandung;Jawa Barat;13692;GoPay;processing;;;SiCepat
ORD000208;CUST0171;07/01/2023;69237;Balikpapan;Kalimantan Timur;38829;GoPay;delivered;RAMADAN23;49763;JNE
ORD000209;CUST0397;09/01/2025;754974;Balikpapan;Kalimantan Timur;40409;Transfer Bank;delivered;NEWUSER;30026;Pos Indonesia
ORD000210;CUST0013;26/12/2022;316368;Makassar;Sulawesi Selatan;31701;GoPay;shipped;WEEKEND25;32632;J&T
ORD000211;CUST0177;30/05/2023;458000;Bekasi;Jawa Barat;11944;Transfer Bank;delivered;;;SiCepat
ORD000212;CUST0487;15/04/2024;757000;Medan;Sumatera Utara;34051;Transfer Bank;shipped;;;SiCepat
ORD000213;CUST0552;19/10/2024;366000;Padang;Sumatera Barat;33606;GoPay;processing;;;Anteraja
ORD000214;CUST0137;09/02/2024;531514;Makassar;Sulawesi Selatan;34158;GoPay;delivered;NEWUSER;46486;JNE
ORD000215;CUST0665;06/08/2023;425000;Surabaya;Jawa Timur;13951;OVO;delivered;;;Pos Indonesia
ORD000216;CUST0177;30/09/2024;537934;Bekasi;Jawa Barat;13735;OVO;delivered;HARBOLNAS22;11066;JNE
ORD000217;CUST0065;15/07/2024;228000;Pekanbaru;Riau;23877;Transfer Bank;delivered;;;SiCepat
ORD000218;CUST0303;26/07/2023;1215000;Surabaya;Jawa Timur;12505;QRIS;delivered;;;J&T
ORD000219;CUST0785;05/11/2024;698000;Balikpapan;Kalimantan Timur;35068;GoPay;returned;;;J&T
ORD000220;CUST0469;30/07/2024;697000;Surabaya;Jawa Timur;15031;Kartu Kredit;delivered;;;J&T
ORD000221;CUST0048;13/11/2023;49000;Pekanbaru;Riau;23507;Transfer Bank;cancelled;;;J&T
ORD000222;CUST0231;26/01/2025;378000;Makassar;Sulawesi Selatan;35307;Transfer Bank;shipped;;;Anteraja
ORD000223;CUST0779;18/07/2023;367000;Medan;Sumatera Utara;34076;Transfer Bank;delivered;;;J&T
ORD000224;CUST0553;17/09/2023;277164;Manado;Sulawesi Utara;33938;GoPay;returned;WEEKEND25;21836;SiCepat
ORD000225;CUST0372;19/02/2023;685000;Bandung;Jawa Barat;13088;Transfer Bank;delivered;;;JNE
ORD000226;CUST0192;03/05/2023;2295000;Bandung;Jawa Barat;10047;Kartu Kredit;returned;;;J&T
ORD000227;CUST0468;22/02/2023;229972;Surabaya;Jawa Timur;15999;Transfer Bank;shipped;WEEKEND25;19028;SiCepat
ORD000228;CUST0447;05/03/2023;188000;Palembang;Sumatera Selatan;29823;GoPay;delivered;;;J&T
ORD000229;CUST0355;16/06/2024;318000;Surabaya;Jawa Timur;14612;GoPay;delivered;;;JNE
ORD000230;CUST0752;13/11/2022;1176360;Palembang;Sumatera Selatan;33536;Kartu Kredit;delivered;HARI BELANJA;21640;Pos Indonesia
ORD000231;CUST0516;20/09/2023;329000;Denpasar;Bali;31814;Kartu Kredit;delivered;;;JNE
ORD000232;CUST0735;05/02/2023;557000;Bandung;Jawa Barat;13190;QRIS;delivered;;;Anteraja
ORD000233;CUST0657;03/01/2024;516000;Padang;Sumatera Barat;30091;QRIS;shipped;;;SiCepat
ORD000234;CUST0233;02/02/2025;1996000;Makassar;Sulawesi Selatan;33270;Transfer Bank;delivered;;;SiCepat
ORD000235;CUST0670;19/09/2022;1098000;Bogor;Jawa Barat;14602;OVO;shipped;;;JNE
ORD000236;CUST0423;09/10/2023;424673;Padang;Sumatera Barat;31736;Kartu Kredit;delivered;RAMADAN23;12327;SiCepat
ORD000237;CUST0265;12/03/2023;59000;Semarang;Jawa Tengah;17439;OVO;delivered;;;JNE
ORD000238;CUST0746;17/05/2023;537000;Pekanbaru;Riau;25964;GoPay;cancelled;;;J&T
ORD000239;CUST0764;19/04/2023;509400;Pontianak;Kalimantan Barat;39759;QRIS;cancelled;MEMBER10;36600;Anteraja
ORD000240;CUST0142;11/06/2024;38550;Pontianak;Kalimantan Barat;41374;GoPay;delivered;WEEKEND25;20450;JNE
ORD000241;CUST0211;27/12/2024;349673;Denpasar;Bali;20557;GoPay;delivered;HARBOLNAS22;49327;SiCepat
ORD000242;CUST0105;03/02/2024;337000;Padang;Sumatera Barat;36761;GoPay;delivered;;;SiCepat
ORD000243;CUST0399;06/12/2022;68958;Banjarmasin;Kalimantan Selatan;28389;GoPay;shipped;SALE2024;10042;Anteraja
ORD000244;CUST0085;15/03/2024;157001;Manado;Sulawesi Utara;37854;Kartu Kredit;delivered;NEWUSER;21999;JNE
ORD000245;CUST0356;15/02/2025;99000;Depok;Jawa Barat;11783;Transfer Bank;delivered;;;Pos Indonesia
ORD000246;CUST0475;30/01/2024;279000;Palembang;Sumatera Selatan;34175;OVO;delivered;;;JNE
ORD000247;CUST0295;10/01/2025;498000;Manado;Sulawesi Utara;32199;Transfer Bank;cancelled;;;JNE
ORD000248;CUST0439;23/10/2022;551254;Malang;Jawa Timur;14527;Transfer Bank;delivered;SALE2024;45746;SiCepat
ORD000249;CUST0368;30/04/2023;747000;Yogyakarta;DI Yogyakarta;17645;GoPay;delivered;;;J&T
ORD000250;CUST0592;13/01/2022;298000;Bandung;Jawa Barat;14485;Transfer Bank;delivered;;;SiCepat
ORD000251;CUST0491;22/12/2024;528000;Yogyakarta;DI Yogyakarta;14784;OVO;delivered;;;JNE
ORD000252;CUST0777;11/03/2024;126965;Medan;Sumatera Utara;28571;Transfer Bank;delivered;WEEKEND25;22035;JNE
ORD000253;CUST0293;09/09/2022;849559;Tangerang;Banten;9500;OVO;shipped;HARBOLNAS22;47441;J&T
ORD000254;CUST0041;27/07/2024;598000;Manado;Sulawesi Utara;37835;Transfer Bank;shipped;;;Pos Indonesia
ORD000255;CUST0120;15/07/2022;199000;Pontianak;Kalimantan Barat;30229;OVO;delivered;;;Anteraja
ORD000256;CUST0577;15/09/2024;208000;Tangerang;Banten;13633;Kartu Kredit;delivered;;;J&T
ORD000257;CUST0247;26/03/2023;597000;Yogyakarta;DI Yogyakarta;18687;Transfer Bank;delivered;;;J&T
ORD000258;CUST0712;30/01/2024;463575;Padang;Sumatera Barat;25488;Kartu Kredit;processing;SALE2024;14425;JNE
ORD000259;CUST0362;17/01/2025;267222;Jakarta;DKI Jakarta;10002;OVO;shipped;FLASHSALE;31778;J&T
ORD000260;CUST0564;19/12/2024;948000;Manado;Sulawesi Utara;44281;GoPay;returned;;;JNE
ORD000261;CUST0792;16/04/2023;329000;Palembang;Sumatera Selatan;33458;OVO;delivered;;;J&T
ORD000262;CUST0177;11/05/2024;99697;Malang;Jawa Timur;21096;Transfer Bank;delivered;NEWUSER;29303;J&T
ORD000263;CUST0550;05/04/2022;1715000;Depok;Jawa Barat;10273;Transfer Bank;delivered;;;JNE
ORD000264;CUST0592;23/04/2024;538443;Bandung;Jawa Barat;11036;OVO;shipped;SALE2024;18557;JNE
ORD000265;CUST0735;28/06/2023;267000;Medan;Sumatera Utara;28992;GoPay;delivered;;;Anteraja
ORD000266;CUST0406;27/11/2023;119000;Jakarta;DKI Jakarta;10929;Kartu Kredit;delivered;;;SiCepat
ORD000267;CUST0626;25/03/2024;408856;Jakarta;DKI Jakarta;8093;OVO;returned;SALE2024;48144;JNE
ORD000268;CUST0768;04/01/2025;45695;Jakarta;DKI Jakarta;9079;Transfer Bank;returned;RAMADAN23;23305;J&T
ORD000269;CUST0122;17/01/2023;1372273;Bandung;Jawa Barat;13324;OVO;delivered;WEEKEND25;33727;SiCepat
ORD000270;CUST0371;10/10/2022;279000;Bandung;Jawa Barat;12086;GoPay;delivered;;;Pos Indonesia
ORD000271;CUST0194;14/10/2024;399000;Tangerang;Banten;11476;OVO;delivered;;;J&T
ORD000272;CUST0121;09/03/2022;747000;Manado;Sulawesi Utara;38732;OVO;cancelled;;;SiCepat
ORD000273;CUST0041;31/08/2024;158000;Pontianak;Kalimantan Barat;29607;OVO;cancelled;;;JNE
ORD000274;CUST0674;13/11/2024;712101;Banjarmasin;Kalimantan Selatan;31293;OVO;processing;HARBOLNAS22;33899;Anteraja
ORD000275;CUST0545;09/04/2023;605000;Surabaya;Jawa Timur;17648;Transfer Bank;delivered;;;SiCepat
ORD000276;CUST0798;19/12/2024;637000;Yogyakarta;DI Yogyakarta;17090;GoPay;delivered;;;J&T
ORD000277;CUST0278;20/12/2023;153907;Balikpapan;Kalimantan Timur;36263;QRIS;delivered;HARBOLNAS22;45093;JNE
ORD000278;CUST0715;27/02/2025;598000;Malang;Jawa Timur;18161;Transfer Bank;delivered;;;SiCepat
ORD000279;CUST0187;01/04/2022;826000;Surabaya;Jawa Timur;14262;Transfer Bank;delivered;;;SiCepat
ORD000280;CUST0272;07/10/2024;89000;Denpasar;Bali;22579;QRIS;processing;;;J&T
ORD000281;CUST0464;22/04/2024;89000;Banjarmasin;Kalimantan Selatan;31702;Transfer Bank;cancelled;;;Anteraja
ORD000282;CUST0365;30/01/2025;577000;Padang;Sumatera Barat;30035;OVO;delivered;;;Anteraja
ORD000283;CUST0757;29/07/2024;299000;Padang;Sumatera Barat;28255;Transfer Bank;shipped;;;Anteraja
ORD000284;CUST0168;01/11/2024;362766;Banjarmasin;Kalimantan Selatan;34732;Kartu Kredit;cancelled;WEEKEND25;36234;SiCepat
ORD000285;CUST0699;07/04/2023;1522617;Medan;Sumatera Utara;26826;Transfer Bank;delivered;HARBOLNAS22;12383;SiCepat
ORD000286;CUST0026;28/02/2025;805000;Depok;Jawa Barat;10048;Transfer Bank;delivered;;;J&T
ORD000287;CUST0127;25/04/2024;75046;Depok;Jawa Barat;9711;GoPay;delivered;SALE2024;43954;JNE
ORD000288;CUST0795;01/12/2023;349000;Jakarta;DKI Jakarta;8763;OVO;shipped;;;J&T
ORD000289;CUST0361;22/11/2024;363172;Pekanbaru;Riau;25844;Transfer Bank;delivered;MEMBER10;33828;SiCepat
ORD000290;CUST0486;26/04/2024;556000;Yogyakarta;DI Yogyakarta;14058;Transfer Bank;delivered;;;J&T
ORD000291;CUST0399;25/02/2024;402413;Banjarmasin;Kalimantan Selatan;30595;Kartu Kredit;delivered;NEWUSER;46587;JNE
ORD000292;CUST0695;23/03/2024;926000;Balikpapan;Kalimantan Timur;44074;GoPay;processing;;;SiCepat
ORD000293;CUST0135;23/04/2022;496000;Makassar;Sulawesi Selatan;32644;QRIS;delivered;;;SiCepat
ORD000294;CUST0759;27/12/2024;199000;Malang;Jawa Timur;19614;OVO;delivered;;;SiCepat
ORD000295;CUST0633;07/02/2025;678000;Balikpapan;Kalimantan Timur;30807;QRIS;delivered;;;Anteraja
ORD000296;CUST0279;09/08/2023;133599;Surabaya;Jawa Timur;13935;Transfer Bank;shipped;RAMADAN23;24401;JNE
ORD000297;CUST0794;22/07/2023;27796;Pekanbaru;Riau;26699;OVO;delivered;MEMBER10;41204;SiCepat
ORD000298;CUST0047;19/05/2023;79000;Malang;Jawa Timur;15427;QRIS;shipped;;;J&T
ORD000299;CUST0690;09/07/2023;129000;Padang;Sumatera Barat;34985;Transfer Bank;shipped;;;J&T
ORD000300;CUST0190;26/01/2022;179000;Surabaya;Jawa Timur;14077;Transfer Bank;returned;;;SiCepat
ORD000301;CUST0092;07/02/2022;1036000;Bandung;Jawa Barat;13522;QRIS;shipped;;;J&T
ORD000302;CUST0076;29/08/2023;451201;Tangerang;Banten;9654;Kartu Kredit;returned;FLASHSALE;47799;JNE
ORD000303;CUST0544;21/08/2024;338000;Manado;Sulawesi Utara;37773;Transfer Bank;shipped;;;JNE
ORD000304;CUST0392;01/04/2023;257131;Manado;Sulawesi Utara;42435;GoPay;delivered;FLASHSALE;41869;JNE
ORD000305;CUST0388;19/05/2023;597000;Pontianak;Kalimantan Barat;41099;QRIS;delivered;;;SiCepat
ORD000306;CUST0314;25/11/2023;161041;Medan;Sumatera Utara;31568;Transfer Bank;delivered;FLASHSALE;37959;J&T
ORD000307;CUST0708;28/02/2025;11970;Medan;Sumatera Utara;25377;GoPay;delivered;MEMBER10;47030;SiCepat
ORD000308;CUST0437;15/08/2024;129000;Pekanbaru;Riau;32403;OVO;delivered;;;J&T
ORD000309;CUST0608;06/01/2023;89996;Manado;Sulawesi Utara;33804;Transfer Bank;delivered;FLASHSALE;29004;J&T
ORD000310;CUST0538;27/09/2024;955000;Depok;Jawa Barat;11747;OVO;delivered;;;JNE
ORD000311;CUST0300;23/05/2024;1087317;Medan;Sumatera Utara;26195;Kartu Kredit;delivered;HARI BELANJA;28683;JNE
ORD000312;CUST0232;29/05/2024;898000;Bandung;Jawa Barat;10140;GoPay;shipped;;;SiCepat
ORD000313;CUST0620;30/12/2024;979541;Yogyakarta;DI Yogyakarta;17715;OVO;delivered;HARI BELANJA;18459;SiCepat
ORD000314;CUST0063;28/02/2024;349000;Pekanbaru;Riau;22710;GoPay;delivered;;;Anteraja
ORD000315;CUST0380;05/10/2023;51870;Makassar;Sulawesi Selatan;30610;Transfer Bank;delivered;NEWUSER;47130;JNE
ORD000316;CUST0056;29/03/2024;497000;Denpasar;Bali;25828;Transfer Bank;processing;;;JNE
ORD000317;CUST0644;31/08/2024;276604;Medan;Sumatera Utara;32049;QRIS;delivered;MEMBER10;22396;J&T
ORD000318;CUST0266;13/07/2024;483227;Jakarta;DKI Jakarta;8296;Transfer Bank;delivered;NEWUSER;22773;J&T
ORD000319;CUST0318;09/03/2023;798000;Balikpapan;Kalimantan Timur;40748;Transfer Bank;delivered;;;SiCepat
ORD000320;CUST0554;18/01/2024;1426000;Semarang;Jawa Tengah;17334;GoPay;shipped;;;JNE
ORD000321;CUST0499;03/05/2023;49000;Tangerang;Banten;10542;QRIS;delivered;;;SiCepat
ORD000322;CUST0376;06/01/2025;203680;Pontianak;Kalimantan Barat;32592;GoPay;delivered;SALE2024;25320;J&T
ORD000323;CUST0010;11/03/2022;229000;Manado;Sulawesi Utara;33766;Transfer Bank;cancelled;;;JNE
ORD000324;CUST0752;29/11/2024;102674;Palembang;Sumatera Selatan;29475;GoPay;processing;FLASHSALE;26326;J&T
ORD000325;CUST0767;21/05/2022;1378362;Palembang;Sumatera Selatan;22918;Transfer Bank;cancelled;MEMBER10;18638;Anteraja
ORD000326;CUST0048;15/05/2022;49000;Pekanbaru;Riau;31527;Kartu Kredit;processing;;;Anteraja
ORD000327;CUST0678;02/05/2024;229000;Surabaya;Jawa Timur;15599;Kartu Kredit;shipped;;;Anteraja
ORD000328;CUST0105;21/08/2024;208000;Padang;Sumatera Barat;32113;GoPay;delivered;;;JNE
ORD000329;CUST0550;05/08/2024;293751;Depok;Jawa Barat;12843;OVO;delivered;FLASHSALE;35249;Anteraja
ORD000330;CUST0404;23/05/2024;49000;Makassar;Sulawesi Selatan;38308;OVO;delivered;;;JNE
ORD000331;CUST0079;05/02/2024;747000;Pontianak;Kalimantan Barat;28772;Transfer Bank;delivered;;;J&T
ORD000332;CUST0761;30/11/2024;398000;Bandung;Jawa Barat;13722;Kartu Kredit;cancelled;;;J&T
ORD000333;CUST0258;20/03/2024;427193;Yogyakarta;DI Yogyakarta;19261;Transfer Bank;delivered;MEMBER10;19807;JNE
ORD000334;CUST0148;13/03/2022;796980;Surabaya;Jawa Timur;17612;Kartu Kredit;delivered;MEMBER10;39020;SiCepat
ORD000335;CUST0019;16/09/2023;348000;Malang;Jawa Timur;18752;QRIS;delivered;;;J&T
ORD000336;CUST0358;07/06/2022;229000;Bekasi;Jawa Barat;12671;GoPay;shipped;;;Anteraja
ORD000337;CUST0759;09/04/2023;1984180;Malang;Jawa Timur;21547;GoPay;delivered;SALE2024;11820;JNE
ORD000338;CUST0670;30/12/2023;1176000;Bogor;Jawa Barat;14853;Transfer Bank;delivered;;;Anteraja
ORD000339;CUST0412;15/04/2023;252013;Depok;Jawa Barat;10262;OVO;delivered;FLASHSALE;26987;SiCepat
ORD000340;CUST0639;22/11/2024;698000;Bekasi;Jawa Barat;9795;Transfer Bank;shipped;;;JNE
ORD000341;CUST0722;27/02/2024;121721;Jakarta;DKI Jakarta;8724;Kartu Kredit;delivered;FLASHSALE;45279;SiCepat
ORD000342;CUST0158;14/09/2024;79000;Bandung;Jawa Barat;13288;Transfer Bank;delivered;;;SiCepat
ORD000343;CUST0399;25/05/2023;263871;Banjarmasin;Kalimantan Selatan;41710;OVO;delivered;FLASHSALE;44129;J&T
ORD000344;CUST0336;21/07/2024;481674;Jakarta;DKI Jakarta;11873;Kartu Kredit;shipped;SALE2024;17326;SiCepat
ORD000345;CUST0626;26/07/2022;69000;Jakarta;DKI Jakarta;8307;Transfer Bank;delivered;;;SiCepat
ORD000346;CUST0116;31/08/2023;79000;Malang;Jawa Timur;21208;OVO;cancelled;;;Anteraja
ORD000347;CUST0603;09/10/2024;111328;Padang;Sumatera Barat;32631;Transfer Bank;delivered;WEEKEND25;37672;SiCepat
ORD000348;CUST0420;24/12/2022;238748;Makassar;Sulawesi Selatan;30034;Transfer Bank;delivered;RAMADAN23;10252;JNE
ORD000349;CUST0330;26/06/2024;97799;Semarang;Jawa Tengah;14001;Kartu Kredit;cancelled;WEEKEND25;21201;J&T
ORD000350;CUST0676;02/10/2024;328000;Yogyakarta;DI Yogyakarta;16261;GoPay;delivered;;;SiCepat
ORD000351;CUST0514;22/07/2024;249000;Pontianak;Kalimantan Barat;31339;Transfer Bank;delivered;;;Anteraja
ORD000352;CUST0556;06/02/2025;399000;Depok;Jawa Barat;9858;Transfer Bank;delivered;;;Pos Indonesia
ORD000353;CUST0161;23/04/2023;69000;Depok;Jawa Barat;9812;OVO;processing;;;SiCepat
ORD000354;CUST0065;23/06/2024;387000;Jakarta;DKI Jakarta;9663;QRIS;delivered;;;J&T
ORD000355;CUST0552;27/11/2024;737000;Padang;Sumatera Barat;36620;Transfer Bank;delivered;;;SiCepat
ORD000356;CUST0547;23/09/2024;218000;Semarang;Jawa Tengah;17412;GoPay;shipped;;;JNE
ORD000357;CUST0547;20/03/2023;337409;Manado;Sulawesi Utara;33543;Transfer Bank;delivered;WEEKEND25;10591;J&T
ORD000358;CUST0783;29/05/2023;668377;Tangerang;Banten;13979;Transfer Bank;delivered;HARI BELANJA;47623;J&T
ORD000359;CUST0634;18/01/2023;578000;Pekanbaru;Riau;31753;GoPay;shipped;;;J&T
ORD000360;CUST0623;04/05/2024;119000;Manado;Sulawesi Utara;35973;Transfer Bank;delivered;;;Anteraja
ORD000361;CUST0547;10/07/2022;386251;Semarang;Jawa Tengah;16372;Transfer Bank;delivered;HARBOLNAS22;20749;JNE
ORD000362;CUST0409;02/08/2022;1416965;Bekasi;Jawa Barat;11374;OVO;cancelled;NEWUSER;10035;JNE
ORD000363;CUST0570;18/10/2024;321737;Makassar;Sulawesi Selatan;40907;Kartu Kredit;delivered;RAMADAN23;46263;J&T
ORD000364;CUST0356;01/04/2023;449000;Depok;Jawa Barat;12662;Kartu Kredit;cancelled;;;JNE
ORD000365;CUST0413;12/10/2022;212522;Padang;Sumatera Barat;24283;QRIS;returned;HARI BELANJA;45478;J&T
ORD000366;CUST0681;14/05/2024;586954;Surabaya;Jawa Timur;12424;GoPay;delivered;HARBOLNAS22;12046;SiCepat
ORD000367;CUST0116;14/04/2024;229000;Malang;Jawa Timur;19635;Transfer Bank;delivered;;;Anteraja
ORD000368;CUST0045;22/05/2023;980344;Bandung;Jawa Barat;13456;OVO;cancelled;SALE2024;17656;SiCepat
ORD000369;CUST0332;28/02/2025;1969052;Palembang;Sumatera Selatan;27167;QRIS;processing;HARBOLNAS22;26948;JNE
ORD000370;CUST0511;10/07/2023;199000;Pontianak;Kalimantan Barat;39218;Kartu Kredit;delivered;;;JNE
ORD000371;CUST0238;01/06/2024;329000;Medan;Sumatera Utara;26340;QRIS;delivered;;;SiCepat
ORD000372;CUST0611;08/12/2022;1017000;Makassar;Sulawesi Selatan;40787;Transfer Bank;delivered;;;Anteraja
ORD000373;CUST0549;08/12/2024;129829;Bekasi;Jawa Barat;13552;GoPay;shipped;FLASHSALE;19171;J&T
ORD000374;CUST0730;13/02/2024;498000;Padang;Sumatera Barat;32230;GoPay;delivered;;;JNE
ORD000375;CUST0653;20/05/2022;154337;Denpasar;Bali;27343;GoPay;delivered;HARI BELANJA;44663;JNE
ORD000376;CUST0750;10/12/2024;1142541;Bogor;Jawa Barat;13778;Transfer Bank;delivered;HARI BELANJA;43459;SiCepat
ORD000377;CUST0548;04/04/2022;118000;Bekasi;Jawa Barat;12451;Transfer Bank;processing;;;SiCepat
ORD000378;CUST0438;17/02/2025;426945;Surabaya;Jawa Timur;13434;Kartu Kredit;delivered;WEEKEND25;22055;J&T
ORD000379;CUST0324;06/06/2024;753680;Balikpapan;Kalimantan Timur;41329;GoPay;delivered;HARI BELANJA;22320;SiCepat
ORD000380;CUST0300;16/07/2023;422354;Medan;Sumatera Utara;32851;GoPay;delivered;MEMBER10;34646;JNE
ORD000381;CUST0645;29/05/2024;59000;Manado;Sulawesi Utara;41987;OVO;delivered;;;JNE
ORD000382;CUST0492;18/01/2023;957997;Bekasi;Jawa Barat;10341;Transfer Bank;delivered;MEMBER10;40003;J&T
ORD000383;CUST0597;18/03/2023;848740;Tangerang;Banten;13016;GoPay;shipped;HARI BELANJA;48260;J&T
ORD000384;CUST0474;22/10/2024;665457;Bandung;Jawa Barat;11127;Transfer Bank;delivered;MEMBER10;31543;SiCepat
ORD000385;CUST0102;14/04/2024;89000;Makassar;Sulawesi Selatan;44317;Transfer Bank;returned;;;Pos Indonesia
ORD000386;CUST0215;25/06/2024;906000;Banjarmasin;Kalimantan Selatan;36787;Transfer Bank;delivered;;;JNE
ORD000387;CUST0024;22/10/2024;367000;Manado;Sulawesi Utara;42326;Kartu Kredit;processing;;;J&T
ORD000388;CUST0600;03/06/2023;1105691;Pontianak;Kalimantan Barat;38764;GoPay;delivered;WEEKEND25;11309;SiCepat
ORD000389;CUST0765;19/02/2024;654092;Makassar;Sulawesi Selatan;39576;Transfer Bank;delivered;FLASHSALE;32908;Anteraja
ORD000390;CUST0125;02/07/2023;1016000;Manado;Sulawesi Utara;43306;GoPay;processing;;;SiCepat
ORD000391;CUST0212;30/06/2023;833045;Semarang;Jawa Tengah;16349;GoPay;delivered;NEWUSER;13955;J&T
ORD000392;CUST0722;18/06/2022;53714;Jakarta;DKI Jakarta;11579;QRIS;processing;FLASHSALE;35286;J&T
ORD000393;CUST0385;19/08/2023;299000;Surabaya;Jawa Timur;14840;Kartu Kredit;delivered;;;J&T
ORD000394;CUST0246;15/03/2023;304841;Depok;Jawa Barat;10297;GoPay;delivered;SALE2024;44159;SiCepat
ORD000395;CUST0085;09/05/2023;748000;Pontianak;Kalimantan Barat;39547;OVO;delivered;;;Anteraja
ORD000396;CUST0651;27/02/2025;1072334;Pontianak;Kalimantan Barat;34116;QRIS;delivered;WEEKEND25;23666;SiCepat
ORD000397;CUST0433;28/09/2022;936000;Manado;Sulawesi Utara;42383;Transfer Bank;delivered;;;JNE
ORD000398;CUST0589;16/07/2024;458000;Jakarta;DKI Jakarta;10847;Kartu Kredit;cancelled;;;Anteraja
ORD000399;CUST0285;25/02/2025;179000;Bekasi;Jawa Barat;11620;Kartu Kredit;delivered;;;Anteraja
ORD000400;CUST0140;15/02/2024;914000;Bekasi;Jawa Barat;10610;Transfer Bank;returned;;;SiCepat
ORD000401;CUST0036;19/04/2023;572946;Balikpapan;Kalimantan Timur;38564;QRIS;delivered;NEWUSER;24054;JNE
ORD000402;CUST0415;15/08/2023;1097000;Bekasi;Jawa Barat;11056;Transfer Bank;shipped;;;SiCepat
ORD000403;CUST0024;13/03/2023;385717;Makassar;Sulawesi Selatan;34333;Kartu Kredit;returned;RAMADAN23;12283;Anteraja
ORD000404;CUST0742;15/08/2024;531901;Bandung;Jawa Barat;12199;Kartu Kredit;delivered;NEWUSER;46099;JNE
ORD000405;CUST0659;16/10/2022;628000;Palembang;Sumatera Selatan;27071;Transfer Bank;shipped;;;JNE
ORD000406;CUST0155;28/05/2024;1176000;Bogor;Jawa Barat;11676;Transfer Bank;delivered;;;Pos Indonesia
ORD000407;CUST0177;18/02/2023;614325;Surabaya;Jawa Timur;12290;Transfer Bank;delivered;SALE2024;13675;J&T
ORD000408;CUST0156;20/01/2024;249000;Manado;Sulawesi Utara;44983;Transfer Bank;cancelled;;;J&T
ORD000409;CUST0557;11/01/2024;212832;Tangerang;Banten;13955;GoPay;delivered;HARI BELANJA;24168;J&T
ORD000410;CUST0631;25/04/2023;428000;Medan;Sumatera Utara;35720;GoPay;delivered;;;JNE
ORD000411;CUST0671;06/03/2023;1004939;Malang;Jawa Timur;20588;Kartu Kredit;delivered;RAMADAN23;41061;Anteraja
ORD000412;CUST0007;08/05/2023;185566;Medan;Sumatera Utara;27370;Kartu Kredit;processing;SALE2024;32434;JNE
ORD000413;CUST0186;09/10/2023;179000;Semarang;Jawa Tengah;13162;QRIS;cancelled;;;SiCepat
ORD000414;CUST0486;20/07/2024;499503;Yogyakarta;DI Yogyakarta;18524;Transfer Bank;shipped;HARI BELANJA;49497;J&T
ORD000415;CUST0308;22/01/2024;88051;Denpasar;Bali;25651;Kartu Kredit;delivered;RAMADAN23;30949;J&T
ORD000416;CUST0550;06/02/2024;828000;Balikpapan;Kalimantan Timur;44431;GoPay;processing;;;JNE
ORD000417;CUST0527;07/03/2024;102002;Malang;Jawa Timur;14481;QRIS;delivered;RAMADAN23;46998;JNE
ORD000418;CUST0113;10/08/2024;258000;Palembang;Sumatera Selatan;31293;Transfer Bank;delivered;;;JNE
ORD000419;CUST0207;21/12/2023;89000;Surabaya;Jawa Timur;13616;Kartu Kredit;returned;;;JNE
ORD000420;CUST0041;08/02/2024;998000;Manado;Sulawesi Utara;40647;GoPay;delivered;;;JNE
ORD000421;CUST0504;05/12/2024;62569;Tangerang;Banten;11693;Transfer Bank;delivered;MEMBER10;36431;JNE
ORD000422;CUST0465;20/02/2023;229000;Surabaya;Jawa Timur;16228;GoPay;processing;;;J&T
ORD000423;CUST0024;13/02/2024;199000;Makassar;Sulawesi Selatan;42146;OVO;processing;;;JNE
ORD000424;CUST0545;24/02/2025;298000;Balikpapan;Kalimantan Timur;30732;GoPay;delivered;;;SiCepat
ORD000425;CUST0561;13/05/2023;658793;Yogyakarta;DI Yogyakarta;13415;Transfer Bank;delivered;NEWUSER;39207;SiCepat
ORD000426;CUST0085;11/01/2025;318000;Pontianak;Kalimantan Barat;37898;OVO;delivered;;;JNE
ORD000427;CUST0681;07/06/2022;192496;Surabaya;Jawa Timur;13959;Transfer Bank;delivered;MEMBER10;36504;J&T
ORD000428;CUST0443;02/12/2023;414358;Depok;Jawa Barat;13509;Transfer Bank;cancelled;NEWUSER;43642;SiCepat
ORD000429;CUST0458;31/05/2024;149000;Depok;Jawa Barat;12203;Transfer Bank;delivered;;;J&T
ORD000430;CUST0479;21/06/2023;552299;Bogor;Jawa Barat;12552;Transfer Bank;cancelled;RAMADAN23;46701;J&T
ORD000431;CUST0143;04/06/2024;328000;Medan;Sumatera Utara;36249;GoPay;delivered;;;JNE
ORD000432;CUST0408;02/01/2022;349000;Denpasar;Bali;22832;Transfer Bank;delivered;;;J&T
ORD000433;CUST0470;24/02/2022;1086000;Yogyakarta;DI Yogyakarta;14642;QRIS;delivered;;;SiCepat
ORD000434;CUST0733;24/08/2023;478000;Makassar;Sulawesi Selatan;42311;GoPay;returned;;;SiCepat
ORD000435;CUST0671;15/03/2023;175568;Malang;Jawa Timur;15792;Kartu Kredit;delivered;HARI BELANJA;23432;SiCepat
ORD000436;CUST0750;09/03/2023;234990;Bogor;Jawa Barat;14573;QRIS;delivered;HARI BELANJA;22010;Pos Indonesia
ORD000437;CUST0404;17/01/2023;700211;Makassar;Sulawesi Selatan;36853;OVO;delivered;HARI BELANJA;36789;J&T
ORD000438;CUST0559;26/05/2023;355560;Bogor;Jawa Barat;13877;GoPay;delivered;RAMADAN23;43440;JNE
ORD000439;CUST0311;10/08/2024;178000;Makassar;Sulawesi Selatan;33855;GoPay;delivered;;;JNE
ORD000440;CUST0561;05/02/2023;278886;Yogyakarta;DI Yogyakarta;19476;OVO;processing;WEEKEND25;28114;SiCepat
ORD000441;CUST0290;25/02/2024;448000;Palembang;Sumatera Selatan;32986;OVO;delivered;;;JNE
ORD000442;CUST0240;22/06/2023;787000;Yogyakarta;DI Yogyakarta;15355;GoPay;cancelled;;;SiCepat
ORD000443;CUST0415;12/01/2023;329000;Medan;Sumatera Utara;25716;Transfer Bank;delivered;;;Anteraja
ORD000444;CUST0254;23/02/2024;268000;Balikpapan;Kalimantan Timur;35094;OVO;returned;;;J&T
ORD000445;CUST0518;07/01/2023;628000;Manado;Sulawesi Utara;43450;Transfer Bank;delivered;;;J&T
ORD000446;CUST0215;27/08/2023;698000;Banjarmasin;Kalimantan Selatan;29752;Kartu Kredit;delivered;;;JNE
ORD000447;CUST0776;25/03/2023;347383;Tangerang;Banten;9417;OVO;delivered;FLASHSALE;10617;J&T
ORD000448;CUST0644;15/04/2022;577000;Medan;Sumatera Utara;30532;GoPay;shipped;;;JNE
ORD000449;CUST0779;15/04/2022;187959;Medan;Sumatera Utara;31807;Transfer Bank;delivered;NEWUSER;49041;SiCepat
ORD000450;CUST0777;09/07/2024;258000;Medan;Sumatera Utara;37695;Transfer Bank;delivered;;;J&T
ORD000451;CUST0109;06/01/2024;215276;Malang;Jawa Timur;18481;Transfer Bank;shipped;MEMBER10;22724;J&T
ORD000452;CUST0787;31/07/2022;686695;Tangerang;Banten;9995;GoPay;delivered;HARI BELANJA;11305;Pos Indonesia
ORD000453;CUST0399;22/11/2024;526000;Banjarmasin;Kalimantan Selatan;35158;OVO;delivered;;;J&T
ORD000454;CUST0149;16/01/2023;628000;Semarang;Jawa Tengah;13618;GoPay;returned;;;Pos Indonesia
ORD000455;CUST0116;19/04/2024;129000;Malang;Jawa Timur;18438;Kartu Kredit;delivered;;;JNE
ORD000456;CUST0077;28/06/2024;218000;Medan;Sumatera Utara;27414;Transfer Bank;cancelled;;;J&T
ORD000457;CUST0237;28/10/2024;278987;Banjarmasin;Kalimantan Selatan;33076;GoPay;delivered;WEEKEND25;18013;J&T
ORD000458;CUST0328;11/09/2023;239220;Makassar;Sulawesi Selatan;42532;QRIS;delivered;RAMADAN23;18780;J&T
ORD000459;CUST0240;16/10/2024;209484;Yogyakarta;DI Yogyakarta;15796;GoPay;delivered;MEMBER10;38516;Anteraja
ORD000460;CUST0777;25/06/2024;430972;Medan;Sumatera Utara;37667;GoPay;delivered;HARI BELANJA;18028;J&T
ORD000461;CUST0371;25/05/2023;825830;Bandung;Jawa Barat;14354;QRIS;processing;HARBOLNAS22;22170;J&T
ORD000462;CUST0453;27/02/2023;34392;Malang;Jawa Timur;20935;GoPay;delivered;WEEKEND25;44608;JNE
ORD000463;CUST0413;06/02/2025;119000;Padang;Sumatera Barat;37662;GoPay;delivered;;;J&T
ORD000464;CUST0700;31/08/2023;108000;Banjarmasin;Kalimantan Selatan;41677;OVO;cancelled;;;JNE
ORD000465;CUST0224;24/07/2024;149000;Depok;Jawa Barat;12892;OVO;delivered;;;SiCepat
ORD000466;CUST0403;06/04/2024;449000;Surabaya;Jawa Timur;14741;Kartu Kredit;processing;;;JNE
ORD000467;CUST0619;07/08/2024;421033;Yogyakarta;DI Yogyakarta;19080;Transfer Bank;cancelled;FLASHSALE;36967;J&T
ORD000468;CUST0462;17/08/2022;449000;Depok;Jawa Barat;12795;GoPay;delivered;;;JNE
ORD000469;CUST0248;09/09/2024;99000;Pekanbaru;Riau;24964;GoPay;cancelled;;;SiCepat
ORD000470;CUST0180;16/01/2025;373251;Tangerang;Banten;9614;Kartu Kredit;processing;SALE2024;13749;SiCepat
ORD000471;CUST0799;29/10/2023;378000;Jakarta;DKI Jakarta;8467;Transfer Bank;processing;;;J&T
ORD000472;CUST0593;28/10/2022;1628926;Yogyakarta;DI Yogyakarta;13242;Kartu Kredit;shipped;HARI BELANJA;15074;Pos Indonesia
ORD000473;CUST0063;28/01/2023;1017000;Pekanbaru;Riau;29611;Kartu Kredit;processing;;;Anteraja
ORD000474;CUST0351;10/01/2024;1055000;Tangerang;Banten;10709;Transfer Bank;processing;;;JNE
ORD000475;CUST0455;30/04/2023;407000;Pekanbaru;Riau;30846;Transfer Bank;delivered;;;SiCepat
ORD000476;CUST0628;11/09/2024;678000;Jakarta;DKI Jakarta;10472;Transfer Bank;shipped;;;JNE
ORD000477;CUST0121;12/04/2024;119000;Manado;Sulawesi Utara;36890;QRIS;delivered;;;J&T
ORD000478;CUST0662;15/03/2023;229000;Balikpapan;Kalimantan Timur;40559;GoPay;returned;;;J&T
ORD000479;CUST0518;10/07/2024;149000;Bogor;Jawa Barat;14056;QRIS;processing;;;SiCepat
ORD000480;CUST0106;20/03/2024;294161;Palembang;Sumatera Selatan;25050;Kartu Kredit;cancelled;SALE2024;32839;SiCepat
ORD000481;CUST0198;01/03/2023;1147000;Palembang;Sumatera Selatan;27857;Transfer Bank;delivered;;;J&T
ORD000482;CUST0747;10/06/2023;1297000;Palembang;Sumatera Selatan;33762;OVO;delivered;;;Anteraja
ORD000483;CUST0774;29/04/2024;329000;Padang;Sumatera Barat;37923;Transfer Bank;cancelled;;;J&T
ORD000484;CUST0759;08/11/2024;349000;Malang;Jawa Timur;20812;QRIS;delivered;;;JNE
ORD000485;CUST0770;30/06/2024;481839;Pontianak;Kalimantan Barat;38072;Transfer Bank;delivered;HARBOLNAS22;35161;JNE
ORD000486;CUST0187;21/05/2024;129000;Surabaya;Jawa Timur;13664;QRIS;delivered;;;Pos Indonesia
ORD000487;CUST0720;12/08/2023;99000;Palembang;Sumatera Selatan;28566;Transfer Bank;delivered;;;Pos Indonesia
ORD000488;CUST0409;05/02/2023;229000;Bekasi;Jawa Barat;12487;Transfer Bank;processing;;;JNE
ORD000489;CUST0276;09/03/2023;446372;Balikpapan;Kalimantan Timur;32723;OVO;delivered;RAMADAN23;29628;SiCepat
ORD000490;CUST0244;17/01/2024;437000;Pekanbaru;Riau;31687;GoPay;delivered;;;J&T
ORD000491;CUST0261;11/11/2024;1297000;Banjarmasin;Kalimantan Selatan;36842;Kartu Kredit;delivered;;;SiCepat
ORD000492;CUST0204;25/01/2025;607000;Manado;Sulawesi Utara;41659;QRIS;delivered;;;JNE
ORD000493;CUST0059;21/06/2024;328000;Balikpapan;Kalimantan Timur;42851;GoPay;delivered;;;JNE
ORD000494;CUST0415;24/01/2024;898000;Bekasi;Jawa Barat;12259;GoPay;shipped;;;SiCepat
ORD000495;CUST0327;26/02/2024;107990;Denpasar;Bali;22765;OVO;delivered;WEEKEND25;21010;Anteraja
ORD000496;CUST0776;15/05/2024;1009663;Bekasi;Jawa Barat;12368;Transfer Bank;processing;MEMBER10;47337;Anteraja
ORD000497;CUST0588;26/01/2023;215552;Jakarta;DKI Jakarta;10876;OVO;delivered;FLASHSALE;13448;SiCepat
ORD000498;CUST0595;06/04/2023;233693;Surabaya;Jawa Timur;14335;OVO;delivered;NEWUSER;45307;JNE
ORD000499;CUST0635;10/03/2023;327000;Bandung;Jawa Barat;10711;QRIS;delivered;;;Anteraja
ORD000500;CUST0039;13/05/2023;1101041;Semarang;Jawa Tengah;17612;OVO;processing;FLASHSALE;24959;JNE
ORD000501;CUST0475;14/05/2023;89446;Palembang;Sumatera Selatan;28973;OVO;cancelled;MEMBER10;28554;SiCepat
ORD000502;CUST0730;10/07/2022;828000;Padang;Sumatera Barat;27277;OVO;delivered;;;JNE
ORD000503;CUST0398;31/08/2024;89000;Banjarmasin;Kalimantan Selatan;40321;Transfer Bank;cancelled;;;JNE
ORD000504;CUST0285;16/02/2024;299000;Bekasi;Jawa Barat;11786;Transfer Bank;delivered;;;JNE
ORD000505;CUST0177;02/03/2023;147030;Malang;Jawa Timur;18590;Transfer Bank;delivered;WEEKEND25;31970;SiCepat
ORD000506;CUST0202;19/07/2024;291605;Banjarmasin;Kalimantan Selatan;37343;Kartu Kredit;delivered;SALE2024;37395;J&T
ORD000507;CUST0573;23/05/2024;467000;Bogor;Jawa Barat;11620;GoPay;shipped;;;JNE
ORD000508;CUST0321;06/05/2023;121840;Makassar;Sulawesi Selatan;41896;Transfer Bank;delivered;RAMADAN23;27160;J&T
ORD000509;CUST0689;16/05/2023;764971;Bogor;Jawa Barat;10768;Transfer Bank;delivered;HARI BELANJA;33029;Pos Indonesia
ORD000510;CUST0426;28/07/2023;1376000;Makassar;Sulawesi Selatan;41131;Kartu Kredit;processing;;;J&T
ORD000511;CUST0624;05/01/2024;608000;Balikpapan;Kalimantan Timur;41399;Transfer Bank;processing;;;JNE
ORD000512;CUST0395;12/04/2022;881025;Makassar;Sulawesi Selatan;44455;GoPay;delivered;HARBOLNAS22;35975;JNE
ORD000513;CUST0495;07/11/2024;438000;Manado;Sulawesi Utara;38628;GoPay;processing;;;Anteraja
ORD000514;CUST0487;25/02/2025;213624;Medan;Sumatera Utara;25264;Kartu Kredit;delivered;HARBOLNAS22;35376;SiCepat
ORD000515;CUST0483;14/10/2024;725000;Padang;Sumatera Barat;35136;Kartu Kredit;shipped;;;SiCepat
ORD000516;CUST0023;10/11/2024;456000;Tangerang;Banten;10138;Kartu Kredit;shipped;;;JNE
ORD000517;CUST0412;01/08/2024;1247000;Depok;Jawa Barat;10687;Transfer Bank;delivered;;;JNE
ORD000518;CUST0182;27/09/2024;1365000;Bekasi;Jawa Barat;13641;Kartu Kredit;cancelled;;;J&T
ORD000519;CUST0239;24/08/2023;73292;Jakarta;DKI Jakarta;10186;GoPay;processing;NEWUSER;15708;SiCepat
ORD000520;CUST0691;10/06/2024;222702;Jakarta;DKI Jakarta;10620;OVO;delivered;FLASHSALE;45298;JNE
ORD000521;CUST0450;09/06/2023;937000;Banjarmasin;Kalimantan Selatan;30660;QRIS;delivered;;;J&T
ORD000522;CUST0711;03/12/2024;519536;Bekasi;Jawa Barat;13413;Transfer Bank;delivered;NEWUSER;17464;Anteraja
ORD000523;CUST0352;19/09/2024;178000;Surabaya;Jawa Timur;12843;GoPay;cancelled;;;Anteraja
ORD000524;CUST0794;02/08/2022;49230;Makassar;Sulawesi Selatan;36754;OVO;delivered;RAMADAN23;39770;Anteraja
ORD000525;CUST0164;06/09/2023;517000;Bandung;Jawa Barat;13396;OVO;shipped;;;SiCepat
ORD000526;CUST0594;21/01/2025;299000;Malang;Jawa Timur;19171;Transfer Bank;delivered;;;J&T
ORD000527;CUST0395;26/03/2024;546000;Makassar;Sulawesi Selatan;36421;Transfer Bank;delivered;;;J&T
ORD000528;CUST0200;09/05/2024;1257000;Pontianak;Kalimantan Barat;33342;Kartu Kredit;delivered;;;SiCepat
ORD000529;CUST0084;24/12/2023;1019705;Jakarta;DKI Jakarta;10711;QRIS;delivered;FLASHSALE;26295;JNE
ORD000530;CUST0010;19/05/2023;227144;Manado;Sulawesi Utara;43537;Transfer Bank;shipped;WEEKEND25;30856;SiCepat
ORD000531;CUST0137;10/12/2024;1230071;Surabaya;Jawa Timur;14907;Transfer Bank;processing;HARBOLNAS22;25929;JNE
ORD000532;CUST0410;27/05/2024;12058;Banjarmasin;Kalimantan Selatan;36958;Transfer Bank;delivered;WEEKEND25;36942;SiCepat
ORD000533;CUST0156;08/01/2025;727000;Manado;Sulawesi Utara;38244;GoPay;delivered;;;SiCepat
ORD000534;CUST0683;24/01/2025;785000;Semarang;Jawa Tengah;14101;Transfer Bank;delivered;;;JNE
ORD000535;CUST0583;07/03/2024;478000;Depok;Jawa Barat;13999;QRIS;cancelled;;;Anteraja
ORD000536;CUST0489;18/07/2024;485799;Depok;Jawa Barat;13058;GoPay;delivered;SALE2024;13201;Anteraja
ORD000537;CUST0536;20/02/2025;1137022;Medan;Sumatera Utara;30363;Transfer Bank;delivered;RAMADAN23;28978;JNE
ORD000538;CUST0305;23/11/2022;69000;Semarang;Jawa Tengah;15267;Transfer Bank;shipped;;;SiCepat
ORD000539;CUST0035;30/12/2024;456000;Bogor;Jawa Barat;11783;GoPay;delivered;;;J&T
ORD000540;CUST0034;14/09/2024;619696;Palembang;Sumatera Selatan;32999;GoPay;delivered;SALE2024;25304;SiCepat
ORD000541;CUST0345;19/01/2024;59000;Bogor;Jawa Barat;13507;OVO;processing;;;SiCepat
ORD000542;CUST0796;21/01/2024;560522;Tangerang;Banten;12295;GoPay;cancelled;WEEKEND25;47478;JNE
ORD000543;CUST0342;25/01/2025;380102;Pontianak;Kalimantan Barat;40001;OVO;processing;MEMBER10;17898;SiCepat
ORD000544;CUST0728;03/04/2023;164198;Malang;Jawa Timur;17949;OVO;delivered;SALE2024;14802;J&T
ORD000545;CUST0509;02/02/2025;258000;Manado;Sulawesi Utara;33411;Kartu Kredit;processing;;;JNE
ORD000546;CUST0598;19/02/2024;338000;Depok;Jawa Barat;12967;Transfer Bank;delivered;;;JNE
ORD000547;CUST0001;14/08/2024;1006000;Semarang;Jawa Tengah;16378;GoPay;delivered;;;JNE
ORD000548;CUST0645;18/12/2022;527000;Tangerang;Banten;9735;GoPay;delivered;;;SiCepat
ORD000549;CUST0076;17/06/2024;49000;Tangerang;Banten;11837;GoPay;delivered;;;SiCepat
ORD000550;CUST0635;08/06/2023;179000;Semarang;Jawa Tengah;12958;QRIS;delivered;;;J&T
ORD000551;CUST0013;29/06/2024;838428;Makassar;Sulawesi Selatan;38840;Transfer Bank;delivered;NEWUSER;48572;SiCepat
ORD000552;CUST0392;25/03/2023;329000;Surabaya;Jawa Timur;13954;GoPay;cancelled;;;J&T
ORD000553;CUST0022;18/09/2024;748340;Surabaya;Jawa Timur;15209;GoPay;shipped;WEEKEND25;18660;J&T
ORD000554;CUST0205;20/04/2022;179000;Malang;Jawa Timur;16159;Kartu Kredit;delivered;;;J&T
ORD000555;CUST0620;20/01/2024;428000;Yogyakarta;DI Yogyakarta;18566;OVO;delivered;;;SiCepat
ORD000556;CUST0149;04/07/2024;119000;Padang;Sumatera Barat;32800;Transfer Bank;delivered;;;JNE
ORD000557;CUST0115;02/07/2024;299000;Malang;Jawa Timur;17725;Kartu Kredit;shipped;;;JNE
ORD000558;CUST0008;12/05/2023;551018;Denpasar;Bali;24854;GoPay;shipped;FLASHSALE;25982;SiCepat
ORD000559;CUST0591;26/08/2023;477000;Pekanbaru;Riau;28687;Transfer Bank;delivered;;;JNE
ORD000560;CUST0142;24/02/2024;898000;Pontianak;Kalimantan Barat;28269;Transfer Bank;delivered;;;J&T
ORD000561;CUST0050;13/01/2023;470569;Padang;Sumatera Barat;30491;GoPay;delivered;WEEKEND25;27431;JNE
ORD000562;CUST0009;04/10/2024;107473;Semarang;Jawa Tengah;13772;OVO;delivered;SALE2024;11527;Pos Indonesia
ORD000563;CUST0623;23/03/2023;299000;Manado;Sulawesi Utara;39537;Kartu Kredit;delivered;;;SiCepat
ORD000564;CUST0402;23/10/2022;445127;Banjarmasin;Kalimantan Selatan;28704;Transfer Bank;returned;SALE2024;12873;J&T
ORD000565;CUST0327;20/09/2023;183306;Denpasar;Bali;24674;QRIS;delivered;FLASHSALE;44694;JNE
ORD000566;CUST0217;25/05/2023;449000;Denpasar;Bali;26654;Transfer Bank;delivered;;;SiCepat
ORD000567;CUST0323;01/07/2024;218000;Tangerang;Banten;12345;Transfer Bank;delivered;;;JNE
ORD000568;CUST0776;01/07/2023;687000;Bekasi;Jawa Barat;11894;Kartu Kredit;delivered;;;J&T
ORD000569;CUST0070;24/11/2023;327254;Balikpapan;Kalimantan Timur;31477;GoPay;processing;SALE2024;21746;J&T
ORD000570;CUST0262;08/04/2023;446000;Medan;Sumatera Utara;30039;GoPay;delivered;;;SiCepat
ORD000571;CUST0598;15/12/2022;1081550;Depok;Jawa Barat;9654;Kartu Kredit;cancelled;FLASHSALE;35450;SiCepat
ORD000572;CUST0127;29/04/2024;199000;Depok;Jawa Barat;13974;GoPay;shipped;;;J&T
ORD000573;CUST0791;24/04/2023;527586;Semarang;Jawa Tengah;15883;Kartu Kredit;delivered;NEWUSER;19414;JNE
ORD000574;CUST0707;16/12/2024;549000;Medan;Sumatera Utara;36183;Transfer Bank;delivered;;;Anteraja
ORD000575;CUST0137;27/03/2023;374331;Surabaya;Jawa Timur;15769;GoPay;cancelled;SALE2024;24669;SiCepat
ORD000576;CUST0739;21/06/2024;599000;Bekasi;Jawa Barat;10119;Transfer Bank;delivered;;;J&T
ORD000577;CUST0234;17/03/2024;987000;Pontianak;Kalimantan Barat;30265;Transfer Bank;delivered;;;SiCepat
ORD000578;CUST0340;11/02/2024;129000;Bekasi;Jawa Barat;10039;Kartu Kredit;delivered;;;Anteraja
ORD000579;CUST0207;04/04/2024;329000;Surabaya;Jawa Timur;17870;Kartu Kredit;processing;;;Pos Indonesia
ORD000580;CUST0641;30/03/2024;42668;Medan;Sumatera Utara;32362;GoPay;delivered;WEEKEND25;36332;Anteraja
ORD000581;CUST0306;30/01/2024;179000;Jakarta;DKI Jakarta;8849;OVO;delivered;;;J&T
ORD000582;CUST0312;03/05/2022;299000;Tangerang;Banten;9307;OVO;processing;;;JNE
ORD000583;CUST0445;17/06/2023;1016000;Makassar;Sulawesi Selatan;37429;GoPay;delivered;;;Anteraja
ORD000584;CUST0679;26/02/2025;400526;Padang;Sumatera Barat;30744;OVO;delivered;NEWUSER;48474;J&T
ORD000585;CUST0716;16/11/2024;308000;Yogyakarta;DI Yogyakarta;19870;GoPay;delivered;;;Pos Indonesia
ORD000586;CUST0323;28/01/2024;314031;Tangerang;Banten;10700;Transfer Bank;delivered;MEMBER10;34969;Anteraja
ORD000587;CUST0104;23/03/2022;716933;Jakarta;DKI Jakarta;10883;QRIS;delivered;MEMBER10;11067;SiCepat
ORD000588;CUST0005;22/03/2024;457000;Bekasi;Jawa Barat;10338;Transfer Bank;delivered;;;J&T
ORD000589;CUST0166;15/12/2023;349000;Tangerang;Banten;13027;Transfer Bank;delivered;;;J&T
ORD000590;CUST0560;11/01/2024;462733;Semarang;Jawa Tengah;14376;Transfer Bank;delivered;FLASHSALE;36267;J&T
ORD000591;CUST0314;20/10/2023;329000;Medan;Sumatera Utara;39251;QRIS;delivered;;;SiCepat
ORD000592;CUST0581;07/07/2024;181387;Balikpapan;Kalimantan Timur;33955;QRIS;cancelled;HARBOLNAS22;47613;Anteraja
ORD000593;CUST0145;13/07/2023;34742;Manado;Sulawesi Utara;33621;GoPay;delivered;HARI BELANJA;44258;J&T
ORD000594;CUST0409;29/06/2023;199000;Bekasi;Jawa Barat;9818;QRIS;delivered;;;J&T
ORD000595;CUST0346;26/07/2024;69173;Medan;Sumatera Utara;27175;Transfer Bank;delivered;MEMBER10;29827;JNE
ORD000596;CUST0267;19/09/2022;498000;Bekasi;Jawa Barat;11425;Transfer Bank;processing;;;SiCepat
ORD000597;CUST0018;27/04/2024;831401;Manado;Sulawesi Utara;39699;Kartu Kredit;shipped;NEWUSER;43599;J&T
ORD000598;CUST0659;02/03/2023;280735;Palembang;Sumatera Selatan;27452;OVO;delivered;HARBOLNAS22;48265;SiCepat
ORD000599;CUST0789;27/02/2023;629823;Palembang;Sumatera Selatan;31771;GoPay;processing;MEMBER10;17177;SiCepat
ORD000600;CUST0215;09/10/2023;168000;Banjarmasin;Kalimantan Selatan;32895;GoPay;delivered;;;JNE
ORD000601;CUST0587;21/11/2023;568288;Manado;Sulawesi Utara;36115;OVO;cancelled;MEMBER10;27712;J&T
ORD000602;CUST0151;26/01/2024;59000;Bekasi;Jawa Barat;9737;GoPay;delivered;;;Pos Indonesia
ORD000603;CUST0018;05/05/2023;89000;Manado;Sulawesi Utara;33578;OVO;delivered;;;J&T
ORD000604;CUST0117;17/02/2024;1130052;Denpasar;Bali;31251;GoPay;delivered;MEMBER10;16948;JNE
ORD000605;CUST0585;21/04/2023;149000;Makassar;Sulawesi Selatan;32757;QRIS;delivered;;;SiCepat
ORD000606;CUST0287;27/07/2023;398000;Denpasar;Bali;28459;Transfer Bank;processing;;;J&T
ORD000607;CUST0658;12/01/2025;59000;Banjarmasin;Kalimantan Selatan;41303;GoPay;cancelled;;;SiCepat
ORD000608;CUST0391;19/06/2024;377000;Pontianak;Kalimantan Barat;38204;GoPay;processing;;;Anteraja
ORD000609;CUST0515;05/01/2025;896000;Palembang;Sumatera Selatan;29725;OVO;delivered;;;JNE
ORD000610;CUST0643;22/01/2024;350115;Denpasar;Bali;27635;QRIS;delivered;NEWUSER;48885;SiCepat
ORD000611;CUST0538;18/09/2022;399000;Depok;Jawa Barat;9325;Kartu Kredit;shipped;;;J&T
ORD000612;CUST0060;12/05/2024;828000;Pekanbaru;Riau;31970;Kartu Kredit;shipped;;;JNE
ORD000613;CUST0538;31/03/2022;1356000;Depok;Jawa Barat;12923;GoPay;delivered;;;J&T
ORD000614;CUST0648;03/12/2024;1324260;Balikpapan;Kalimantan Timur;43226;GoPay;delivered;SALE2024;11740;J&T
ORD000615;CUST0665;30/01/2024;1000;Surabaya;Jawa Timur;17859;Kartu Kredit;returned;SALE2024;48000;JNE
ORD000616;CUST0569;20/09/2022;99000;Palembang;Sumatera Selatan;26503;QRIS;delivered;;;Anteraja
ORD000617;CUST0048;02/06/2023;559017;Pekanbaru;Riau;27372;GoPay;shipped;HARI BELANJA;38983;Anteraja
ORD000618;CUST0242;27/03/2024;717000;Semarang;Jawa Tengah;12820;GoPay;delivered;;;JNE
ORD000619;CUST0692;17/04/2024;998000;Depok;Jawa Barat;11295;Transfer Bank;delivered;;;Pos Indonesia
ORD000620;CUST0053;04/12/2024;59000;Malang;Jawa Timur;21669;Transfer Bank;shipped;;;J&T
ORD000621;CUST0333;27/07/2024;666000;Balikpapan;Kalimantan Timur;39858;Transfer Bank;delivered;;;SiCepat
ORD000622;CUST0797;14/06/2024;558000;Banjarmasin;Kalimantan Selatan;32315;GoPay;delivered;;;SiCepat
ORD000623;CUST0438;03/01/2025;1547586;Surabaya;Jawa Timur;13103;OVO;delivered;SALE2024;49414;SiCepat
ORD000624;CUST0721;15/11/2024;956274;Tangerang;Banten;13170;GoPay;delivered;MEMBER10;20726;SiCepat
ORD000625;CUST0233;03/05/2023;199000;Manado;Sulawesi Utara;44064;GoPay;delivered;;;SiCepat
ORD000626;CUST0025;10/01/2025;650454;Pekanbaru;Riau;28296;Kartu Kredit;shipped;HARI BELANJA;27546;J&T
ORD000627;CUST0759;14/01/2025;99000;Malang;Jawa Timur;14024;GoPay;cancelled;;;Anteraja
ORD000628;CUST0662;29/05/2024;157094;Palembang;Sumatera Selatan;34906;Kartu Kredit;processing;NEWUSER;41906;SiCepat
ORD000629;CUST0461;05/12/2023;420164;Bekasi;Jawa Barat;10027;GoPay;delivered;SALE2024;37836;SiCepat
ORD000630;CUST0650;01/12/2023;248000;Yogyakarta;DI Yogyakarta;18290;OVO;shipped;;;JNE
ORD000631;CUST0387;14/02/2025;149000;Jakarta;DKI Jakarta;8571;QRIS;shipped;;;Anteraja
ORD000632;CUST0132;08/12/2022;511854;Depok;Jawa Barat;13820;GoPay;delivered;HARBOLNAS22;16146;Pos Indonesia
ORD000633;CUST0486;03/10/2024;129000;Yogyakarta;DI Yogyakarta;18207;GoPay;processing;;;JNE
ORD000634;CUST0359;28/05/2022;210596;Bekasi;Jawa Barat;11953;GoPay;delivered;HARI BELANJA;18404;Anteraja
ORD000635;CUST0389;19/10/2023;637000;Pontianak;Kalimantan Barat;33844;OVO;shipped;;;Anteraja
ORD000636;CUST0450;26/05/2023;698000;Bandung;Jawa Barat;14979;Transfer Bank;delivered;;;Anteraja
ORD000637;CUST0352;07/12/2022;279000;Denpasar;Bali;24727;QRIS;delivered;;;J&T
ORD000638;CUST0587;25/08/2022;378000;Malang;Jawa Timur;15912;Transfer Bank;cancelled;;;JNE
ORD000639;CUST0153;09/02/2023;199000;Pontianak;Kalimantan Barat;37639;GoPay;delivered;;;J&T
ORD000640;CUST0297;10/06/2022;258000;Banjarmasin;Kalimantan Selatan;36119;OVO;delivered;;;J&T
ORD000641;CUST0062;18/12/2022;279000;Padang;Sumatera Barat;27984;Transfer Bank;delivered;;;JNE
ORD000642;CUST0548;04/11/2023;310555;Jakarta;DKI Jakarta;9990;Kartu Kredit;delivered;MEMBER10;18445;J&T
ORD000643;CUST0339;14/01/2024;375256;Semarang;Jawa Tengah;17338;Kartu Kredit;delivered;MEMBER10;21744;J&T
ORD000644;CUST0724;13/01/2024;275947;Surabaya;Jawa Timur;13512;Transfer Bank;delivered;MEMBER10;20053;J&T
ORD000645;CUST0028;02/08/2023;40564;Pontianak;Kalimantan Barat;29235;Transfer Bank;shipped;SALE2024;18436;J&T
ORD000646;CUST0139;02/05/2024;93051;Bekasi;Jawa Barat;11617;Transfer Bank;returned;HARBOLNAS22;14949;JNE
ORD000647;CUST0117;18/05/2024;329000;Manado;Sulawesi Utara;35663;OVO;delivered;;;SiCepat
ORD000648;CUST0220;20/12/2023;19062;Medan;Sumatera Utara;38638;Kartu Kredit;shipped;MEMBER10;49938;J&T
ORD000649;CUST0454;06/01/2023;1155966;Makassar;Sulawesi Selatan;38388;GoPay;delivered;HARI BELANJA;41034;JNE
ORD000650;CUST0641;09/01/2025;517000;Medan;Sumatera Utara;34013;OVO;delivered;;;SiCepat
ORD000651;CUST0380;28/10/2024;157020;Malang;Jawa Timur;17997;Kartu Kredit;delivered;MEMBER10;40980;JNE
ORD000652;CUST0379;28/07/2023;867000;Pontianak;Kalimantan Barat;34076;Transfer Bank;cancelled;;;SiCepat
ORD000653;CUST0717;25/01/2025;458000;Palembang;Sumatera Selatan;34548;OVO;cancelled;;;SiCepat
ORD000654;CUST0398;05/10/2023;344074;Banjarmasin;Kalimantan Selatan;33550;GoPay;delivered;MEMBER10;23926;J&T
ORD000655;CUST0676;11/09/2023;329000;Yogyakarta;DI Yogyakarta;16515;Transfer Bank;delivered;;;J&T
ORD000656;CUST0605;20/10/2024;756000;Tangerang;Banten;13475;Kartu Kredit;delivered;;;JNE
ORD000657;CUST0091;16/01/2022;897000;Pekanbaru;Riau;24143;GoPay;delivered;;;JNE
ORD000658;CUST0729;13/03/2022;242992;Malang;Jawa Timur;18700;Transfer Bank;delivered;HARI BELANJA;36008;JNE
ORD000659;CUST0189;27/05/2023;1107000;Tangerang;Banten;13736;QRIS;shipped;;;J&T
ORD000660;CUST0472;28/10/2022;761205;Malang;Jawa Timur;14092;Transfer Bank;processing;HARI BELANJA;15795;JNE
ORD000661;CUST0636;01/11/2023;481556;Yogyakarta;DI Yogyakarta;17511;Transfer Bank;delivered;HARBOLNAS22;17444;SiCepat
ORD000662;CUST0411;19/04/2024;495410;Surabaya;Jawa Timur;17991;OVO;processing;WEEKEND25;41590;JNE
ORD000663;CUST0673;09/11/2024;795000;Makassar;Sulawesi Selatan;31644;Transfer Bank;processing;;;J&T
ORD000664;CUST0222;30/05/2022;298000;Manado;Sulawesi Utara;33699;GoPay;returned;;;J&T
ORD000665;CUST0166;05/01/2024;579006;Tangerang;Banten;12417;Kartu Kredit;cancelled;SALE2024;17994;J&T
ORD000666;CUST0789;29/09/2023;49000;Palembang;Sumatera Selatan;27392;GoPay;delivered;;;JNE
ORD000667;CUST0713;04/11/2023;179000;Depok;Jawa Barat;13847;Transfer Bank;cancelled;;;J&T
ORD000668;CUST0089;07/02/2024;1446000;Medan;Sumatera Utara;34551;OVO;cancelled;;;SiCepat
ORD000669;CUST0297;27/03/2022;664711;Banjarmasin;Kalimantan Selatan;41944;OVO;delivered;WEEKEND25;22289;Anteraja
ORD000670;CUST0620;26/09/2022;572011;Surabaya;Jawa Timur;17219;GoPay;shipped;HARBOLNAS22;14989;JNE
ORD000671;CUST0728;07/06/2023;249000;Malang;Jawa Timur;17366;OVO;delivered;;;SiCepat
ORD000672;CUST0346;06/06/2023;378000;Medan;Sumatera Utara;33140;OVO;cancelled;;;JNE
ORD000673;CUST0598;20/12/2024;387000;Depok;Jawa Barat;13306;QRIS;delivered;;;J&T
ORD000674;CUST0060;19/02/2022;75927;Bekasi;Jawa Barat;12544;GoPay;cancelled;SALE2024;22073;Anteraja
ORD000675;CUST0460;15/02/2024;898000;Jakarta;DKI Jakarta;9655;Transfer Bank;shipped;;;J&T
ORD000676;CUST0680;28/05/2022;757000;Denpasar;Bali;21822;Kartu Kredit;delivered;;;SiCepat
ORD000677;CUST0797;01/01/2024;1179024;Bogor;Jawa Barat;13351;GoPay;delivered;RAMADAN23;17976;JNE
ORD000678;CUST0360;06/11/2024;284528;Semarang;Jawa Tengah;13170;OVO;delivered;SALE2024;44472;J&T
ORD000679;CUST0198;19/10/2023;1120861;Malang;Jawa Timur;14261;Transfer Bank;delivered;RAMADAN23;26139;SiCepat
ORD000680;CUST0356;07/06/2024;288000;Depok;Jawa Barat;12629;QRIS;delivered;;;SiCepat
ORD000681;CUST0369;20/01/2025;420941;Pekanbaru;Riau;30588;Transfer Bank;delivered;MEMBER10;15059;J&T
ORD000682;CUST0628;26/03/2023;451916;Jakarta;DKI Jakarta;11116;QRIS;cancelled;SALE2024;46084;JNE
ORD000683;CUST0038;17/11/2023;449000;Bekasi;Jawa Barat;13999;Transfer Bank;delivered;;;SiCepat
ORD000684;CUST0690;18/02/2025;956000;Padang;Sumatera Barat;25890;OVO;delivered;;;SiCepat
ORD000685;CUST0413;11/01/2024;218000;Balikpapan;Kalimantan Timur;35294;QRIS;cancelled;;;SiCepat
ORD000686;CUST0755;20/07/2022;740451;Manado;Sulawesi Utara;42446;Transfer Bank;delivered;FLASHSALE;37549;Anteraja
ORD000687;CUST0471;25/08/2023;138000;Bandung;Jawa Barat;13637;Kartu Kredit;delivered;;;J&T
ORD000688;CUST0574;29/10/2022;89618;Padang;Sumatera Barat;26293;GoPay;shipped;WEEKEND25;29382;J&T
ORD000689;CUST0276;28/08/2023;66909;Bekasi;Jawa Barat;9074;GoPay;shipped;HARBOLNAS22;12091;JNE
ORD000690;CUST0281;05/12/2022;308000;Pontianak;Kalimantan Barat;39798;GoPay;delivered;;;Anteraja
ORD000691;CUST0599;06/02/2025;149693;Manado;Sulawesi Utara;38206;Transfer Bank;delivered;FLASHSALE;49307;J&T
ORD000692;CUST0299;28/04/2023;59000;Manado;Sulawesi Utara;42486;GoPay;processing;;;J&T
ORD000693;CUST0620;29/03/2023;707000;Pontianak;Kalimantan Barat;37831;Transfer Bank;delivered;;;J&T
ORD000694;CUST0123;19/04/2023;1214572;Balikpapan;Kalimantan Timur;36653;GoPay;delivered;NEWUSER;48428;Anteraja
ORD000695;CUST0161;18/05/2024;145927;Depok;Jawa Barat;11935;Transfer Bank;delivered;NEWUSER;42073;J&T
ORD000696;CUST0619;02/10/2023;179000;Yogyakarta;DI Yogyakarta;18293;Transfer Bank;shipped;;;SiCepat
ORD000697;CUST0386;09/11/2024;179000;Padang;Sumatera Barat;25048;GoPay;delivered;;;Pos Indonesia
ORD000698;CUST0147;26/05/2023;149000;Jakarta;DKI Jakarta;10977;Kartu Kredit;delivered;;;SiCepat
ORD000699;CUST0548;11/05/2024;1257000;Bekasi;Jawa Barat;12613;OVO;processing;;;J&T
ORD000700;CUST0717;22/01/2025;69000;Palembang;Sumatera Selatan;30174;GoPay;delivered;;;J&T
ORD000701;CUST0778;01/03/2023;478785;Malang;Jawa Timur;15311;OVO;processing;HARBOLNAS22;20215;SiCepat
ORD000702;CUST0136;04/11/2023;339933;Jakarta;DKI Jakarta;10564;GoPay;cancelled;HARI BELANJA;18067;JNE
ORD000703;CUST0553;03/03/2023;129268;Depok;Jawa Barat;13233;OVO;shipped;SALE2024;49732;J&T
ORD000704;CUST0320;01/01/2023;859984;Palembang;Sumatera Selatan;29431;Kartu Kredit;processing;SALE2024;27016;JNE
ORD000705;CUST0448;21/11/2023;690952;Pekanbaru;Riau;28227;GoPay;delivered;HARI BELANJA;37048;Pos Indonesia
ORD000706;CUST0351;29/06/2024;247000;Tangerang;Banten;13290;Transfer Bank;delivered;;;SiCepat
ORD000707;CUST0300;28/08/2023;16953;Medan;Sumatera Utara;28609;Kartu Kredit;delivered;NEWUSER;42047;SiCepat
ORD000708;CUST0375;30/06/2024;687000;Medan;Sumatera Utara;35053;GoPay;delivered;;;J&T
ORD000709;CUST0726;01/02/2023;481801;Medan;Sumatera Utara;35247;Transfer Bank;delivered;FLASHSALE;17199;J&T
ORD000710;CUST0147;28/01/2024;279000;Jakarta;DKI Jakarta;8517;Kartu Kredit;cancelled;;;SiCepat
ORD000711;CUST0629;09/04/2023;68818;Padang;Sumatera Barat;28412;Kartu Kredit;delivered;NEWUSER;29182;J&T
ORD000712;CUST0506;30/12/2023;99000;Jakarta;DKI Jakarta;9175;QRIS;returned;;;SiCepat
ORD000713;CUST0299;15/01/2024;884324;Manado;Sulawesi Utara;35771;OVO;delivered;SALE2024;13676;JNE
ORD000714;CUST0582;11/05/2024;249000;Medan;Sumatera Utara;31466;GoPay;processing;;;J&T
ORD000715;CUST0533;04/01/2023;543592;Yogyakarta;DI Yogyakarta;14133;Kartu Kredit;processing;NEWUSER;23408;JNE
ORD000716;CUST0771;22/08/2023;378000;Yogyakarta;DI Yogyakarta;13187;QRIS;delivered;;;Anteraja
ORD000717;CUST0391;21/06/2022;627547;Pontianak;Kalimantan Barat;37938;QRIS;cancelled;HARBOLNAS22;17453;Anteraja
ORD000718;CUST0193;12/10/2022;1015392;Medan;Sumatera Utara;26533;QRIS;cancelled;HARI BELANJA;32608;J&T
ORD000719;CUST0544;21/12/2024;442141;Manado;Sulawesi Utara;32799;Transfer Bank;delivered;MEMBER10;25859;J&T
ORD000720;CUST0066;29/07/2023;464915;Malang;Jawa Timur;14621;OVO;processing;FLASHSALE;33085;JNE
ORD000721;CUST0518;20/01/2022;299000;Manado;Sulawesi Utara;33689;QRIS;delivered;;;J&T
ORD000722;CUST0563;20/02/2023;604187;Yogyakarta;DI Yogyakarta;16789;Kartu Kredit;shipped;FLASHSALE;43813;J&T
ORD000723;CUST0399;14/09/2023;44697;Banjarmasin;Kalimantan Selatan;37318;OVO;processing;WEEKEND25;14303;J&T
ORD000724;CUST0488;11/12/2024;528000;Bekasi;Jawa Barat;13393;Transfer Bank;delivered;;;J&T
ORD000725;CUST0253;08/04/2023;79000;Banjarmasin;Kalimantan Selatan;37720;Kartu Kredit;delivered;;;JNE
ORD000726;CUST0718;02/09/2023;1472598;Pontianak;Kalimantan Barat;33410;GoPay;delivered;FLASHSALE;23402;J&T
ORD000727;CUST0162;06/02/2025;299000;Manado;Sulawesi Utara;38295;GoPay;delivered;;;SiCepat
ORD000728;CUST0728;05/06/2022;498000;Tangerang;Banten;11456;GoPay;returned;;;JNE
ORD000729;CUST0740;15/11/2024;49000;Denpasar;Bali;23666;OVO;shipped;;;JNE
ORD000730;CUST0774;10/09/2022;1182565;Padang;Sumatera Barat;26101;OVO;delivered;HARI BELANJA;15435;J&T
ORD000731;CUST0150;23/03/2022;628000;Makassar;Sulawesi Selatan;33169;Transfer Bank;delivered;;;JNE
ORD000732;CUST0679;04/08/2023;349000;Padang;Sumatera Barat;37667;QRIS;shipped;;;J&T
ORD000733;CUST0386;14/10/2023;567000;Padang;Sumatera Barat;30533;GoPay;delivered;;;JNE
ORD000734;CUST0017;12/12/2022;408025;Surabaya;Jawa Timur;14306;QRIS;returned;RAMADAN23;47975;J&T
ORD000735;CUST0078;20/04/2024;342586;Bandung;Jawa Barat;13757;Transfer Bank;shipped;RAMADAN23;15414;J&T
ORD000736;CUST0337;04/12/2022;121853;Balikpapan;Kalimantan Timur;36503;OVO;cancelled;NEWUSER;27147;J&T
ORD000737;CUST0480;28/02/2025;98000;Pekanbaru;Riau;25330;Transfer Bank;delivered;;;J&T
ORD000738;CUST0111;16/07/2023;1055497;Pontianak;Kalimantan Barat;41405;Transfer Bank;delivered;SALE2024;11503;Anteraja
ORD000739;CUST0213;23/08/2022;206360;Medan;Sumatera Utara;35770;GoPay;delivered;SALE2024;42640;SiCepat
ORD000740;CUST0686;02/01/2022;618000;Makassar;Sulawesi Selatan;30340;GoPay;shipped;;;JNE
ORD000741;CUST0347;16/03/2023;89000;Depok;Jawa Barat;10662;OVO;cancelled;;;SiCepat
ORD000742;CUST0672;20/02/2025;59000;Malang;Jawa Timur;20820;Kartu Kredit;processing;;;JNE
ORD000743;CUST0610;18/02/2024;581775;Depok;Jawa Barat;9933;OVO;processing;MEMBER10;14225;J&T
ORD000744;CUST0344;25/10/2024;948000;Bekasi;Jawa Barat;9414;OVO;delivered;;;Anteraja
ORD000745;CUST0175;01/11/2024;648000;Palembang;Sumatera Selatan;23349;Transfer Bank;delivered;;;SiCepat
ORD000746;CUST0263;28/01/2024;399000;Palembang;Sumatera Selatan;33760;Transfer Bank;returned;;;Anteraja
ORD000747;CUST0691;01/04/2024;129000;Bogor;Jawa Barat;14073;QRIS;shipped;;;SiCepat
ORD000748;CUST0128;22/03/2024;1427000;Banjarmasin;Kalimantan Selatan;31813;GoPay;delivered;;;Anteraja
ORD000749;CUST0101;13/08/2024;1156000;Makassar;Sulawesi Selatan;40783;GoPay;processing;;;JNE
ORD000750;CUST0407;06/11/2024;158000;Pontianak;Kalimantan Barat;34578;Transfer Bank;delivered;;;J&T
ORD000751;CUST0584;15/04/2024;938938;Tangerang;Banten;9701;QRIS;returned;MEMBER10;48062;J&T
ORD000752;CUST0598;19/06/2023;1647000;Depok;Jawa Barat;10110;GoPay;shipped;;;J&T
ORD000753;CUST0390;27/09/2023;598000;Bandung;Jawa Barat;14563;GoPay;shipped;;;JNE
ORD000754;CUST0298;04/08/2022;436791;Depok;Jawa Barat;11700;GoPay;delivered;RAMADAN23;30209;J&T
ORD000755;CUST0539;28/01/2023;279000;Balikpapan;Kalimantan Timur;42679;Transfer Bank;shipped;;;JNE
ORD000756;CUST0504;02/08/2023;316633;Pontianak;Kalimantan Barat;38527;Transfer Bank;delivered;WEEKEND25;12367;JNE
ORD000757;CUST0506;25/10/2023;1054184;Depok;Jawa Barat;13921;GoPay;returned;HARI BELANJA;22816;JNE
ORD000758;CUST0021;26/02/2025;147000;Medan;Sumatera Utara;31306;OVO;delivered;;;JNE
ORD000759;CUST0296;16/02/2025;249000;Bandung;Jawa Barat;12269;GoPay;cancelled;;;Pos Indonesia
ORD000760;CUST0262;18/07/2022;279000;Semarang;Jawa Tengah;14964;OVO;delivered;;;J&T
ORD000761;CUST0563;12/02/2025;797000;Banjarmasin;Kalimantan Selatan;31254;OVO;cancelled;;;J&T
ORD000762;CUST0440;27/07/2024;178000;Malang;Jawa Timur;17556;QRIS;processing;;;J&T
ORD000763;CUST0485;01/08/2023;298871;Pontianak;Kalimantan Barat;32763;Transfer Bank;processing;WEEKEND25;49129;SiCepat
ORD000764;CUST0708;02/09/2023;149000;Medan;Sumatera Utara;37503;OVO;delivered;;;SiCepat
ORD000765;CUST0411;27/12/2023;758702;Surabaya;Jawa Timur;15750;Transfer Bank;delivered;HARI BELANJA;19298;Pos Indonesia
ORD000766;CUST0605;26/11/2023;268682;Jakarta;DKI Jakarta;8989;OVO;delivered;SALE2024;10318;J&T
ORD000767;CUST0308;22/01/2025;499000;Denpasar;Bali;29213;Transfer Bank;delivered;;;JNE
ORD000768;CUST0704;27/04/2024;351245;Bandung;Jawa Barat;14026;OVO;processing;FLASHSALE;47755;J&T
ORD000769;CUST0030;13/03/2023;493363;Pekanbaru;Riau;29548;Kartu Kredit;delivered;NEWUSER;44637;J&T
ORD000770;CUST0198;12/11/2024;877000;Malang;Jawa Timur;16803;QRIS;delivered;;;SiCepat
ORD000771;CUST0353;25/06/2024;45907;Balikpapan;Kalimantan Timur;41282;GoPay;delivered;HARI BELANJA;23093;SiCepat
ORD000772;CUST0254;04/07/2023;1086000;Makassar;Sulawesi Selatan;43858;Transfer Bank;delivered;;;J&T
ORD000773;CUST0539;15/11/2022;119000;Balikpapan;Kalimantan Timur;30231;OVO;cancelled;;;J&T
ORD000774;CUST0241;03/02/2025;129000;Depok;Jawa Barat;13047;QRIS;delivered;;;JNE
ORD000775;CUST0694;15/07/2024;698000;Jakarta;DKI Jakarta;11292;Transfer Bank;delivered;;;SiCepat
ORD000776;CUST0570;10/01/2024;94997;Makassar;Sulawesi Selatan;43929;QRIS;shipped;MEMBER10;34003;SiCepat
ORD000777;CUST0048;18/03/2024;129000;Pekanbaru;Riau;33835;Transfer Bank;delivered;;;JNE
ORD000778;CUST0621;23/02/2024;636000;Malang;Jawa Timur;18837;Transfer Bank;delivered;;;JNE
ORD000779;CUST0087;21/11/2024;149354;Manado;Sulawesi Utara;39926;GoPay;shipped;HARI BELANJA;49646;JNE
ORD000780;CUST0130;26/06/2023;149000;Manado;Sulawesi Utara;39404;Transfer Bank;delivered;;;JNE
ORD000781;CUST0501;05/10/2023;348000;Bogor;Jawa Barat;14863;GoPay;delivered;;;Anteraja
ORD000782;CUST0792;19/03/2022;957000;Palembang;Sumatera Selatan;29392;GoPay;delivered;;;JNE
ORD000783;CUST0182;13/11/2022;837000;Bekasi;Jawa Barat;13265;Transfer Bank;delivered;;;SiCepat
ORD000784;CUST0049;09/01/2023;578000;Manado;Sulawesi Utara;44793;OVO;delivered;;;J&T
ORD000785;CUST0246;17/09/2024;149000;Depok;Jawa Barat;9618;Kartu Kredit;processing;;;SiCepat
ORD000786;CUST0103;13/05/2023;532968;Jakarta;DKI Jakarta;10234;GoPay;delivered;NEWUSER;15032;JNE
ORD000787;CUST0771;04/09/2024;546000;Yogyakarta;DI Yogyakarta;18219;GoPay;delivered;;;JNE
ORD000788;CUST0478;23/10/2024;449000;Palembang;Sumatera Selatan;29964;GoPay;delivered;;;JNE
ORD000789;CUST0800;30/08/2022;292697;Padang;Sumatera Barat;25870;GoPay;delivered;FLASHSALE;15303;J&T
ORD000790;CUST0784;25/10/2022;413475;Tangerang;Banten;11169;Kartu Kredit;delivered;FLASHSALE;35525;JNE
ORD000791;CUST0118;14/08/2024;479734;Bekasi;Jawa Barat;10935;GoPay;shipped;FLASHSALE;36266;SiCepat
ORD000792;CUST0110;25/07/2022;399000;Padang;Sumatera Barat;32911;Transfer Bank;delivered;;;J&T
ORD000793;CUST0538;27/05/2023;1496000;Yogyakarta;DI Yogyakarta;18975;Transfer Bank;shipped;;;Anteraja
ORD000794;CUST0391;07/07/2023;54451;Pontianak;Kalimantan Barat;28013;Transfer Bank;shipped;RAMADAN23;34549;JNE
ORD000795;CUST0191;04/04/2023;852700;Denpasar;Bali;28714;OVO;delivered;WEEKEND25;45300;Anteraja
ORD000796;CUST0579;29/09/2023;412684;Palembang;Sumatera Selatan;22357;Transfer Bank;delivered;NEWUSER;36316;SiCepat
ORD000797;CUST0747;25/02/2023;1398684;Palembang;Sumatera Selatan;24967;OVO;delivered;HARBOLNAS22;27316;Pos Indonesia
ORD000798;CUST0052;05/11/2023;409749;Semarang;Jawa Tengah;12671;GoPay;delivered;RAMADAN23;39251;J&T
ORD000799;CUST0714;21/07/2024;297661;Medan;Sumatera Utara;38555;GoPay;shipped;HARI BELANJA;49339;J&T
ORD000800;CUST0059;04/03/2023;547000;Balikpapan;Kalimantan Timur;31808;Transfer Bank;cancelled;;;SiCepat
ORD000801;CUST0010;07/08/2023;946000;Manado;Sulawesi Utara;43218;Kartu Kredit;cancelled;;;J&T
ORD000802;CUST0361;24/03/2023;54558;Bogor;Jawa Barat;10846;GoPay;delivered;NEWUSER;44442;J&T
ORD000803;CUST0707;19/11/2024;361081;Surabaya;Jawa Timur;15210;GoPay;cancelled;RAMADAN23;37919;SiCepat
ORD000804;CUST0506;23/11/2023;676653;Pekanbaru;Riau;28373;Transfer Bank;returned;HARBOLNAS22;30347;JNE
ORD000805;CUST0706;08/01/2024;428000;Malang;Jawa Timur;15338;OVO;shipped;;;J&T
ORD000806;CUST0241;18/10/2024;482064;Depok;Jawa Barat;10013;Transfer Bank;cancelled;FLASHSALE;16936;Pos Indonesia
ORD000807;CUST0449;27/02/2024;996000;Manado;Sulawesi Utara;44120;Transfer Bank;delivered;;;Anteraja
ORD000808;CUST0109;23/03/2024;527000;Malang;Jawa Timur;20644;Transfer Bank;shipped;;;J&T
ORD000809;CUST0569;04/04/2023;198000;Pekanbaru;Riau;25565;Kartu Kredit;shipped;;;JNE
ORD000810;CUST0637;14/10/2022;640948;Makassar;Sulawesi Selatan;35011;GoPay;processing;SALE2024;17052;J&T
ORD000811;CUST0472;11/04/2023;99000;Manado;Sulawesi Utara;44458;QRIS;delivered;;;J&T
ORD000812;CUST0197;01/02/2025;477000;Depok;Jawa Barat;10114;Transfer Bank;shipped;;;SiCepat
ORD000813;CUST0097;29/09/2024;766000;Makassar;Sulawesi Selatan;41826;Transfer Bank;processing;;;J&T
ORD000814;CUST0665;09/05/2024;308216;Surabaya;Jawa Timur;16528;Kartu Kredit;delivered;MEMBER10;38784;SiCepat
ORD000815;CUST0422;04/02/2023;1157000;Makassar;Sulawesi Selatan;38433;GoPay;delivered;;;J&T
ORD000816;CUST0724;15/04/2022;916000;Surabaya;Jawa Timur;14548;Kartu Kredit;delivered;;;SiCepat
ORD000817;CUST0028;13/06/2024;10638;Pontianak;Kalimantan Barat;32377;Transfer Bank;delivered;WEEKEND25;38362;Pos Indonesia
ORD000818;CUST0598;20/07/2024;29100;Depok;Jawa Barat;10375;OVO;delivered;NEWUSER;49900;J&T
ORD000819;CUST0694;26/10/2022;329000;Jakarta;DKI Jakarta;11252;GoPay;delivered;;;SiCepat
ORD000820;CUST0525;14/05/2024;360415;Bogor;Jawa Barat;12456;OVO;delivered;WEEKEND25;38585;JNE
ORD000821;CUST0627;17/01/2023;536000;Balikpapan;Kalimantan Timur;43244;GoPay;delivered;;;JNE
ORD000822;CUST0352;07/05/2022;2695000;Makassar;Sulawesi Selatan;43645;Transfer Bank;cancelled;;;JNE
ORD000823;CUST0492;08/01/2024;178000;Pekanbaru;Riau;31913;Kartu Kredit;delivered;;;J&T
ORD000824;CUST0337;04/08/2022;349000;Banjarmasin;Kalimantan Selatan;31299;Transfer Bank;processing;;;SiCepat
ORD000825;CUST0218;24/02/2025;292224;Jakarta;DKI Jakarta;10642;GoPay;delivered;HARBOLNAS22;36776;Pos Indonesia
ORD000826;CUST0718;28/12/2022;129000;Jakarta;DKI Jakarta;11572;Kartu Kredit;cancelled;;;J&T
ORD000827;CUST0083;26/04/2022;87649;Pontianak;Kalimantan Barat;41043;QRIS;shipped;WEEKEND25;31351;Anteraja
ORD000828;CUST0001;18/02/2024;302887;Semarang;Jawa Tengah;15460;QRIS;shipped;NEWUSER;34113;J&T
ORD000829;CUST0626;19/07/2024;1057000;Jakarta;DKI Jakarta;8076;Kartu Kredit;returned;;;JNE
ORD000830;CUST0235;02/05/2023;329000;Tangerang;Banten;11165;QRIS;processing;;;J&T
ORD000831;CUST0457;28/01/2022;19284;Malang;Jawa Timur;14456;QRIS;shipped;WEEKEND25;29716;JNE
ORD000832;CUST0527;21/01/2025;922534;Malang;Jawa Timur;20192;Transfer Bank;shipped;FLASHSALE;24466;J&T
ORD000833;CUST0020;01/02/2024;379339;Bandung;Jawa Barat;11157;GoPay;delivered;FLASHSALE;19661;SiCepat
ORD000834;CUST0726;17/06/2023;50568;Medan;Sumatera Utara;32779;Transfer Bank;delivered;MEMBER10;28432;J&T
ORD000835;CUST0217;13/05/2024;114701;Denpasar;Bali;29793;GoPay;shipped;NEWUSER;34299;JNE
ORD000836;CUST0451;16/02/2024;79000;Manado;Sulawesi Utara;44169;QRIS;delivered;;;JNE
ORD000837;CUST0473;06/07/2023;299000;Banjarmasin;Kalimantan Selatan;30226;GoPay;cancelled;;;J&T
ORD000838;CUST0568;27/02/2025;504532;Bekasi;Jawa Barat;13061;QRIS;cancelled;FLASHSALE;22468;SiCepat
ORD000839;CUST0457;29/05/2024;37524;Jakarta;DKI Jakarta;11941;Kartu Kredit;delivered;SALE2024;11476;J&T
ORD000840;CUST0492;03/06/2023;420581;Pekanbaru;Riau;29293;GoPay;delivered;HARBOLNAS22;47419;JNE
ORD000841;CUST0285;12/07/2024;987000;Bekasi;Jawa Barat;13147;Transfer Bank;shipped;;;SiCepat
ORD000842;CUST0671;08/06/2024;149000;Malang;Jawa Timur;15476;QRIS;cancelled;;;JNE
ORD000843;CUST0688;09/01/2024;1946000;Malang;Jawa Timur;21007;QRIS;shipped;;;JNE
ORD000844;CUST0080;25/12/2022;149000;Bogor;Jawa Barat;14650;OVO;delivered;;;J&T
ORD000845;CUST0515;26/08/2023;69000;Depok;Jawa Barat;12492;Transfer Bank;shipped;;;J&T
ORD000846;CUST0419;01/11/2024;514516;Medan;Sumatera Utara;32562;OVO;delivered;WEEKEND25;32484;SiCepat
ORD000847;CUST0615;17/01/2024;250272;Semarang;Jawa Tengah;12555;Transfer Bank;delivered;WEEKEND25;28728;JNE
ORD000848;CUST0018;22/08/2023;364353;Manado;Sulawesi Utara;40765;GoPay;cancelled;WEEKEND25;34647;JNE
ORD000849;CUST0034;15/05/2023;387826;Semarang;Jawa Tengah;16520;OVO;delivered;SALE2024;10174;J&T
ORD000850;CUST0193;10/05/2023;583621;Medan;Sumatera Utara;39699;OVO;shipped;FLASHSALE;15379;Anteraja
ORD000851;CUST0551;14/02/2025;69000;Banjarmasin;Kalimantan Selatan;36141;GoPay;delivered;;;JNE
ORD000852;CUST0009;12/09/2022;680206;Semarang;Jawa Tengah;15427;Kartu Kredit;delivered;SALE2024;17794;JNE
ORD000853;CUST0501;11/06/2024;1351999;Pontianak;Kalimantan Barat;28948;Kartu Kredit;delivered;FLASHSALE;44001;SiCepat
ORD000854;CUST0114;25/06/2023;358000;Tangerang;Banten;10762;GoPay;cancelled;;;JNE
ORD000855;CUST0561;24/01/2024;399000;Yogyakarta;DI Yogyakarta;14606;QRIS;delivered;;;JNE
ORD000856;CUST0178;04/03/2023;248655;Yogyakarta;DI Yogyakarta;16030;OVO;shipped;NEWUSER;29345;JNE
ORD000857;CUST0093;24/02/2025;874561;Bandung;Jawa Barat;11610;Transfer Bank;delivered;HARBOLNAS22;22439;SiCepat
ORD000858;CUST0061;01/05/2024;848000;Bekasi;Jawa Barat;13364;Transfer Bank;shipped;;;Anteraja
ORD000859;CUST0328;27/12/2023;29736;Makassar;Sulawesi Selatan;33889;OVO;delivered;RAMADAN23;19264;Pos Indonesia
ORD000860;CUST0417;11/02/2025;648000;Medan;Sumatera Utara;31831;GoPay;delivered;;;SiCepat
ORD000861;CUST0392;23/02/2025;478000;Pontianak;Kalimantan Barat;28282;Transfer Bank;processing;;;SiCepat
ORD000862;CUST0127;14/03/2023;738241;Makassar;Sulawesi Selatan;32489;OVO;shipped;NEWUSER;27759;J&T
ORD000863;CUST0509;03/12/2024;678000;Manado;Sulawesi Utara;32182;GoPay;delivered;;;SiCepat
ORD000864;CUST0051;05/03/2024;352530;Yogyakarta;DI Yogyakarta;18287;OVO;cancelled;NEWUSER;46470;JNE
ORD000865;CUST0475;20/01/2025;178000;Palembang;Sumatera Selatan;26837;GoPay;cancelled;;;SiCepat
ORD000866;CUST0024;30/03/2024;196733;Makassar;Sulawesi Selatan;38454;GoPay;processing;MEMBER10;41267;JNE
ORD000867;CUST0270;23/07/2023;748000;Bekasi;Jawa Barat;9341;OVO;delivered;;;Anteraja
ORD000868;CUST0210;11/07/2022;558000;Bandung;Jawa Barat;12903;GoPay;delivered;;;J&T
ORD000869;CUST0391;30/12/2023;682221;Pontianak;Kalimantan Barat;41591;Transfer Bank;delivered;HARBOLNAS22;15779;SiCepat
ORD000870;CUST0101;18/04/2024;398000;Semarang;Jawa Tengah;14289;GoPay;delivered;;;SiCepat
ORD000871;CUST0220;11/04/2024;1386000;Medan;Sumatera Utara;36813;OVO;cancelled;;;J&T
ORD000872;CUST0316;25/12/2022;432907;Depok;Jawa Barat;12765;Kartu Kredit;shipped;FLASHSALE;16093;Pos Indonesia
ORD000873;CUST0754;21/04/2023;1153350;Tangerang;Banten;13623;GoPay;delivered;WEEKEND25;44650;SiCepat
ORD000874;CUST0767;13/06/2024;482467;Palembang;Sumatera Selatan;24445;OVO;delivered;RAMADAN23;44533;SiCepat
ORD000875;CUST0224;07/06/2023;707000;Depok;Jawa Barat;13177;GoPay;delivered;;;SiCepat
ORD000876;CUST0626;11/02/2025;307000;Palembang;Sumatera Selatan;29858;QRIS;shipped;;;J&T
ORD000877;CUST0331;26/11/2024;329000;Depok;Jawa Barat;13912;OVO;cancelled;;;SiCepat
ORD000878;CUST0090;23/01/2025;1098000;Bandung;Jawa Barat;14313;GoPay;cancelled;;;Anteraja
ORD000879;CUST0668;20/10/2022;497000;Padang;Sumatera Barat;28213;GoPay;delivered;;;J&T
ORD000880;CUST0627;20/09/2023;1162048;Balikpapan;Kalimantan Timur;41839;Transfer Bank;processing;RAMADAN23;35952;J&T
ORD000881;CUST0197;25/02/2024;249000;Depok;Jawa Barat;13715;GoPay;shipped;;;JNE
ORD000882;CUST0763;20/11/2023;625000;Surabaya;Jawa Timur;15125;GoPay;delivered;;;SiCepat
ORD000883;CUST0035;07/04/2023;179000;Balikpapan;Kalimantan Timur;30082;Transfer Bank;cancelled;;;Anteraja
ORD000884;CUST0409;16/12/2023;107245;Bekasi;Jawa Barat;11833;GoPay;delivered;WEEKEND25;41755;Anteraja
ORD000885;CUST0274;21/02/2025;74220;Surabaya;Jawa Timur;16061;Transfer Bank;shipped;SALE2024;44780;SiCepat
ORD000886;CUST0358;21/12/2023;357000;Makassar;Sulawesi Selatan;43156;GoPay;shipped;;;JNE
ORD000887;CUST0665;18/04/2024;391939;Surabaya;Jawa Timur;12160;OVO;delivered;FLASHSALE;36061;Anteraja
ORD000888;CUST0490;10/05/2024;941448;Pontianak;Kalimantan Barat;28041;GoPay;shipped;HARI BELANJA;34552;SiCepat
ORD000889;CUST0380;22/10/2022;354921;Malang;Jawa Timur;16448;Transfer Bank;delivered;SALE2024;44079;SiCepat
ORD000890;CUST0778;17/04/2024;298000;Malang;Jawa Timur;16755;OVO;delivered;;;J&T
ORD000891;CUST0038;11/06/2023;179000;Bekasi;Jawa Barat;11157;OVO;shipped;;;SiCepat
ORD000892;CUST0105;26/07/2023;564340;Padang;Sumatera Barat;26307;OVO;processing;RAMADAN23;32660;JNE
ORD000893;CUST0216;15/08/2023;496000;Jakarta;DKI Jakarta;8208;OVO;delivered;;;Anteraja
ORD000894;CUST0270;27/02/2023;26547;Denpasar;Bali;31374;GoPay;delivered;NEWUSER;32453;J&T
ORD000895;CUST0277;21/12/2024;179000;Malang;Jawa Timur;14780;GoPay;delivered;;;SiCepat
ORD000896;CUST0550;12/06/2023;427000;Depok;Jawa Barat;13768;Kartu Kredit;processing;;;J&T
ORD000897;CUST0046;25/09/2023;849144;Medan;Sumatera Utara;37725;Transfer Bank;delivered;WEEKEND25;48856;JNE
ORD000898;CUST0456;09/02/2024;815265;Makassar;Sulawesi Selatan;38072;OVO;delivered;FLASHSALE;12735;SiCepat
ORD000899;CUST0531;31/08/2024;56953;Banjarmasin;Kalimantan Selatan;39696;Kartu Kredit;delivered;FLASHSALE;12047;J&T
ORD000900;CUST0675;15/02/2024;449000;Pontianak;Kalimantan Barat;34278;GoPay;processing;;;JNE
ORD000901;CUST0542;04/11/2023;536000;Semarang;Jawa Tengah;17764;Transfer Bank;shipped;;;J&T
ORD000902;CUST0412;07/06/2024;309217;Depok;Jawa Barat;12987;QRIS;delivered;HARBOLNAS22;39783;SiCepat
ORD000903;CUST0132;07/09/2022;65912;Depok;Jawa Barat;9699;QRIS;delivered;NEWUSER;13088;J&T
ORD000904;CUST0619;06/05/2023;657000;Yogyakarta;DI Yogyakarta;15537;QRIS;delivered;;;J&T
ORD000905;CUST0453;23/02/2024;547000;Malang;Jawa Timur;21891;Transfer Bank;shipped;;;Anteraja
ORD000906;CUST0374;13/03/2024;1136000;Banjarmasin;Kalimantan Selatan;30852;QRIS;delivered;;;Anteraja
ORD000907;CUST0070;28/09/2022;1047000;Balikpapan;Kalimantan Timur;36395;GoPay;delivered;;;JNE
ORD000908;CUST0171;22/11/2022;229000;Pekanbaru;Riau;24606;Kartu Kredit;delivered;;;JNE
ORD000909;CUST0342;13/05/2024;662114;Bekasi;Jawa Barat;12698;QRIS;shipped;RAMADAN23;44886;JNE
ORD000910;CUST0682;11/12/2024;847000;Bandung;Jawa Barat;13129;QRIS;delivered;;;Pos Indonesia
ORD000911;CUST0103;15/04/2024;337134;Bogor;Jawa Barat;14202;GoPay;delivered;SALE2024;20866;SiCepat
ORD000912;CUST0029;22/02/2025;89000;Yogyakarta;DI Yogyakarta;14624;Transfer Bank;delivered;;;JNE
ORD000913;CUST0399;17/01/2022;229000;Banjarmasin;Kalimantan Selatan;40742;GoPay;delivered;;;Anteraja
ORD000914;CUST0681;18/02/2023;276841;Surabaya;Jawa Timur;15809;GoPay;shipped;WEEKEND25;22159;J&T
ORD000915;CUST0097;10/01/2023;977394;Makassar;Sulawesi Selatan;43853;GoPay;delivered;NEWUSER;20606;SiCepat
ORD000916;CUST0397;11/11/2024;297000;Balikpapan;Kalimantan Timur;34205;OVO;delivered;;;JNE
ORD000917;CUST0624;26/07/2024;707000;Manado;Sulawesi Utara;32543;QRIS;shipped;;;SiCepat
ORD000918;CUST0723;22/02/2025;166556;Medan;Sumatera Utara;34049;Transfer Bank;cancelled;WEEKEND25;40444;J&T
ORD000919;CUST0012;04/03/2023;837000;Palembang;Sumatera Selatan;23097;OVO;shipped;;;J&T
ORD000920;CUST0004;14/02/2022;119000;Semarang;Jawa Tengah;12205;OVO;delivered;;;J&T
ORD000921;CUST0618;18/06/2023;598000;Manado;Sulawesi Utara;40249;Kartu Kredit;delivered;;;SiCepat
ORD000922;CUST0087;30/06/2023;49135;Malang;Jawa Timur;18701;Transfer Bank;shipped;RAMADAN23;19865;J&T
ORD000923;CUST0557;19/02/2023;1136000;Tangerang;Banten;13204;QRIS;delivered;;;J&T
ORD000924;CUST0505;28/01/2025;690300;Pontianak;Kalimantan Barat;28439;Transfer Bank;delivered;RAMADAN23;35700;J&T
ORD000925;CUST0260;25/04/2024;647000;Balikpapan;Kalimantan Timur;39097;OVO;delivered;;;J&T
ORD000926;CUST0684;01/01/2023;187000;Pontianak;Kalimantan Barat;31677;GoPay;cancelled;;;SiCepat
ORD000927;CUST0243;06/04/2022;80378;Malang;Jawa Timur;20481;GoPay;processing;FLASHSALE;17622;SiCepat
ORD000928;CUST0799;09/09/2022;1019027;Surabaya;Jawa Timur;16805;GoPay;cancelled;FLASHSALE;28973;J&T
ORD000929;CUST0167;20/08/2023;2425000;Medan;Sumatera Utara;34562;Kartu Kredit;delivered;;;J&T
ORD000930;CUST0402;12/08/2023;270413;Banjarmasin;Kalimantan Selatan;40176;GoPay;delivered;FLASHSALE;27587;JNE
ORD000931;CUST0697;19/04/2022;549000;Bandung;Jawa Barat;14157;Transfer Bank;shipped;;;J&T
ORD000932;CUST0741;06/10/2024;796000;Bogor;Jawa Barat;10554;Transfer Bank;delivered;;;J&T
ORD000933;CUST0384;07/11/2023;399000;Denpasar;Bali;26656;Transfer Bank;delivered;;;J&T
ORD000934;CUST0057;12/01/2025;387000;Semarang;Jawa Tengah;16537;OVO;delivered;;;SiCepat
ORD000935;CUST0172;08/03/2023;578000;Padang;Sumatera Barat;36719;Transfer Bank;processing;;;JNE
ORD000936;CUST0726;19/07/2024;549000;Denpasar;Bali;31595;Transfer Bank;cancelled;;;J&T
ORD000937;CUST0402;20/03/2023;869174;Banjarmasin;Kalimantan Selatan;30237;GoPay;delivered;FLASHSALE;28826;SiCepat
ORD000938;CUST0545;08/06/2023;329000;Balikpapan;Kalimantan Timur;39480;OVO;processing;;;J&T
ORD000939;CUST0147;11/01/2024;89000;Jakarta;DKI Jakarta;9818;GoPay;returned;;;Pos Indonesia
ORD000940;CUST0435;15/11/2024;1255000;Depok;Jawa Barat;9224;OVO;delivered;;;SiCepat
ORD000941;CUST0637;18/02/2025;1003698;Makassar;Sulawesi Selatan;36794;QRIS;returned;HARI BELANJA;23302;SiCepat
ORD000942;CUST0717;26/03/2022;138454;Palembang;Sumatera Selatan;27935;Kartu Kredit;delivered;WEEKEND25;10546;SiCepat
ORD000943;CUST0241;18/03/2023;329166;Depok;Jawa Barat;9054;GoPay;delivered;RAMADAN23;19834;JNE
ORD000944;CUST0022;24/03/2022;159990;Surabaya;Jawa Timur;12029;Transfer Bank;cancelled;HARI BELANJA;19010;J&T
ORD000945;CUST0675;02/02/2024;518000;Denpasar;Bali;26648;GoPay;cancelled;;;J&T
ORD000946;CUST0259;08/01/2023;736000;Depok;Jawa Barat;9453;GoPay;cancelled;;;J&T
ORD000947;CUST0506;23/04/2022;416188;Pekanbaru;Riau;28519;GoPay;shipped;WEEKEND25;41812;J&T
ORD000948;CUST0078;18/11/2023;129000;Bandung;Jawa Barat;10816;OVO;delivered;;;JNE
ORD000949;CUST0495;20/01/2024;231966;Manado;Sulawesi Utara;33206;OVO;delivered;SALE2024;47034;SiCepat
ORD000950;CUST0461;19/05/2024;1247000;Bekasi;Jawa Barat;10619;Kartu Kredit;delivered;;;J&T
ORD000951;CUST0331;14/02/2024;179000;Pontianak;Kalimantan Barat;38582;GoPay;delivered;;;JNE
ORD000952;CUST0310;26/02/2024;149000;Yogyakarta;DI Yogyakarta;15449;OVO;delivered;;;JNE
ORD000953;CUST0530;23/01/2025;767000;Manado;Sulawesi Utara;36921;OVO;returned;;;Pos Indonesia
ORD000954;CUST0305;07/05/2023;148856;Semarang;Jawa Tengah;14806;Kartu Kredit;shipped;WEEKEND25;30144;J&T
ORD000955;CUST0229;21/11/2024;229000;Padang;Sumatera Barat;26567;OVO;delivered;;;SiCepat
ORD000956;CUST0129;28/10/2023;237682;Pekanbaru;Riau;22828;OVO;shipped;NEWUSER;41318;J&T
ORD000957;CUST0426;13/03/2022;984524;Makassar;Sulawesi Selatan;42766;QRIS;processing;NEWUSER;13476;JNE
ORD000958;CUST0610;31/12/2024;762048;Depok;Jawa Barat;9480;QRIS;shipped;SALE2024;35952;JNE
ORD000959;CUST0319;16/02/2025;673431;Bekasi;Jawa Barat;12449;OVO;processing;FLASHSALE;44569;Anteraja
ORD000960;CUST0755;06/05/2023;1647000;Tangerang;Banten;13413;OVO;processing;;;Pos Indonesia
ORD000961;CUST0489;12/02/2024;719340;Depok;Jawa Barat;13875;Transfer Bank;delivered;HARBOLNAS22;47660;J&T
ORD000962;CUST0039;02/11/2024;18154;Semarang;Jawa Tengah;15713;GoPay;cancelled;FLASHSALE;30846;SiCepat
ORD000963;CUST0267;23/01/2024;99000;Yogyakarta;DI Yogyakarta;18253;Transfer Bank;delivered;;;J&T
ORD000964;CUST0373;31/05/2024;99000;Semarang;Jawa Tengah;17095;Transfer Bank;returned;;;SiCepat
ORD000965;CUST0758;28/10/2024;59000;Tangerang;Banten;11840;Transfer Bank;delivered;;;SiCepat
ORD000966;CUST0524;08/04/2022;1613828;Bogor;Jawa Barat;13943;Transfer Bank;delivered;MEMBER10;41172;SiCepat
ORD000967;CUST0260;18/10/2022;1071712;Balikpapan;Kalimantan Timur;41707;Kartu Kredit;delivered;SALE2024;26288;JNE
ORD000968;CUST0136;16/01/2023;119000;Jakarta;DKI Jakarta;9497;QRIS;delivered;;;Anteraja
ORD000969;CUST0280;27/11/2023;512532;Depok;Jawa Barat;11450;QRIS;delivered;NEWUSER;43468;JNE
ORD000970;CUST0037;19/01/2025;958787;Depok;Jawa Barat;11043;Kartu Kredit;shipped;HARI BELANJA;17213;Anteraja
ORD000971;CUST0342;12/06/2024;42158;Pontianak;Kalimantan Barat;29986;Kartu Kredit;delivered;MEMBER10;36842;SiCepat
ORD000972;CUST0252;04/07/2022;228000;Balikpapan;Kalimantan Timur;32197;Kartu Kredit;delivered;;;SiCepat
ORD000973;CUST0001;11/02/2023;373860;Semarang;Jawa Tengah;13260;Transfer Bank;shipped;NEWUSER;24140;SiCepat
ORD000974;CUST0710;30/01/2025;1187000;Surabaya;Jawa Timur;16856;Transfer Bank;delivered;;;Anteraja
ORD000975;CUST0498;17/09/2024;1385000;Depok;Jawa Barat;13406;OVO;delivered;;;SiCepat
ORD000976;CUST0549;17/02/2024;449000;Tangerang;Banten;12444;QRIS;delivered;;;J&T
ORD000977;CUST0571;13/03/2024;599000;Manado;Sulawesi Utara;40585;Transfer Bank;delivered;;;JNE
ORD000978;CUST0115;15/05/2024;399000;Malang;Jawa Timur;15582;GoPay;delivered;;;JNE
ORD000979;CUST0030;02/01/2025;178000;Pekanbaru;Riau;31890;GoPay;cancelled;;;SiCepat
ORD000980;CUST0623;15/07/2024;79000;Denpasar;Bali;26349;GoPay;delivered;;;Anteraja
ORD000981;CUST0071;25/06/2024;111686;Pontianak;Kalimantan Barat;29654;Transfer Bank;delivered;MEMBER10;26314;J&T
ORD000982;CUST0769;30/01/2022;399000;Bandung;Jawa Barat;13595;Transfer Bank;cancelled;;;JNE
ORD000983;CUST0439;08/04/2023;299000;Bekasi;Jawa Barat;12906;GoPay;delivered;;;SiCepat
ORD000984;CUST0607;04/07/2024;166914;Bogor;Jawa Barat;14485;GoPay;delivered;MEMBER10;32086;Anteraja
ORD000985;CUST0329;11/01/2022;548000;Bekasi;Jawa Barat;9256;GoPay;shipped;;;JNE
ORD000986;CUST0243;05/08/2024;598926;Malang;Jawa Timur;14797;GoPay;delivered;RAMADAN23;29074;SiCepat
ORD000987;CUST0229;10/10/2023;1197000;Padang;Sumatera Barat;27703;QRIS;delivered;;;Pos Indonesia
ORD000988;CUST0660;14/05/2023;87550;Pontianak;Kalimantan Barat;30500;GoPay;delivered;HARI BELANJA;31450;JNE
ORD000989;CUST0648;06/01/2023;69000;Balikpapan;Kalimantan Timur;30612;Transfer Bank;cancelled;;;JNE
ORD000990;CUST0105;22/02/2023;298731;Padang;Sumatera Barat;33238;OVO;processing;WEEKEND25;38269;JNE
ORD000991;CUST0045;28/02/2024;261719;Bandung;Jawa Barat;14744;Transfer Bank;delivered;NEWUSER;37281;JNE
ORD000992;CUST0085;13/08/2023;282607;Pontianak;Kalimantan Barat;41584;OVO;processing;MEMBER10;46393;Anteraja
ORD000993;CUST0153;27/09/2023;69000;Pontianak;Kalimantan Barat;39865;Transfer Bank;cancelled;;;JNE
ORD000994;CUST0113;23/01/2025;78581;Palembang;Sumatera Selatan;33125;GoPay;delivered;WEEKEND25;10419;JNE
ORD000995;CUST0393;15/05/2022;617000;Bandung;Jawa Barat;14107;OVO;shipped;;;SiCepat
ORD000996;CUST0614;24/05/2022;816550;Medan;Sumatera Utara;34178;OVO;processing;RAMADAN23;30450;JNE
ORD000997;CUST0010;03/02/2025;370480;Manado;Sulawesi Utara;35792;Transfer Bank;shipped;HARBOLNAS22;47520;J&T
ORD000998;CUST0763;26/01/2023;898000;Depok;Jawa Barat;12712;Transfer Bank;shipped;;;J&T
ORD000999;CUST0782;11/02/2025;274924;Denpasar;Bali;22498;GoPay;shipped;NEWUSER;24076;J&T
ORD001000;CUST0461;21/10/2023;1059490;Bekasi;Jawa Barat;13302;GoPay;shipped;SALE2024;36510;JNE
ORD001001;CUST0308;01/07/2022;499000;Denpasar;Bali;26989;Kartu Kredit;delivered;;;JNE
ORD001002;CUST0407;27/11/2023;63540;Pontianak;Kalimantan Barat;28438;QRIS;shipped;HARBOLNAS22;35460;SiCepat
ORD001003;CUST0296;15/05/2022;798000;Manado;Sulawesi Utara;40536;GoPay;delivered;;;Anteraja
ORD001004;CUST0521;15/02/2023;358869;Palembang;Sumatera Selatan;32643;Transfer Bank;processing;RAMADAN23;39131;JNE
ORD001005;CUST0498;21/01/2025;518000;Depok;Jawa Barat;13703;QRIS;delivered;;;SiCepat
ORD001006;CUST0453;25/12/2022;1375000;Malang;Jawa Timur;14426;QRIS;delivered;;;JNE
ORD001007;CUST0434;08/04/2023;1335000;Pekanbaru;Riau;32845;GoPay;shipped;;;SiCepat
ORD001008;CUST0217;08/06/2024;579682;Surabaya;Jawa Timur;14548;OVO;processing;WEEKEND25;17318;J&T
ORD001009;CUST0758;27/11/2024;209024;Tangerang;Banten;9850;QRIS;delivered;HARI BELANJA;19976;J&T
ORD001010;CUST0201;27/09/2024;939078;Yogyakarta;DI Yogyakarta;17309;GoPay;delivered;NEWUSER;27922;SiCepat
ORD001011;CUST0591;25/02/2023;449000;Pekanbaru;Riau;31977;GoPay;cancelled;;;J&T
ORD001012;CUST0235;20/08/2024;110744;Tangerang;Banten;9994;GoPay;delivered;MEMBER10;36256;J&T
ORD001013;CUST0214;23/09/2024;1497000;Padang;Sumatera Barat;24255;Transfer Bank;delivered;;;Pos Indonesia
ORD001014;CUST0244;16/03/2023;228000;Yogyakarta;DI Yogyakarta;13811;OVO;returned;;;J&T
ORD001015;CUST0057;30/10/2023;749634;Semarang;Jawa Tengah;12439;Transfer Bank;shipped;RAMADAN23;48366;SiCepat
ORD001016;CUST0471;26/05/2023;499000;Bandung;Jawa Barat;14212;Transfer Bank;cancelled;;;Anteraja
ORD001017;CUST0198;22/05/2024;512317;Manado;Sulawesi Utara;42231;Transfer Bank;shipped;MEMBER10;44683;Pos Indonesia
ORD001018;CUST0128;31/08/2023;685000;Banjarmasin;Kalimantan Selatan;38291;QRIS;cancelled;;;Anteraja
ORD001019;CUST0144;25/04/2022;770843;Banjarmasin;Kalimantan Selatan;39915;QRIS;processing;WEEKEND25;27157;JNE
ORD001020;CUST0783;14/11/2022;650160;Tangerang;Banten;12469;GoPay;delivered;NEWUSER;47840;SiCepat
ORD001021;CUST0683;24/10/2022;118000;Semarang;Jawa Tengah;13471;QRIS;delivered;;;Anteraja
ORD001022;CUST0180;08/10/2023;379727;Tangerang;Banten;11130;OVO;shipped;MEMBER10;26273;J&T
ORD001023;CUST0765;24/12/2024;199000;Makassar;Sulawesi Selatan;38311;Transfer Bank;returned;;;JNE
ORD001024;CUST0025;01/09/2024;998000;Pekanbaru;Riau;30186;GoPay;processing;;;J&T
ORD001025;CUST0716;17/08/2024;1854000;Yogyakarta;DI Yogyakarta;17995;Transfer Bank;cancelled;;;J&T
ORD001026;CUST0120;31/12/2023;625410;Pontianak;Kalimantan Barat;39875;Transfer Bank;delivered;FLASHSALE;32590;J&T
ORD001027;CUST0674;31/10/2024;500298;Banjarmasin;Kalimantan Selatan;40608;Transfer Bank;delivered;SALE2024;26702;Anteraja
ORD001028;CUST0738;03/11/2023;249000;Jakarta;DKI Jakarta;9963;OVO;returned;;;Pos Indonesia
ORD001029;CUST0364;15/11/2023;686000;Medan;Sumatera Utara;26694;Transfer Bank;cancelled;;;JNE
ORD001030;CUST0033;23/09/2024;997000;Balikpapan;Kalimantan Timur;32721;OVO;returned;;;J&T
ORD001031;CUST0734;03/04/2024;1177000;Medan;Sumatera Utara;32231;Transfer Bank;delivered;;;J&T
ORD001032;CUST0024;18/03/2024;206620;Makassar;Sulawesi Selatan;43592;OVO;delivered;WEEKEND25;31380;SiCepat
ORD001033;CUST0068;24/12/2023;403757;Makassar;Sulawesi Selatan;35439;Transfer Bank;shipped;MEMBER10;45243;JNE
ORD001034;CUST0788;05/03/2023;28938;Semarang;Jawa Tengah;13416;Transfer Bank;delivered;HARBOLNAS22;20062;JNE
ORD001035;CUST0764;01/04/2024;210440;Pontianak;Kalimantan Barat;31119;OVO;shipped;WEEKEND25;47560;Anteraja
ORD001036;CUST0145;01/09/2024;400339;Medan;Sumatera Utara;39273;GoPay;delivered;HARBOLNAS22;26661;JNE
ORD001037;CUST0383;03/05/2023;229000;Depok;Jawa Barat;9815;GoPay;delivered;;;J&T
ORD001038;CUST0340;11/02/2024;199000;Malang;Jawa Timur;14778;GoPay;delivered;;;J&T
ORD001039;CUST0303;01/06/2022;965281;Surabaya;Jawa Timur;12148;OVO;returned;SALE2024;31719;J&T
ORD001040;CUST0382;23/04/2023;199000;Bandung;Jawa Barat;14527;QRIS;delivered;;;SiCepat
ORD001041;CUST0241;24/05/2023;87570;Depok;Jawa Barat;11507;GoPay;delivered;FLASHSALE;20430;Anteraja
ORD001042;CUST0333;14/11/2023;421406;Padang;Sumatera Barat;31296;OVO;delivered;HARBOLNAS22;25594;JNE
ORD001043;CUST0021;26/06/2023;887000;Banjarmasin;Kalimantan Selatan;28114;OVO;delivered;;;JNE
ORD001044;CUST0226;11/12/2023;279000;Malang;Jawa Timur;19412;OVO;delivered;;;JNE
ORD001045;CUST0456;28/10/2023;267000;Makassar;Sulawesi Selatan;41151;Transfer Bank;delivered;;;J&T
ORD001046;CUST0453;25/06/2024;1093998;Medan;Sumatera Utara;26437;QRIS;delivered;FLASHSALE;21002;J&T
ORD001047;CUST0186;07/04/2022;227540;Semarang;Jawa Tengah;16273;OVO;delivered;NEWUSER;10460;JNE
ORD001048;CUST0704;09/02/2025;1064481;Bandung;Jawa Barat;10866;OVO;shipped;RAMADAN23;31519;SiCepat
ORD001049;CUST0713;30/01/2023;956000;Depok;Jawa Barat;10804;Transfer Bank;shipped;;;SiCepat
ORD001050;CUST0525;04/11/2023;309833;Bogor;Jawa Barat;12115;Kartu Kredit;returned;MEMBER10;48167;J&T
ORD001051;CUST0627;21/12/2024;676000;Denpasar;Bali;25122;GoPay;cancelled;;;SiCepat
ORD001052;CUST0175;13/03/2024;1032202;Palembang;Sumatera Selatan;27625;Transfer Bank;delivered;NEWUSER;43798;SiCepat
ORD001053;CUST0338;15/01/2025;716000;Manado;Sulawesi Utara;39031;GoPay;cancelled;;;J&T
ORD001054;CUST0388;27/05/2023;58481;Pontianak;Kalimantan Barat;33023;OVO;delivered;HARI BELANJA;40519;Pos Indonesia
ORD001055;CUST0398;21/11/2022;370485;Bekasi;Jawa Barat;9209;OVO;delivered;FLASHSALE;28515;J&T
ORD001056;CUST0014;14/04/2023;1235353;Depok;Jawa Barat;13948;GoPay;returned;WEEKEND25;30647;J&T
ORD001057;CUST0201;11/04/2023;299000;Yogyakarta;DI Yogyakarta;18823;GoPay;delivered;;;SiCepat
ORD001058;CUST0252;03/08/2023;578000;Balikpapan;Kalimantan Timur;42979;OVO;cancelled;;;J&T
ORD001059;CUST0153;04/07/2022;1755871;Pontianak;Kalimantan Barat;29206;Transfer Bank;returned;NEWUSER;49129;JNE
ORD001060;CUST0096;16/01/2025;283544;Pontianak;Kalimantan Barat;40383;Kartu Kredit;processing;SALE2024;45456;J&T
ORD001061;CUST0665;21/12/2023;665711;Surabaya;Jawa Timur;15163;Transfer Bank;delivered;FLASHSALE;32289;SiCepat
ORD001062;CUST0595;14/03/2023;528000;Surabaya;Jawa Timur;14726;GoPay;delivered;;;J&T
ORD001063;CUST0197;02/10/2024;398000;Depok;Jawa Barat;12367;Transfer Bank;delivered;;;SiCepat
ORD001064;CUST0146;19/02/2025;599000;Depok;Jawa Barat;10505;Transfer Bank;delivered;;;J&T
ORD001065;CUST0621;30/11/2022;499000;Malang;Jawa Timur;21517;OVO;returned;;;SiCepat
ORD001066;CUST0259;15/01/2023;407000;Banjarmasin;Kalimantan Selatan;35792;Kartu Kredit;cancelled;;;J&T
ORD001067;CUST0603;24/02/2024;249000;Padang;Sumatera Barat;33469;QRIS;processing;;;SiCepat
ORD001068;CUST0164;02/07/2023;59000;Balikpapan;Kalimantan Timur;32063;Kartu Kredit;delivered;;;SiCepat
ORD001069;CUST0324;11/09/2023;598000;Balikpapan;Kalimantan Timur;38871;GoPay;delivered;;;JNE
ORD001070;CUST0531;24/12/2024;488000;Banjarmasin;Kalimantan Selatan;29296;QRIS;delivered;;;Pos Indonesia
ORD001071;CUST0332;16/05/2022;119000;Palembang;Sumatera Selatan;31303;GoPay;shipped;;;JNE
ORD001072;CUST0264;06/02/2025;329000;Banjarmasin;Kalimantan Selatan;31563;GoPay;delivered;;;JNE
ORD001073;CUST0714;14/05/2024;79000;Medan;Sumatera Utara;32669;GoPay;cancelled;;;Pos Indonesia
ORD001074;CUST0157;13/03/2024;497000;Yogyakarta;DI Yogyakarta;19517;OVO;delivered;;;Pos Indonesia
ORD001075;CUST0077;02/07/2024;59000;Medan;Sumatera Utara;36937;OVO;delivered;;;JNE
ORD001076;CUST0592;03/11/2024;378000;Bandung;Jawa Barat;14772;GoPay;cancelled;;;Anteraja
ORD001077;CUST0689;27/02/2024;628000;Medan;Sumatera Utara;25295;Transfer Bank;shipped;;;Pos Indonesia
ORD001078;CUST0122;17/12/2023;69000;Bandung;Jawa Barat;13279;GoPay;cancelled;;;J&T
ORD001079;CUST0057;02/05/2023;111981;Semarang;Jawa Tengah;13842;GoPay;delivered;MEMBER10;37019;J&T
ORD001080;CUST0086;03/06/2024;129000;Malang;Jawa Timur;21588;Kartu Kredit;cancelled;;;JNE
ORD001081;CUST0029;12/01/2024;398000;Yogyakarta;DI Yogyakarta;15850;OVO;delivered;;;JNE
ORD001082;CUST0635;12/02/2025;607000;Pontianak;Kalimantan Barat;35755;Transfer Bank;delivered;;;SiCepat
ORD001083;CUST0767;09/02/2025;504160;Yogyakarta;DI Yogyakarta;15838;Transfer Bank;shipped;FLASHSALE;23840;SiCepat
ORD001084;CUST0452;28/11/2023;927000;Semarang;Jawa Tengah;13537;Transfer Bank;cancelled;;;Pos Indonesia
ORD001085;CUST0704;18/07/2024;398000;Bandung;Jawa Barat;13086;Kartu Kredit;delivered;;;J&T
ORD001086;CUST0614;17/06/2024;536000;Medan;Sumatera Utara;36855;GoPay;delivered;;;JNE
ORD001087;CUST0516;24/05/2023;138000;Denpasar;Bali;25824;GoPay;delivered;;;JNE
ORD001088;CUST0325;24/08/2022;1095000;Tangerang;Banten;9796;QRIS;delivered;;;Pos Indonesia
ORD001089;CUST0625;11/12/2024;35988;Jakarta;DKI Jakarta;11352;Transfer Bank;delivered;HARI BELANJA;23012;SiCepat
ORD001090;CUST0667;01/09/2023;267250;Surabaya;Jawa Timur;13279;Transfer Bank;cancelled;FLASHSALE;31750;JNE
ORD001091;CUST0304;27/03/2024;428000;Surabaya;Jawa Timur;15967;QRIS;delivered;;;JNE
ORD001092;CUST0553;13/05/2023;298000;Malang;Jawa Timur;15429;OVO;cancelled;;;Pos Indonesia
ORD001093;CUST0185;03/07/2022;537000;Padang;Sumatera Barat;32176;GoPay;delivered;;;JNE
ORD001094;CUST0516;15/10/2024;89000;Denpasar;Bali;28876;GoPay;cancelled;;;J&T
ORD001095;CUST0302;09/01/2025;1125000;Manado;Sulawesi Utara;42000;QRIS;delivered;;;Anteraja
ORD001096;CUST0341;23/02/2024;658000;Bogor;Jawa Barat;12057;GoPay;delivered;;;SiCepat
ORD001097;CUST0302;14/04/2023;766000;Manado;Sulawesi Utara;42962;GoPay;delivered;;;Anteraja
ORD001098;CUST0064;01/02/2025;453536;Bekasi;Jawa Barat;11746;OVO;delivered;NEWUSER;13464;Anteraja
ORD001099;CUST0219;06/11/2024;279000;Pekanbaru;Riau;23104;GoPay;shipped;;;JNE
ORD001100;CUST0108;07/02/2022;118000;Yogyakarta;DI Yogyakarta;13117;GoPay;processing;;;J&T
ORD001101;CUST0327;12/05/2024;59000;Denpasar;Bali;28366;GoPay;delivered;;;JNE
ORD001102;CUST0170;22/09/2024;578000;Bekasi;Jawa Barat;11773;Transfer Bank;cancelled;;;Anteraja
ORD001103;CUST0629;30/10/2023;537000;Padang;Sumatera Barat;32617;Kartu Kredit;delivered;;;J&T
ORD001104;CUST0037;08/01/2023;764901;Depok;Jawa Barat;10804;Kartu Kredit;delivered;SALE2024;11099;SiCepat
ORD001105;CUST0213;17/07/2024;499000;Medan;Sumatera Utara;29800;Transfer Bank;delivered;;;Anteraja
ORD001106;CUST0720;06/06/2024;199000;Palembang;Sumatera Selatan;30670;GoPay;delivered;;;JNE
ORD001107;CUST0460;15/05/2024;498000;Jakarta;DKI Jakarta;9665;Transfer Bank;delivered;;;SiCepat
ORD001108;CUST0652;08/08/2024;123044;Denpasar;Bali;26967;Transfer Bank;returned;FLASHSALE;23956;JNE
ORD001109;CUST0348;19/12/2024;647000;Bandung;Jawa Barat;10498;QRIS;processing;;;JNE
ORD001110;CUST0024;26/03/2023;329000;Makassar;Sulawesi Selatan;42505;OVO;delivered;;;J&T
ORD001111;CUST0718;26/10/2024;49000;Pontianak;Kalimantan Barat;35506;OVO;delivered;;;JNE
ORD001112;CUST0369;21/07/2024;555256;Pekanbaru;Riau;26677;GoPay;shipped;MEMBER10;43744;JNE
ORD001113;CUST0688;24/02/2025;179315;Malang;Jawa Timur;18091;OVO;delivered;HARI BELANJA;38685;SiCepat
ORD001114;CUST0030;29/07/2022;558000;Pekanbaru;Riau;33098;OVO;cancelled;;;J&T
ORD001115;CUST0652;07/06/2024;83029;Denpasar;Bali;22109;QRIS;delivered;HARI BELANJA;15971;Anteraja
ORD001116;CUST0778;08/09/2023;434454;Malang;Jawa Timur;17475;GoPay;delivered;NEWUSER;23546;Anteraja
ORD001117;CUST0469;11/04/2023;440877;Surabaya;Jawa Timur;12173;Transfer Bank;shipped;WEEKEND25;34123;J&T
ORD001118;CUST0474;22/10/2024;2006961;Tangerang;Banten;13052;GoPay;delivered;RAMADAN23;39039;J&T
ORD001119;CUST0118;29/06/2023;179000;Malang;Jawa Timur;21352;Transfer Bank;delivered;;;J&T
ORD001120;CUST0376;31/01/2022;631936;Banjarmasin;Kalimantan Selatan;38956;Kartu Kredit;shipped;SALE2024;16064;J&T
ORD001121;CUST0307;16/06/2024;907000;Pontianak;Kalimantan Barat;32847;GoPay;delivered;;;JNE
ORD001122;CUST0475;24/09/2023;179000;Palembang;Sumatera Selatan;24318;GoPay;delivered;;;SiCepat
ORD001123;CUST0173;29/05/2024;549000;Jakarta;DKI Jakarta;11017;OVO;delivered;;;Pos Indonesia
ORD001124;CUST0023;06/02/2024;327169;Tangerang;Banten;9725;Kartu Kredit;cancelled;HARI BELANJA;49831;J&T
ORD001125;CUST0259;08/11/2022;371831;Bekasi;Jawa Barat;11477;GoPay;delivered;NEWUSER;27169;Anteraja
ORD001126;CUST0515;03/08/2024;637122;Medan;Sumatera Utara;34843;Kartu Kredit;shipped;RAMADAN23;19878;SiCepat
ORD001127;CUST0027;03/10/2024;518000;Semarang;Jawa Tengah;16116;Transfer Bank;delivered;;;JNE
ORD001128;CUST0052;17/11/2024;1054372;Semarang;Jawa Tengah;16738;GoPay;delivered;HARBOLNAS22;43628;SiCepat
ORD001129;CUST0158;07/04/2022;803000;Bandung;Jawa Barat;14600;OVO;shipped;;;JNE
ORD001130;CUST0713;03/02/2025;158000;Depok;Jawa Barat;10783;OVO;cancelled;;;JNE
ORD001131;CUST0037;04/01/2023;149000;Depok;Jawa Barat;10687;Kartu Kredit;delivered;;;Anteraja
ORD001132;CUST0505;16/09/2022;663272;Pontianak;Kalimantan Barat;33651;Transfer Bank;shipped;RAMADAN23;34728;J&T
ORD001133;CUST0775;13/02/2024;499000;Manado;Sulawesi Utara;35208;OVO;returned;;;J&T
ORD001134;CUST0774;31/01/2023;162616;Padang;Sumatera Barat;33393;OVO;cancelled;MEMBER10;36384;JNE
ORD001135;CUST0612;13/07/2024;199000;Pekanbaru;Riau;26023;Kartu Kredit;delivered;;;SiCepat
ORD001136;CUST0761;27/09/2024;611378;Yogyakarta;DI Yogyakarta;13216;OVO;cancelled;HARBOLNAS22;36622;JNE
ORD001137;CUST0346;10/08/2024;616000;Medan;Sumatera Utara;36400;GoPay;delivered;;;JNE
ORD001138;CUST0146;30/06/2024;309245;Depok;Jawa Barat;10158;OVO;delivered;RAMADAN23;47755;J&T
ORD001139;CUST0431;30/04/2024;248000;Banjarmasin;Kalimantan Selatan;30704;Kartu Kredit;delivered;;;J&T
ORD001140;CUST0651;18/04/2023;1197000;Pontianak;Kalimantan Barat;32228;OVO;delivered;;;J&T
ORD001141;CUST0492;04/02/2025;87492;Pekanbaru;Riau;30046;Kartu Kredit;delivered;HARI BELANJA;41508;J&T
ORD001142;CUST0410;12/05/2022;168579;Semarang;Jawa Tengah;12039;GoPay;delivered;RAMADAN23;30421;SiCepat
ORD001143;CUST0729;29/07/2023;637000;Malang;Jawa Timur;17392;GoPay;delivered;;;J&T
ORD001144;CUST0341;21/12/2023;753000;Bogor;Jawa Barat;12872;QRIS;delivered;;;J&T
ORD001145;CUST0512;26/05/2023;100214;Semarang;Jawa Tengah;14376;Kartu Kredit;shipped;WEEKEND25;37786;SiCepat
ORD001146;CUST0030;28/01/2022;987000;Pekanbaru;Riau;31846;QRIS;shipped;;;JNE
ORD001147;CUST0386;30/08/2024;1248929;Padang;Sumatera Barat;26059;OVO;shipped;HARBOLNAS22;48071;SiCepat
ORD001148;CUST0333;15/11/2024;762437;Palembang;Sumatera Selatan;34943;OVO;delivered;RAMADAN23;14563;SiCepat
ORD001149;CUST0194;26/12/2023;377000;Tangerang;Banten;9157;Transfer Bank;processing;;;SiCepat
ORD001150;CUST0177;11/10/2024;119000;Bekasi;Jawa Barat;13721;GoPay;shipped;;;J&T
ORD001151;CUST0397;10/06/2023;618000;Balikpapan;Kalimantan Timur;31385;QRIS;processing;;;J&T
ORD001152;CUST0013;29/12/2022;174051;Bandung;Jawa Barat;13660;Transfer Bank;delivered;WEEKEND25;23949;J&T
ORD001153;CUST0565;14/03/2023;1402860;Banjarmasin;Kalimantan Selatan;39997;GoPay;delivered;MEMBER10;32140;JNE
ORD001154;CUST0460;24/02/2023;1626000;Jakarta;DKI Jakarta;8167;Kartu Kredit;cancelled;;;SiCepat
ORD001155;CUST0653;11/04/2024;199000;Denpasar;Bali;22453;Kartu Kredit;cancelled;;;Anteraja
ORD001156;CUST0484;22/07/2024;149000;Medan;Sumatera Utara;34089;Transfer Bank;delivered;;;Anteraja
ORD001157;CUST0729;11/02/2023;128000;Malang;Jawa Timur;15064;Kartu Kredit;shipped;;;JNE
ORD001158;CUST0075;16/01/2025;777000;Semarang;Jawa Tengah;12989;Transfer Bank;delivered;;;JNE
ORD001159;CUST0517;15/10/2023;658000;Tangerang;Banten;11485;Transfer Bank;processing;;;Anteraja
ORD001160;CUST0784;06/12/2023;408000;Tangerang;Banten;12955;QRIS;delivered;;;SiCepat
ORD001161;CUST0648;06/04/2022;565000;Balikpapan;Kalimantan Timur;31553;Transfer Bank;processing;;;SiCepat
ORD001162;CUST0586;20/01/2025;158895;Manado;Sulawesi Utara;38649;GoPay;delivered;FLASHSALE;40105;J&T
ORD001163;CUST0065;25/07/2023;449000;Banjarmasin;Kalimantan Selatan;30188;QRIS;processing;;;JNE
ORD001164;CUST0608;15/01/2024;2053317;Manado;Sulawesi Utara;36029;GoPay;processing;HARBOLNAS22;42683;J&T
ORD001165;CUST0771;31/10/2024;548000;Banjarmasin;Kalimantan Selatan;31843;Transfer Bank;delivered;;;JNE
ORD001166;CUST0701;12/07/2023;119000;Pontianak;Kalimantan Barat;35778;Kartu Kredit;shipped;;;JNE
ORD001167;CUST0405;03/05/2023;106298;Denpasar;Bali;28353;Transfer Bank;delivered;HARBOLNAS22;22702;Pos Indonesia
ORD001168;CUST0315;25/03/2023;1559672;Bogor;Jawa Barat;11522;GoPay;delivered;SALE2024;34328;SiCepat
ORD001169;CUST0454;20/01/2023;429390;Surabaya;Jawa Timur;15780;Kartu Kredit;processing;FLASHSALE;19610;SiCepat
ORD001170;CUST0663;13/08/2022;205242;Balikpapan;Kalimantan Timur;36030;Transfer Bank;delivered;FLASHSALE;23758;J&T
ORD001171;CUST0410;20/07/2024;358000;Semarang;Jawa Tengah;13114;GoPay;delivered;;;Pos Indonesia
ORD001172;CUST0164;08/09/2024;168000;Bandung;Jawa Barat;11794;GoPay;delivered;;;J&T
ORD001173;CUST0786;29/12/2024;299000;Bogor;Jawa Barat;14450;OVO;delivered;;;SiCepat
ORD001174;CUST0274;29/04/2023;288000;Surabaya;Jawa Timur;17593;Transfer Bank;shipped;;;Anteraja
ORD001175;CUST0131;29/08/2023;448000;Bekasi;Jawa Barat;9103;Transfer Bank;delivered;;;JNE
ORD001176;CUST0554;21/11/2022;1336000;Semarang;Jawa Tengah;15027;Kartu Kredit;delivered;;;J&T
ORD001177;CUST0685;01/05/2023;1129503;Padang;Sumatera Barat;35686;Transfer Bank;processing;NEWUSER;47497;JNE
ORD001178;CUST0039;20/08/2023;1000;Padang;Sumatera Barat;35090;OVO;cancelled;FLASHSALE;48000;SiCepat
ORD001179;CUST0691;26/06/2023;89000;Jakarta;DKI Jakarta;8330;OVO;shipped;;;JNE
ORD001180;CUST0665;22/11/2024;138000;Surabaya;Jawa Timur;15303;OVO;delivered;;;JNE
ORD001181;CUST0591;08/07/2024;94023;Pekanbaru;Riau;31561;GoPay;shipped;HARI BELANJA;34977;Anteraja
ORD001182;CUST0173;12/06/2023;237527;Pekanbaru;Riau;28560;Transfer Bank;shipped;MEMBER10;10473;JNE
ORD001183;CUST0206;11/06/2024;399000;Bogor;Jawa Barat;12342;GoPay;delivered;;;SiCepat
ORD001184;CUST0223;24/03/2022;179000;Jakarta;DKI Jakarta;10712;Transfer Bank;processing;;;J&T
ORD001185;CUST0172;22/07/2023;928000;Padang;Sumatera Barat;27356;OVO;processing;;;JNE
ORD001186;CUST0067;01/07/2023;658000;Jakarta;DKI Jakarta;10376;Transfer Bank;shipped;;;J&T
ORD001187;CUST0158;30/05/2023;119000;Bandung;Jawa Barat;14568;Kartu Kredit;shipped;;;JNE
ORD001188;CUST0287;26/07/2022;1056000;Denpasar;Bali;30098;OVO;delivered;;;J&T
ORD001189;CUST0733;31/07/2023;885000;Makassar;Sulawesi Selatan;34917;Transfer Bank;delivered;;;JNE
ORD001190;CUST0729;19/09/2023;697000;Malang;Jawa Timur;16717;GoPay;delivered;;;Pos Indonesia
ORD001191;CUST0093;17/09/2024;446808;Bandung;Jawa Barat;13645;Transfer Bank;processing;SALE2024;31192;J&T
ORD001192;CUST0060;17/01/2022;468015;Manado;Sulawesi Utara;43027;GoPay;delivered;WEEKEND25;48985;SiCepat
ORD001193;CUST0338;06/02/2023;191501;Tangerang;Banten;12185;Transfer Bank;delivered;MEMBER10;37499;J&T
ORD001194;CUST0637;01/07/2023;399000;Manado;Sulawesi Utara;32960;Transfer Bank;delivered;;;J&T
ORD001195;CUST0084;06/03/2023;1166000;Jakarta;DKI Jakarta;9384;Transfer Bank;processing;;;SiCepat
ORD001196;CUST0515;03/12/2024;40414;Medan;Sumatera Utara;39793;OVO;delivered;FLASHSALE;18586;SiCepat
ORD001197;CUST0557;22/12/2023;426351;Tangerang;Banten;9822;Kartu Kredit;delivered;HARI BELANJA;22649;J&T
ORD001198;CUST0532;03/01/2022;678000;Manado;Sulawesi Utara;36821;Kartu Kredit;cancelled;;;JNE
ORD001199;CUST0093;19/10/2024;119000;Bandung;Jawa Barat;10949;Transfer Bank;delivered;;;SiCepat
ORD001200;CUST0688;08/10/2024;698846;Manado;Sulawesi Utara;38746;GoPay;delivered;SALE2024;49154;J&T
ORD001201;CUST0209;30/09/2024;648687;Makassar;Sulawesi Selatan;42802;Kartu Kredit;returned;NEWUSER;28313;JNE
ORD001202;CUST0591;02/03/2023;598000;Pekanbaru;Riau;26344;Transfer Bank;delivered;;;Pos Indonesia
ORD001203;CUST0372;13/06/2024;558000;Bandung;Jawa Barat;13677;Transfer Bank;delivered;;;J&T
ORD001204;CUST0759;21/01/2022;497000;Malang;Jawa Timur;14487;QRIS;delivered;;;SiCepat
ORD001205;CUST0659;04/02/2022;616000;Palembang;Sumatera Selatan;24158;Kartu Kredit;shipped;;;SiCepat
ORD001206;CUST0508;02/03/2024;119000;Manado;Sulawesi Utara;34468;Transfer Bank;processing;;;SiCepat
ORD001207;CUST0718;28/02/2024;116471;Pontianak;Kalimantan Barat;37546;OVO;shipped;HARBOLNAS22;32529;J&T
ORD001208;CUST0168;25/03/2022;147000;Banjarmasin;Kalimantan Selatan;31557;Kartu Kredit;delivered;;;JNE
ORD001209;CUST0417;23/09/2024;256045;Medan;Sumatera Utara;35013;GoPay;delivered;FLASHSALE;11955;JNE
ORD001210;CUST0414;26/11/2022;279000;Bekasi;Jawa Barat;13108;Transfer Bank;processing;;;SiCepat
ORD001211;CUST0226;18/11/2024;678749;Tangerang;Banten;13681;OVO;delivered;HARI BELANJA;38251;JNE
ORD001212;CUST0184;22/04/2023;406536;Medan;Sumatera Utara;33743;Transfer Bank;delivered;MEMBER10;42464;J&T
ORD001213;CUST0143;13/11/2024;2298567;Medan;Sumatera Utara;29808;OVO;delivered;HARI BELANJA;35433;J&T
ORD001214;CUST0087;13/07/2022;599000;Malang;Jawa Timur;19891;GoPay;delivered;;;SiCepat
ORD001215;CUST0410;30/10/2024;458000;Semarang;Jawa Tengah;17530;GoPay;shipped;;;JNE
ORD001216;CUST0701;03/03/2023;171423;Pekanbaru;Riau;24164;Transfer Bank;shipped;FLASHSALE;35577;JNE
ORD001217;CUST0035;24/06/2022;474080;Pontianak;Kalimantan Barat;33061;OVO;cancelled;FLASHSALE;24920;J&T
ORD001218;CUST0339;07/02/2023;787566;Semarang;Jawa Tengah;16219;Transfer Bank;cancelled;RAMADAN23;10434;JNE
ORD001219;CUST0620;30/03/2022;916000;Denpasar;Bali;24229;Kartu Kredit;delivered;;;JNE
ORD001220;CUST0498;23/05/2024;548000;Semarang;Jawa Tengah;17578;Kartu Kredit;delivered;;;SiCepat
ORD001221;CUST0099;17/02/2025;778000;Depok;Jawa Barat;9759;Transfer Bank;shipped;;;J&T
ORD001222;CUST0698;28/03/2024;748000;Pekanbaru;Riau;28691;GoPay;delivered;;;SiCepat
ORD001223;CUST0290;28/06/2024;938595;Palembang;Sumatera Selatan;25493;Kartu Kredit;delivered;SALE2024;18405;J&T
ORD001224;CUST0655;04/06/2023;1152526;Bogor;Jawa Barat;13816;QRIS;shipped;SALE2024;43474;SiCepat
ORD001225;CUST0484;15/05/2023;671821;Medan;Sumatera Utara;32129;GoPay;delivered;HARI BELANJA;15179;JNE
ORD001226;CUST0741;21/01/2024;1983742;Pekanbaru;Riau;25401;Transfer Bank;processing;RAMADAN23;12258;JNE
ORD001227;CUST0493;29/12/2024;1227000;Denpasar;Bali;24314;Transfer Bank;shipped;;;JNE
ORD001228;CUST0612;12/05/2023;861073;Pekanbaru;Riau;27109;Transfer Bank;delivered;NEWUSER;25927;JNE
ORD001229;CUST0284;06/08/2024;465126;Bandung;Jawa Barat;13828;Transfer Bank;delivered;HARI BELANJA;33874;JNE
ORD001230;CUST0757;12/12/2024;1325469;Bogor;Jawa Barat;10563;OVO;delivered;FLASHSALE;47531;JNE
ORD001231;CUST0605;09/10/2023;777000;Tangerang;Banten;12580;QRIS;delivered;;;JNE
ORD001232;CUST0330;30/01/2023;864470;Jakarta;DKI Jakarta;9187;GoPay;shipped;HARI BELANJA;42530;Pos Indonesia
ORD001233;CUST0262;08/01/2022;179000;Medan;Sumatera Utara;31735;Kartu Kredit;returned;;;J&T
ORD001234;CUST0166;28/09/2024;947141;Tangerang;Banten;10482;Kartu Kredit;shipped;MEMBER10;38859;JNE
ORD001235;CUST0137;26/12/2023;377000;Surabaya;Jawa Timur;13687;Transfer Bank;delivered;;;JNE
ORD001236;CUST0411;02/07/2024;456000;Balikpapan;Kalimantan Timur;35772;QRIS;delivered;;;JNE
ORD001237;CUST0593;03/09/2024;1461520;Bekasi;Jawa Barat;13266;OVO;returned;HARBOLNAS22;35480;SiCepat
ORD001238;CUST0768;22/09/2023;179000;Denpasar;Bali;31592;Transfer Bank;delivered;;;SiCepat
ORD001239;CUST0098;24/07/2022;327000;Bekasi;Jawa Barat;11864;QRIS;shipped;;;SiCepat
ORD001240;CUST0512;30/04/2024;129000;Semarang;Jawa Tengah;15359;Transfer Bank;shipped;;;J&T
ORD001241;CUST0505;19/06/2023;449000;Pontianak;Kalimantan Barat;40915;OVO;delivered;;;SiCepat
ORD001242;CUST0599;01/09/2023;462390;Balikpapan;Kalimantan Timur;43098;Transfer Bank;delivered;HARI BELANJA;36610;J&T
ORD001243;CUST0118;02/01/2023;917000;Bekasi;Jawa Barat;9671;Transfer Bank;delivered;;;J&T
ORD001244;CUST0777;20/10/2022;444546;Medan;Sumatera Utara;25041;Kartu Kredit;delivered;RAMADAN23;32454;J&T
ORD001245;CUST0493;30/11/2023;31256;Padang;Sumatera Barat;31441;OVO;delivered;WEEKEND25;17744;J&T
ORD001246;CUST0047;15/04/2024;737266;Malang;Jawa Timur;16503;Transfer Bank;delivered;FLASHSALE;40734;J&T
ORD001247;CUST0107;12/11/2024;558425;Depok;Jawa Barat;12636;OVO;delivered;RAMADAN23;40575;Anteraja
ORD001248;CUST0693;26/11/2023;279000;Manado;Sulawesi Utara;38778;Transfer Bank;returned;;;J&T
ORD001249;CUST0657;25/07/2024;1131251;Padang;Sumatera Barat;36389;GoPay;shipped;NEWUSER;22749;J&T
ORD001250;CUST0421;02/08/2023;279000;Jakarta;DKI Jakarta;8822;Transfer Bank;delivered;;;J&T
ORD001251;CUST0271;15/09/2024;70973;Balikpapan;Kalimantan Timur;36344;GoPay;delivered;NEWUSER;28027;J&T
ORD001252;CUST0454;21/02/2025;354645;Makassar;Sulawesi Selatan;40461;Transfer Bank;delivered;MEMBER10;44355;J&T
ORD001253;CUST0626;21/04/2023;753596;Jakarta;DKI Jakarta;9363;Kartu Kredit;delivered;HARI BELANJA;44404;SiCepat
ORD001254;CUST0008;07/09/2023;328000;Denpasar;Bali;28743;GoPay;delivered;;;JNE
ORD001255;CUST0538;26/05/2022;927000;Depok;Jawa Barat;12888;Transfer Bank;delivered;;;Pos Indonesia
ORD001256;CUST0264;04/06/2024;965000;Banjarmasin;Kalimantan Selatan;40092;Kartu Kredit;delivered;;;J&T
ORD001257;CUST0664;26/12/2023;929280;Depok;Jawa Barat;12537;OVO;delivered;HARBOLNAS22;47720;Anteraja
ORD001258;CUST0291;02/02/2024;1234820;Jakarta;DKI Jakarta;8733;OVO;delivered;HARI BELANJA;41180;J&T
ORD001259;CUST0580;17/04/2024;129000;Denpasar;Bali;23867;Kartu Kredit;delivered;;;JNE
ORD001260;CUST0277;17/08/2024;542407;Malang;Jawa Timur;21004;GoPay;cancelled;WEEKEND25;44593;Anteraja
ORD001261;CUST0482;02/08/2023;238000;Bandung;Jawa Barat;14438;OVO;delivered;;;JNE
ORD001262;CUST0584;16/04/2022;1083935;Tangerang;Banten;11981;OVO;delivered;HARBOLNAS22;42065;Pos Indonesia
ORD001263;CUST0593;21/01/2022;357000;Depok;Jawa Barat;11976;Transfer Bank;delivered;;;J&T
ORD001264;CUST0780;10/11/2024;619633;Medan;Sumatera Utara;36972;Transfer Bank;returned;NEWUSER;38367;SiCepat
ORD001265;CUST0337;22/12/2024;168000;Balikpapan;Kalimantan Timur;34768;Kartu Kredit;shipped;;;J&T
ORD001266;CUST0519;26/11/2023;556000;Makassar;Sulawesi Selatan;34199;Transfer Bank;cancelled;;;J&T
ORD001267;CUST0043;19/11/2024;49000;Manado;Sulawesi Utara;35532;Transfer Bank;returned;;;Pos Indonesia
ORD001268;CUST0351;20/10/2023;608000;Tangerang;Banten;10017;OVO;delivered;;;SiCepat
ORD001269;CUST0170;28/02/2025;1116663;Tangerang;Banten;11168;QRIS;returned;SALE2024;40337;JNE
ORD001270;CUST0214;04/01/2025;1090801;Padang;Sumatera Barat;34288;OVO;delivered;HARBOLNAS22;35199;J&T
ORD001271;CUST0530;10/01/2022;876679;Manado;Sulawesi Utara;34038;Kartu Kredit;delivered;HARI BELANJA;49321;JNE
ORD001272;CUST0458;26/10/2024;652887;Depok;Jawa Barat;10231;Transfer Bank;shipped;RAMADAN23;45113;SiCepat
ORD001273;CUST0161;07/11/2023;365071;Depok;Jawa Barat;10131;GoPay;delivered;FLASHSALE;33929;JNE
ORD001274;CUST0663;25/07/2023;857000;Balikpapan;Kalimantan Timur;38617;OVO;delivered;;;Anteraja
ORD001275;CUST0745;11/10/2024;217679;Denpasar;Bali;28221;GoPay;delivered;RAMADAN23;31321;SiCepat
ORD001276;CUST0755;05/10/2022;798000;Tangerang;Banten;11360;GoPay;delivered;;;JNE
ORD001277;CUST0370;20/06/2023;245391;Palembang;Sumatera Selatan;34674;QRIS;delivered;HARI BELANJA;31609;J&T
ORD001278;CUST0308;21/08/2023;599000;Denpasar;Bali;28079;Transfer Bank;delivered;;;JNE
ORD001279;CUST0152;19/12/2024;658000;Palembang;Sumatera Selatan;29905;OVO;shipped;;;JNE
ORD001280;CUST0615;19/02/2025;576000;Semarang;Jawa Tengah;15408;GoPay;delivered;;;SiCepat
ORD001281;CUST0501;12/06/2022;149000;Bogor;Jawa Barat;12814;QRIS;cancelled;;;SiCepat
ORD001282;CUST0385;30/03/2023;398000;Surabaya;Jawa Timur;13253;GoPay;shipped;;;J&T
ORD001283;CUST0116;09/04/2024;15854;Malang;Jawa Timur;21425;QRIS;processing;MEMBER10;33146;JNE
ORD001284;CUST0365;29/06/2024;845000;Bogor;Jawa Barat;11534;QRIS;delivered;;;J&T
ORD001285;CUST0783;02/09/2023;176959;Tangerang;Banten;11917;Kartu Kredit;delivered;RAMADAN23;41041;SiCepat
ORD001286;CUST0091;22/06/2023;279000;Makassar;Sulawesi Selatan;35260;Kartu Kredit;delivered;;;SiCepat
ORD001287;CUST0048;22/10/2024;308000;Bandung;Jawa Barat;13442;Transfer Bank;delivered;;;Pos Indonesia
ORD001288;CUST0035;07/09/2023;329000;Bogor;Jawa Barat;10760;Transfer Bank;processing;;;JNE
ORD001289;CUST0195;08/12/2024;1436000;Bekasi;Jawa Barat;13674;GoPay;delivered;;;JNE
ORD001290;CUST0065;07/10/2024;217483;Pekanbaru;Riau;26642;QRIS;delivered;SALE2024;10517;JNE
ORD001291;CUST0557;23/09/2023;329000;Tangerang;Banten;11408;Transfer Bank;processing;;;J&T
ORD001292;CUST0282;15/05/2024;748000;Tangerang;Banten;10590;Kartu Kredit;processing;;;SiCepat
ORD001293;CUST0531;18/12/2022;313833;Banjarmasin;Kalimantan Selatan;41513;Kartu Kredit;delivered;MEMBER10;35167;J&T
ORD001294;CUST0625;20/10/2023;414172;Jakarta;DKI Jakarta;9021;Transfer Bank;delivered;SALE2024;34828;SiCepat
ORD001295;CUST0598;19/09/2024;418000;Denpasar;Bali;29652;GoPay;delivered;;;Pos Indonesia
ORD001296;CUST0150;21/11/2023;69000;Makassar;Sulawesi Selatan;34362;GoPay;delivered;;;JNE
ORD001297;CUST0572;13/01/2024;138000;Semarang;Jawa Tengah;12526;Transfer Bank;delivered;;;Anteraja
ORD001298;CUST0338;22/07/2023;75894;Bekasi;Jawa Barat;12681;OVO;shipped;FLASHSALE;32106;SiCepat
ORD001299;CUST0069;30/03/2024;636000;Makassar;Sulawesi Selatan;42265;GoPay;delivered;;;SiCepat
ORD001300;CUST0262;07/02/2025;218000;Denpasar;Bali;22909;Transfer Bank;delivered;;;JNE
ORD001301;CUST0141;03/06/2022;514746;Malang;Jawa Timur;14759;OVO;delivered;FLASHSALE;13254;SiCepat
ORD001302;CUST0557;07/05/2022;199000;Yogyakarta;DI Yogyakarta;18812;OVO;cancelled;;;J&T
ORD001303;CUST0606;25/01/2024;1064091;Bandung;Jawa Barat;11697;Transfer Bank;delivered;MEMBER10;32909;J&T
ORD001304;CUST0471;19/02/2025;279000;Bogor;Jawa Barat;12964;OVO;delivered;;;SiCepat
ORD001305;CUST0098;07/02/2025;299000;Bekasi;Jawa Barat;13127;Kartu Kredit;delivered;;;Anteraja
ORD001306;CUST0737;02/04/2023;59000;Malang;Jawa Timur;14088;OVO;delivered;;;Anteraja
ORD001307;CUST0348;27/04/2024;252688;Bandung;Jawa Barat;12314;QRIS;delivered;MEMBER10;26312;SiCepat
ORD001308;CUST0090;14/07/2023;92581;Bandung;Jawa Barat;10354;Transfer Bank;delivered;SALE2024;26419;JNE
ORD001309;CUST0465;05/06/2023;697000;Surabaya;Jawa Timur;13137;Kartu Kredit;shipped;;;J&T
ORD001310;CUST0767;30/11/2024;367000;Palembang;Sumatera Selatan;29986;Transfer Bank;delivered;;;J&T
ORD001311;CUST0614;08/03/2023;807000;Medan;Sumatera Utara;38037;Transfer Bank;processing;;;SiCepat
ORD001312;CUST0429;29/01/2023;161982;Medan;Sumatera Utara;29862;Transfer Bank;cancelled;MEMBER10;37018;SiCepat
ORD001313;CUST0768;21/06/2024;248287;Bekasi;Jawa Barat;9904;OVO;delivered;HARBOLNAS22;30713;JNE
ORD001314;CUST0101;07/04/2022;437000;Semarang;Jawa Tengah;14990;OVO;delivered;;;J&T
ORD001315;CUST0199;01/01/2023;341716;Semarang;Jawa Tengah;16425;Kartu Kredit;delivered;SALE2024;16284;SiCepat
ORD001316;CUST0474;09/12/2022;1296000;Banjarmasin;Kalimantan Selatan;29823;Kartu Kredit;delivered;;;SiCepat
ORD001317;CUST0579;15/02/2024;348000;Palembang;Sumatera Selatan;30832;GoPay;delivered;;;J&T
ORD001318;CUST0243;01/01/2025;417000;Malang;Jawa Timur;14566;QRIS;shipped;;;SiCepat
ORD001319;CUST0385;01/08/2023;118000;Surabaya;Jawa Timur;17844;Kartu Kredit;shipped;;;JNE
ORD001320;CUST0153;19/02/2025;1246000;Pontianak;Kalimantan Barat;41777;GoPay;delivered;;;J&T
ORD001321;CUST0664;21/03/2023;1047000;Yogyakarta;DI Yogyakarta;16687;Transfer Bank;shipped;;;JNE
ORD001322;CUST0674;27/12/2023;450363;Medan;Sumatera Utara;34193;GoPay;cancelled;RAMADAN23;48637;JNE
ORD001323;CUST0286;27/01/2024;329000;Bogor;Jawa Barat;13828;Transfer Bank;cancelled;;;Pos Indonesia
ORD001324;CUST0353;15/02/2025;707000;Pekanbaru;Riau;22815;Transfer Bank;shipped;;;J&T
ORD001325;CUST0438;20/12/2024;129000;Malang;Jawa Timur;17555;Transfer Bank;delivered;;;JNE
ORD001326;CUST0703;27/10/2022;946000;Semarang;Jawa Tengah;12302;GoPay;processing;;;SiCepat
ORD001327;CUST0471;17/12/2024;69000;Bandung;Jawa Barat;14995;Transfer Bank;delivered;;;J&T
ORD001328;CUST0740;16/11/2024;986000;Denpasar;Bali;28869;Transfer Bank;delivered;;;JNE
ORD001329;CUST0622;30/10/2023;198000;Banjarmasin;Kalimantan Selatan;39109;QRIS;shipped;;;J&T
ORD001330;CUST0182;27/01/2023;778000;Bekasi;Jawa Barat;10639;Transfer Bank;delivered;;;JNE
ORD001331;CUST0583;19/10/2023;463224;Medan;Sumatera Utara;31054;Transfer Bank;delivered;FLASHSALE;35776;SiCepat
ORD001332;CUST0544;24/12/2022;199000;Manado;Sulawesi Utara;38126;Transfer Bank;delivered;;;J&T
ORD001333;CUST0284;09/08/2024;2025000;Bandung;Jawa Barat;11014;Transfer Bank;delivered;;;J&T
ORD001334;CUST0141;15/02/2024;199000;Malang;Jawa Timur;18183;GoPay;cancelled;;;JNE
ORD001335;CUST0450;21/11/2023;60773;Bandung;Jawa Barat;12667;QRIS;shipped;RAMADAN23;18227;J&T
ORD001336;CUST0686;21/05/2023;578000;Semarang;Jawa Tengah;14865;Transfer Bank;cancelled;;;JNE
ORD001337;CUST0471;09/10/2023;1130331;Bandung;Jawa Barat;11540;GoPay;shipped;RAMADAN23;36669;J&T
ORD001338;CUST0549;01/08/2023;335039;Balikpapan;Kalimantan Timur;35167;GoPay;delivered;RAMADAN23;13961;SiCepat
ORD001339;CUST0735;05/05/2022;980554;Manado;Sulawesi Utara;39765;Transfer Bank;delivered;WEEKEND25;17446;JNE
ORD001340;CUST0220;12/01/2025;598000;Medan;Sumatera Utara;30258;Transfer Bank;delivered;;;J&T
ORD001341;CUST0307;02/07/2023;69000;Pontianak;Kalimantan Barat;41715;GoPay;processing;;;Anteraja
ORD001342;CUST0332;01/03/2023;808849;Medan;Sumatera Utara;38607;Transfer Bank;shipped;RAMADAN23;39151;SiCepat
ORD001343;CUST0253;09/04/2024;1027000;Banjarmasin;Kalimantan Selatan;29016;QRIS;processing;;;Anteraja
ORD001344;CUST0585;02/02/2024;258157;Makassar;Sulawesi Selatan;42677;GoPay;delivered;SALE2024;20843;J&T
ORD001345;CUST0299;11/08/2024;279000;Manado;Sulawesi Utara;38274;GoPay;cancelled;;;J&T
ORD001346;CUST0344;07/04/2023;977000;Bekasi;Jawa Barat;12561;GoPay;shipped;;;JNE
ORD001347;CUST0566;20/11/2022;168000;Malang;Jawa Timur;17057;OVO;delivered;;;J&T
ORD001348;CUST0119;21/02/2024;292998;Makassar;Sulawesi Selatan;39345;OVO;shipped;FLASHSALE;36002;J&T
ORD001349;CUST0592;04/10/2024;516866;Bandung;Jawa Barat;11379;GoPay;delivered;MEMBER10;30134;Anteraja
ORD001350;CUST0447;17/09/2024;1027046;Depok;Jawa Barat;12303;GoPay;delivered;WEEKEND25;39954;JNE
ORD001351;CUST0685;31/10/2023;132317;Padang;Sumatera Barat;30821;GoPay;delivered;RAMADAN23;46683;SiCepat
ORD001352;CUST0671;04/02/2022;458000;Malang;Jawa Timur;18238;GoPay;delivered;;;JNE
ORD001353;CUST0242;09/09/2023;357000;Jakarta;DKI Jakarta;10978;Transfer Bank;cancelled;;;Anteraja
ORD001354;CUST0011;08/02/2025;577000;Denpasar;Bali;22603;Transfer Bank;delivered;;;SiCepat
ORD001355;CUST0750;30/11/2023;1136000;Bogor;Jawa Barat;14833;Kartu Kredit;delivered;;;SiCepat
ORD001356;CUST0499;02/02/2024;249000;Tangerang;Banten;11769;Transfer Bank;delivered;;;SiCepat
ORD001357;CUST0380;23/01/2024;627000;Malang;Jawa Timur;20585;Kartu Kredit;shipped;;;J&T
ORD001358;CUST0448;18/11/2024;321868;Pekanbaru;Riau;25397;OVO;delivered;RAMADAN23;46132;SiCepat
ORD001359;CUST0174;19/09/2024;208000;Surabaya;Jawa Timur;15123;OVO;returned;;;SiCepat
ORD001360;CUST0756;06/02/2025;44362;Surabaya;Jawa Timur;13902;GoPay;cancelled;NEWUSER;14638;SiCepat
ORD001361;CUST0083;19/11/2024;448000;Pontianak;Kalimantan Barat;39050;Transfer Bank;delivered;;;JNE
ORD001362;CUST0672;12/08/2022;149000;Malang;Jawa Timur;18575;OVO;processing;;;JNE
ORD001363;CUST0410;15/06/2023;238000;Semarang;Jawa Tengah;15409;OVO;delivered;;;SiCepat
ORD001364;CUST0368;18/05/2022;1015544;Yogyakarta;DI Yogyakarta;15940;Transfer Bank;delivered;HARBOLNAS22;31456;Anteraja
ORD001365;CUST0628;04/05/2022;809893;Jakarta;DKI Jakarta;8852;OVO;delivered;NEWUSER;38107;Anteraja
ORD001366;CUST0235;24/06/2023;37093;Tangerang;Banten;11745;OVO;delivered;WEEKEND25;41907;J&T
ORD001367;CUST0515;28/08/2024;229000;Surabaya;Jawa Timur;17811;Transfer Bank;returned;;;SiCepat
ORD001368;CUST0452;27/09/2022;99000;Semarang;Jawa Tengah;17943;OVO;delivered;;;Anteraja
ORD001369;CUST0328;03/02/2024;596000;Padang;Sumatera Barat;36274;GoPay;delivered;;;JNE
ORD001370;CUST0108;17/09/2024;634614;Yogyakarta;DI Yogyakarta;14972;Transfer Bank;delivered;RAMADAN23;43386;SiCepat
ORD001371;CUST0020;10/07/2023;47445;Bandung;Jawa Barat;13049;OVO;shipped;MEMBER10;11555;Anteraja
ORD001372;CUST0558;05/01/2022;68296;Denpasar;Bali;26924;Transfer Bank;shipped;HARI BELANJA;10704;J&T
ORD001373;CUST0215;09/01/2024;549000;Banjarmasin;Kalimantan Selatan;33101;OVO;delivered;;;SiCepat
ORD001374;CUST0068;10/01/2024;69000;Jakarta;DKI Jakarta;8268;Transfer Bank;delivered;;;JNE
ORD001375;CUST0585;24/01/2023;1679712;Makassar;Sulawesi Selatan;32404;OVO;delivered;HARI BELANJA;46288;JNE
ORD001376;CUST0465;24/08/2023;548000;Surabaya;Jawa Timur;15039;Kartu Kredit;delivered;;;J&T
ORD001377;CUST0229;21/11/2024;229000;Padang;Sumatera Barat;24683;Transfer Bank;delivered;;;JNE
ORD001378;CUST0420;21/01/2025;316000;Makassar;Sulawesi Selatan;37475;Kartu Kredit;delivered;;;JNE
ORD001379;CUST0320;08/01/2024;132375;Bekasi;Jawa Barat;9876;GoPay;delivered;FLASHSALE;25625;J&T
ORD001380;CUST0678;02/03/2023;553065;Surabaya;Jawa Timur;14284;Kartu Kredit;shipped;WEEKEND25;24935;SiCepat
ORD001381;CUST0529;29/07/2023;119000;Makassar;Sulawesi Selatan;32298;QRIS;shipped;;;Pos Indonesia
ORD001382;CUST0286;29/11/2023;119000;Bogor;Jawa Barat;12852;OVO;processing;;;SiCepat
ORD001383;CUST0529;14/11/2024;1085000;Makassar;Sulawesi Selatan;41444;QRIS;cancelled;;;J&T
ORD001384;CUST0033;25/08/2024;1655929;Balikpapan;Kalimantan Timur;40913;Transfer Bank;delivered;RAMADAN23;39071;SiCepat
ORD001385;CUST0376;23/09/2024;708738;Banjarmasin;Kalimantan Selatan;32579;Transfer Bank;cancelled;WEEKEND25;18262;Pos Indonesia
ORD001386;CUST0789;02/08/2023;599000;Palembang;Sumatera Selatan;31223;GoPay;delivered;;;JNE
ORD001387;CUST0015;11/03/2023;1057000;Medan;Sumatera Utara;25770;OVO;shipped;;;JNE
ORD001388;CUST0792;28/10/2024;199000;Palembang;Sumatera Selatan;26200;OVO;processing;;;JNE
ORD001389;CUST0526;15/02/2025;229000;Balikpapan;Kalimantan Timur;44390;OVO;cancelled;;;J&T
ORD001390;CUST0290;04/02/2024;164165;Semarang;Jawa Tengah;12484;Transfer Bank;delivered;FLASHSALE;34835;Pos Indonesia
ORD001391;CUST0381;06/02/2022;358000;Malang;Jawa Timur;18871;Transfer Bank;processing;;;JNE
ORD001392;CUST0203;12/03/2024;378000;Pekanbaru;Riau;26849;Transfer Bank;processing;;;Pos Indonesia
ORD001393;CUST0159;27/02/2023;697000;Jakarta;DKI Jakarta;8447;OVO;delivered;;;SiCepat
ORD001394;CUST0209;12/01/2022;1128141;Yogyakarta;DI Yogyakarta;13617;QRIS;delivered;WEEKEND25;17859;JNE
ORD001395;CUST0127;22/02/2024;279000;Depok;Jawa Barat;13676;OVO;delivered;;;SiCepat
ORD001396;CUST0338;25/08/2023;468000;Semarang;Jawa Tengah;14594;GoPay;delivered;;;J&T
ORD001397;CUST0673;06/01/2023;1097000;Makassar;Sulawesi Selatan;32188;Transfer Bank;delivered;;;J&T
ORD001398;CUST0644;06/11/2023;179000;Medan;Sumatera Utara;25495;GoPay;cancelled;;;J&T
ORD001399;CUST0600;27/11/2024;489940;Pontianak;Kalimantan Barat;31470;GoPay;processing;MEMBER10;47060;SiCepat
ORD001400;CUST0400;08/10/2023;358000;Manado;Sulawesi Utara;38998;Transfer Bank;delivered;;;J&T
ORD001401;CUST0400;05/07/2023;756000;Padang;Sumatera Barat;29966;Kartu Kredit;processing;;;J&T
ORD001402;CUST0389;05/02/2022;119000;Pontianak;Kalimantan Barat;41868;Transfer Bank;delivered;;;Anteraja
ORD001403;CUST0045;02/07/2022;79000;Bandung;Jawa Barat;11823;Transfer Bank;shipped;;;JNE
ORD001404;CUST0370;23/02/2024;42844;Palembang;Sumatera Selatan;25297;Transfer Bank;delivered;MEMBER10;26156;JNE
ORD001405;CUST0691;30/09/2024;279000;Jakarta;DKI Jakarta;11881;Transfer Bank;delivered;;;J&T
ORD001406;CUST0512;19/05/2024;499844;Semarang;Jawa Tengah;14150;GoPay;processing;NEWUSER;17156;SiCepat
ORD001407;CUST0505;22/05/2024;977423;Pontianak;Kalimantan Barat;38792;Kartu Kredit;delivered;HARBOLNAS22;20577;JNE
ORD001408;CUST0219;13/04/2024;149771;Makassar;Sulawesi Selatan;37795;GoPay;delivered;HARBOLNAS22;28229;Anteraja
ORD001409;CUST0746;22/02/2025;1675000;Pekanbaru;Riau;23323;Transfer Bank;delivered;;;J&T
ORD001410;CUST0618;25/08/2023;1495000;Manado;Sulawesi Utara;43127;OVO;delivered;;;JNE
ORD001411;CUST0187;11/04/2023;757000;Surabaya;Jawa Timur;13777;QRIS;delivered;;;SiCepat
ORD001412;CUST0192;04/06/2022;158000;Bandung;Jawa Barat;11130;GoPay;delivered;;;SiCepat
ORD001413;CUST0714;22/10/2024;85663;Medan;Sumatera Utara;37944;QRIS;delivered;HARBOLNAS22;33337;Anteraja
ORD001414;CUST0186;18/10/2022;965000;Semarang;Jawa Tengah;16555;GoPay;delivered;;;SiCepat
ORD001415;CUST0108;07/02/2025;556000;Denpasar;Bali;21403;OVO;delivered;;;JNE
ORD001416;CUST0422;01/01/2024;425248;Makassar;Sulawesi Selatan;37734;Transfer Bank;delivered;MEMBER10;32752;SiCepat
ORD001417;CUST0185;23/11/2023;1134044;Padang;Sumatera Barat;30775;Kartu Kredit;delivered;HARBOLNAS22;22956;JNE
ORD001418;CUST0172;17/09/2023;796000;Padang;Sumatera Barat;37014;GoPay;delivered;;;SiCepat
ORD001419;CUST0025;21/09/2022;499000;Pekanbaru;Riau;30087;OVO;delivered;;;SiCepat
ORD001420;CUST0602;10/02/2023;499000;Bekasi;Jawa Barat;11430;OVO;cancelled;;;JNE
ORD001421;CUST0132;14/09/2023;285987;Medan;Sumatera Utara;33850;QRIS;delivered;FLASHSALE;13013;SiCepat
ORD001422;CUST0699;13/02/2025;458000;Medan;Sumatera Utara;32978;Kartu Kredit;delivered;;;JNE
ORD001423;CUST0110;25/12/2023;247000;Padang;Sumatera Barat;28201;QRIS;delivered;;;Anteraja
ORD001424;CUST0369;09/08/2024;253970;Pekanbaru;Riau;23409;Transfer Bank;shipped;RAMADAN23;43030;Anteraja
ORD001425;CUST0459;19/11/2024;229000;Bekasi;Jawa Barat;11597;Transfer Bank;delivered;;;JNE
ORD001426;CUST0442;22/06/2024;369816;Palembang;Sumatera Selatan;30544;QRIS;cancelled;HARBOLNAS22;29184;JNE
ORD001427;CUST0041;07/10/2023;471545;Manado;Sulawesi Utara;33118;Kartu Kredit;processing;HARBOLNAS22;24455;J&T
ORD001428;CUST0685;16/01/2025;907000;Bekasi;Jawa Barat;13065;Transfer Bank;delivered;;;Anteraja
ORD001429;CUST0590;04/10/2023;199000;Bandung;Jawa Barat;11162;OVO;delivered;;;SiCepat
ORD001430;CUST0001;30/06/2024;626000;Semarang;Jawa Tengah;16404;Transfer Bank;shipped;;;JNE
ORD001431;CUST0347;19/03/2024;1247000;Depok;Jawa Barat;12552;OVO;delivered;;;SiCepat
ORD001432;CUST0045;16/01/2023;1036000;Bandung;Jawa Barat;13091;Transfer Bank;delivered;;;JNE
ORD001433;CUST0317;07/05/2024;465000;Balikpapan;Kalimantan Timur;37170;Transfer Bank;shipped;;;SiCepat
ORD001434;CUST0725;27/05/2023;329000;Makassar;Sulawesi Selatan;35325;Transfer Bank;delivered;;;J&T
ORD001435;CUST0742;09/02/2023;102077;Bandung;Jawa Barat;14144;GoPay;delivered;NEWUSER;26923;JNE
ORD001436;CUST0703;21/02/2024;383132;Semarang;Jawa Tengah;13678;OVO;delivered;RAMADAN23;23868;J&T
ORD001437;CUST0142;10/01/2024;796000;Pontianak;Kalimantan Barat;36379;Transfer Bank;processing;;;J&T
ORD001438;CUST0666;01/07/2024;406000;Jakarta;DKI Jakarta;9710;GoPay;processing;;;J&T
ORD001439;CUST0461;30/07/2024;206224;Bekasi;Jawa Barat;12881;OVO;delivered;HARBOLNAS22;42776;Anteraja
ORD001440;CUST0688;28/06/2024;4318;Malang;Jawa Timur;18801;GoPay;delivered;HARI BELANJA;44682;J&T
ORD001441;CUST0138;16/09/2024;350012;Padang;Sumatera Barat;29907;Transfer Bank;delivered;SALE2024;48988;JNE
ORD001442;CUST0550;08/11/2023;309895;Depok;Jawa Barat;12537;Kartu Kredit;delivered;HARBOLNAS22;26105;JNE
ORD001443;CUST0167;09/02/2024;492688;Medan;Sumatera Utara;28178;Transfer Bank;shipped;RAMADAN23;43312;Pos Indonesia
ORD001444;CUST0270;12/07/2024;549000;Semarang;Jawa Tengah;16356;GoPay;delivered;;;J&T
ORD001445;CUST0107;07/05/2023;1135000;Depok;Jawa Barat;12747;QRIS;delivered;;;SiCepat
ORD001446;CUST0205;23/08/2024;597000;Palembang;Sumatera Selatan;27376;GoPay;delivered;;;J&T
ORD001447;CUST0364;18/12/2024;138000;Padang;Sumatera Barat;28101;Transfer Bank;shipped;;;Anteraja
ORD001448;CUST0615;04/10/2024;79000;Semarang;Jawa Tengah;15540;Transfer Bank;cancelled;;;Anteraja
ORD001449;CUST0607;30/11/2023;59000;Bogor;Jawa Barat;11125;GoPay;cancelled;;;SiCepat
ORD001450;CUST0745;03/01/2024;577000;Jakarta;DKI Jakarta;8537;OVO;cancelled;;;SiCepat
ORD001451;CUST0010;15/11/2023;299000;Manado;Sulawesi Utara;34107;Transfer Bank;cancelled;;;J&T
ORD001452;CUST0749;27/03/2024;199000;Tangerang;Banten;11217;GoPay;delivered;;;JNE
ORD001453;CUST0242;12/11/2024;315484;Bekasi;Jawa Barat;10275;Transfer Bank;shipped;NEWUSER;13516;J&T
ORD001454;CUST0659;28/06/2023;158000;Palembang;Sumatera Selatan;30635;Kartu Kredit;delivered;;;JNE
ORD001455;CUST0195;02/06/2024;377000;Bekasi;Jawa Barat;12023;Transfer Bank;returned;;;SiCepat
ORD001456;CUST0579;01/08/2024;93560;Palembang;Sumatera Selatan;26420;Transfer Bank;cancelled;SALE2024;25440;JNE
ORD001457;CUST0694;08/12/2023;119000;Makassar;Sulawesi Selatan;42394;Kartu Kredit;delivered;;;SiCepat
ORD001458;CUST0067;12/08/2023;72070;Jakarta;DKI Jakarta;8922;GoPay;delivered;WEEKEND25;16930;Anteraja
ORD001459;CUST0348;19/04/2024;458000;Bandung;Jawa Barat;14727;OVO;delivered;;;JNE
ORD001460;CUST0355;04/11/2022;229000;Medan;Sumatera Utara;29172;Kartu Kredit;delivered;;;JNE
ORD001461;CUST0553;17/02/2025;707000;Malang;Jawa Timur;16359;Kartu Kredit;delivered;;;JNE
ORD001462;CUST0115;05/02/2024;98000;Tangerang;Banten;13910;Transfer Bank;shipped;;;J&T
ORD001463;CUST0087;14/02/2024;348000;Yogyakarta;DI Yogyakarta;14452;Transfer Bank;cancelled;;;J&T
ORD001464;CUST0195;13/04/2023;158000;Bekasi;Jawa Barat;11056;Transfer Bank;delivered;;;SiCepat
ORD001465;CUST0725;15/01/2022;278000;Makassar;Sulawesi Selatan;32705;QRIS;returned;;;J&T
ORD001466;CUST0457;22/02/2025;549000;Malang;Jawa Timur;14461;OVO;delivered;;;J&T
ORD001467;CUST0062;21/04/2024;877000;Bekasi;Jawa Barat;13214;OVO;delivered;;;Pos Indonesia
ORD001468;CUST0317;08/01/2025;119000;Balikpapan;Kalimantan Timur;43163;GoPay;delivered;;;JNE
ORD001469;CUST0779;10/09/2024;135271;Bandung;Jawa Barat;12737;Transfer Bank;delivered;RAMADAN23;43729;JNE
ORD001470;CUST0376;27/12/2022;349000;Depok;Jawa Barat;13660;OVO;delivered;;;SiCepat
ORD001471;CUST0013;30/11/2022;59000;Makassar;Sulawesi Selatan;33746;OVO;delivered;;;J&T
ORD001472;CUST0653;19/01/2022;772937;Denpasar;Bali;22095;GoPay;shipped;SALE2024;25063;J&T
ORD001473;CUST0497;09/01/2023;598000;Makassar;Sulawesi Selatan;32358;QRIS;delivered;;;JNE
ORD001474;CUST0184;04/03/2024;1127000;Medan;Sumatera Utara;37765;Transfer Bank;shipped;;;JNE
ORD001475;CUST0684;19/02/2025;297000;Pontianak;Kalimantan Barat;30180;OVO;delivered;;;SiCepat
ORD001476;CUST0218;10/11/2024;1007000;Jakarta;DKI Jakarta;9650;GoPay;shipped;;;JNE
ORD001477;CUST0705;30/07/2024;1427000;Semarang;Jawa Tengah;12039;OVO;delivered;;;J&T
ORD001478;CUST0017;19/06/2024;526544;Surabaya;Jawa Timur;17187;GoPay;delivered;SALE2024;31456;SiCepat
ORD001479;CUST0459;16/03/2024;643389;Bekasi;Jawa Barat;11491;OVO;cancelled;SALE2024;22611;Anteraja
ORD001480;CUST0800;09/04/2024;679925;Padang;Sumatera Barat;31052;GoPay;delivered;WEEKEND25;44075;J&T
ORD001481;CUST0713;31/08/2024;1027000;Yogyakarta;DI Yogyakarta;15226;QRIS;shipped;;;Pos Indonesia
ORD001482;CUST0089;09/05/2023;1097000;Padang;Sumatera Barat;33198;QRIS;delivered;;;SiCepat
ORD001483;CUST0600;21/03/2022;562969;Semarang;Jawa Tengah;16046;QRIS;shipped;HARBOLNAS22;15031;SiCepat
ORD001484;CUST0395;25/09/2023;424789;Makassar;Sulawesi Selatan;30509;Transfer Bank;delivered;WEEKEND25;24211;J&T
ORD001485;CUST0696;19/01/2022;777391;Medan;Sumatera Utara;26303;Transfer Bank;delivered;FLASHSALE;49609;JNE
ORD001486;CUST0019;04/04/2024;748000;Malang;Jawa Timur;17739;GoPay;delivered;;;Anteraja
ORD001487;CUST0655;31/01/2025;498000;Bogor;Jawa Barat;12807;Kartu Kredit;cancelled;;;SiCepat
ORD001488;CUST0264;04/02/2025;1376000;Banjarmasin;Kalimantan Selatan;29191;GoPay;shipped;;;J&T
ORD001489;CUST0566;16/03/2023;119000;Malang;Jawa Timur;21924;Transfer Bank;delivered;;;JNE
ORD001490;CUST0533;30/09/2022;777000;Yogyakarta;DI Yogyakarta;15318;OVO;delivered;;;JNE
ORD001491;CUST0728;23/05/2023;232216;Malang;Jawa Timur;15912;Transfer Bank;shipped;SALE2024;15784;J&T
ORD001492;CUST0226;15/07/2022;112728;Surabaya;Jawa Timur;17943;Transfer Bank;delivered;RAMADAN23;36272;Anteraja
ORD001493;CUST0457;26/02/2024;268000;Malang;Jawa Timur;21561;GoPay;processing;;;J&T
ORD001494;CUST0263;15/07/2024;69000;Palembang;Sumatera Selatan;22257;Transfer Bank;delivered;;;J&T
ORD001495;CUST0290;12/01/2025;578000;Palembang;Sumatera Selatan;23271;OVO;delivered;;;JNE
ORD001496;CUST0514;10/09/2023;2357;Pontianak;Kalimantan Barat;36018;GoPay;delivered;HARBOLNAS22;46643;J&T
ORD001497;CUST0671;21/01/2024;208000;Malang;Jawa Timur;16233;OVO;processing;;;J&T
ORD001498;CUST0168;21/08/2023;1326669;Banjarmasin;Kalimantan Selatan;35253;Transfer Bank;shipped;RAMADAN23;20331;J&T
ORD001499;CUST0065;01/05/2024;598000;Pekanbaru;Riau;25202;Kartu Kredit;delivered;;;JNE
ORD001500;CUST0066;21/08/2022;140169;Malang;Jawa Timur;16237;Kartu Kredit;delivered;FLASHSALE;38831;JNE
ORD001501;CUST0581;18/09/2023;552413;Jakarta;DKI Jakarta;8799;OVO;delivered;MEMBER10;45587;Anteraja
ORD001502;CUST0702;18/04/2022;508000;Banjarmasin;Kalimantan Selatan;29973;OVO;cancelled;;;JNE
ORD001503;CUST0476;19/02/2023;998000;Makassar;Sulawesi Selatan;34390;OVO;shipped;;;JNE
ORD001504;CUST0314;28/08/2023;798137;Surabaya;Jawa Timur;13056;Kartu Kredit;shipped;SALE2024;38863;J&T
ORD001505;CUST0472;28/06/2024;268000;Manado;Sulawesi Utara;34437;Transfer Bank;cancelled;;;SiCepat
ORD001506;CUST0242;16/09/2023;69000;Bekasi;Jawa Barat;12756;QRIS;shipped;;;Anteraja
ORD001507;CUST0643;29/12/2022;101531;Surabaya;Jawa Timur;17016;Transfer Bank;delivered;MEMBER10;27469;SiCepat
ORD001508;CUST0139;19/04/2024;89000;Bekasi;Jawa Barat;11614;OVO;delivered;;;SiCepat
ORD001509;CUST0567;13/08/2023;178000;Pekanbaru;Riau;24548;GoPay;delivered;;;Pos Indonesia
ORD001510;CUST0400;28/01/2024;202261;Manado;Sulawesi Utara;38948;Transfer Bank;delivered;NEWUSER;26739;JNE
ORD001511;CUST0706;28/01/2025;249000;Malang;Jawa Timur;17286;Transfer Bank;cancelled;;;J&T
ORD001512;CUST0291;12/06/2023;1057383;Denpasar;Bali;21920;OVO;cancelled;RAMADAN23;40617;Anteraja
ORD001513;CUST0348;09/10/2023;578000;Bandung;Jawa Barat;14650;GoPay;shipped;;;JNE
ORD001514;CUST0308;04/09/2023;13612;Bandung;Jawa Barat;11322;OVO;delivered;MEMBER10;35388;Anteraja
ORD001515;CUST0296;29/10/2023;224399;Manado;Sulawesi Utara;39244;Transfer Bank;delivered;RAMADAN23;33601;JNE
ORD001516;CUST0246;15/01/2024;828000;Depok;Jawa Barat;9976;Transfer Bank;returned;;;SiCepat
ORD001517;CUST0241;27/08/2022;716000;Yogyakarta;DI Yogyakarta;15130;GoPay;delivered;;;JNE
ORD001518;CUST0245;21/09/2024;392253;Bogor;Jawa Barat;13145;QRIS;delivered;HARBOLNAS22;34747;SiCepat
ORD001519;CUST0610;24/04/2024;531920;Depok;Jawa Barat;11535;OVO;cancelled;WEEKEND25;15080;JNE
ORD001520;CUST0792;12/02/2023;725729;Palembang;Sumatera Selatan;23677;Transfer Bank;delivered;HARBOLNAS22;22271;JNE
ORD001521;CUST0493;18/10/2023;379759;Padang;Sumatera Barat;32379;QRIS;shipped;MEMBER10;19241;JNE
ORD001522;CUST0381;20/08/2022;129000;Malang;Jawa Timur;17118;OVO;processing;;;SiCepat
ORD001523;CUST0663;09/02/2022;199000;Makassar;Sulawesi Selatan;34217;GoPay;shipped;;;JNE
ORD001524;CUST0434;19/06/2022;736000;Pekanbaru;Riau;30500;OVO;processing;;;SiCepat
ORD001525;CUST0219;23/08/2024;229000;Palembang;Sumatera Selatan;30254;Transfer Bank;delivered;;;J&T
ORD001526;CUST0657;13/04/2024;249000;Padang;Sumatera Barat;24259;GoPay;shipped;;;JNE
ORD001527;CUST0549;25/01/2022;907000;Bekasi;Jawa Barat;10883;OVO;returned;;;J&T
ORD001528;CUST0634;14/07/2024;1178512;Pekanbaru;Riau;32115;GoPay;delivered;MEMBER10;18488;SiCepat
ORD001529;CUST0399;13/03/2023;746921;Banjarmasin;Kalimantan Selatan;38738;Transfer Bank;delivered;NEWUSER;31079;JNE
ORD001530;CUST0416;06/06/2023;79000;Palembang;Sumatera Selatan;29710;Kartu Kredit;processing;;;Anteraja
ORD001531;CUST0699;15/02/2025;640521;Pekanbaru;Riau;26128;OVO;shipped;MEMBER10;37479;SiCepat
ORD001532;CUST0469;02/11/2024;1026000;Surabaya;Jawa Timur;16028;Kartu Kredit;processing;;;Anteraja
ORD001533;CUST0215;16/07/2024;360318;Banjarmasin;Kalimantan Selatan;37581;QRIS;delivered;HARBOLNAS22;38682;JNE
ORD001534;CUST0001;25/05/2022;34466;Semarang;Jawa Tengah;16672;OVO;cancelled;FLASHSALE;14534;JNE
ORD001535;CUST0725;13/02/2025;455504;Makassar;Sulawesi Selatan;35467;Transfer Bank;delivered;HARBOLNAS22;43496;JNE
ORD001536;CUST0363;26/07/2022;263940;Surabaya;Jawa Timur;14158;Kartu Kredit;delivered;SALE2024;35060;J&T
ORD001537;CUST0358;22/01/2025;558000;Bekasi;Jawa Barat;13158;Transfer Bank;delivered;;;Pos Indonesia
ORD001538;CUST0050;27/01/2025;115447;Padang;Sumatera Barat;35098;Transfer Bank;delivered;WEEKEND25;13553;J&T
ORD001539;CUST0681;21/01/2023;191770;Surabaya;Jawa Timur;13631;Transfer Bank;delivered;NEWUSER;37230;J&T
ORD001540;CUST0498;30/12/2024;167320;Depok;Jawa Barat;12749;Kartu Kredit;delivered;MEMBER10;31680;Anteraja
ORD001541;CUST0633;09/04/2024;275610;Banjarmasin;Kalimantan Selatan;29815;OVO;processing;WEEKEND25;23390;SiCepat
ORD001542;CUST0588;08/04/2023;149000;Balikpapan;Kalimantan Timur;40129;OVO;delivered;;;SiCepat
ORD001543;CUST0072;17/11/2023;179000;Medan;Sumatera Utara;37234;Kartu Kredit;delivered;;;JNE
ORD001544;CUST0015;23/05/2023;307000;Medan;Sumatera Utara;35358;QRIS;shipped;;;JNE
ORD001545;CUST0431;24/01/2025;7675;Makassar;Sulawesi Selatan;37424;OVO;processing;FLASHSALE;41325;J&T
ORD001546;CUST0173;02/11/2023;229000;Pekanbaru;Riau;27918;GoPay;delivered;;;J&T
ORD001547;CUST0544;19/01/2025;149000;Manado;Sulawesi Utara;43769;OVO;returned;;;SiCepat
ORD001548;CUST0640;23/12/2024;179000;Denpasar;Bali;24526;GoPay;processing;;;SiCepat
ORD001549;CUST0148;01/10/2023;784094;Surabaya;Jawa Timur;12594;QRIS;delivered;RAMADAN23;42906;Anteraja
ORD001550;CUST0603;20/08/2023;149000;Padang;Sumatera Barat;36525;Transfer Bank;cancelled;;;J&T
ORD001551;CUST0772;05/08/2023;288000;Bogor;Jawa Barat;12815;QRIS;shipped;;;Anteraja
ORD001552;CUST0034;08/08/2024;179000;Palembang;Sumatera Selatan;28936;Transfer Bank;delivered;;;J&T
ORD001553;CUST0633;24/11/2022;449000;Balikpapan;Kalimantan Timur;44503;Transfer Bank;delivered;;;SiCepat
ORD001554;CUST0729;28/01/2025;987000;Malang;Jawa Timur;18600;Kartu Kredit;delivered;;;Anteraja
ORD001555;CUST0434;17/02/2025;161830;Bandung;Jawa Barat;12846;GoPay;delivered;WEEKEND25;37170;SiCepat
ORD001556;CUST0574;02/02/2025;687000;Padang;Sumatera Barat;30890;QRIS;delivered;;;JNE
ORD001557;CUST0120;08/02/2024;788843;Pontianak;Kalimantan Barat;33475;GoPay;delivered;SALE2024;38157;JNE
ORD001558;CUST0582;29/12/2023;707000;Medan;Sumatera Utara;38754;Kartu Kredit;cancelled;;;J&T
ORD001559;CUST0419;19/02/2024;199000;Medan;Sumatera Utara;28677;Transfer Bank;delivered;;;SiCepat
ORD001560;CUST0188;27/06/2023;299000;Padang;Sumatera Barat;25287;GoPay;delivered;;;JNE
ORD001561;CUST0736;16/02/2024;1236000;Pekanbaru;Riau;23768;Kartu Kredit;delivered;;;SiCepat
ORD001562;CUST0005;06/03/2023;83748;Bekasi;Jawa Barat;12385;Transfer Bank;delivered;MEMBER10;14252;JNE
ORD001563;CUST0002;27/01/2024;349000;Surabaya;Jawa Timur;13778;Kartu Kredit;delivered;;;JNE
ORD001564;CUST0727;13/12/2023;1557868;Semarang;Jawa Tengah;14661;Transfer Bank;shipped;HARBOLNAS22;38132;SiCepat
ORD001565;CUST0689;11/10/2024;156068;Medan;Sumatera Utara;31767;QRIS;shipped;SALE2024;42932;J&T
ORD001566;CUST0781;26/08/2022;119000;Yogyakarta;DI Yogyakarta;19631;QRIS;shipped;;;J&T
ORD001567;CUST0312;03/09/2023;119000;Tangerang;Banten;10297;GoPay;processing;;;J&T
ORD001568;CUST0504;06/12/2024;249000;Pontianak;Kalimantan Barat;37850;Transfer Bank;returned;;;SiCepat
ORD001569;CUST0683;07/11/2024;606000;Semarang;Jawa Tengah;14055;OVO;delivered;;;SiCepat
ORD001570;CUST0750;13/06/2023;526000;Bogor;Jawa Barat;14550;Transfer Bank;processing;;;JNE
ORD001571;CUST0074;26/03/2024;260052;Medan;Sumatera Utara;33279;Transfer Bank;delivered;HARI BELANJA;38948;JNE
ORD001572;CUST0509;03/10/2023;1206378;Manado;Sulawesi Utara;43892;Transfer Bank;cancelled;FLASHSALE;27622;J&T
ORD001573;CUST0726;29/01/2025;192178;Makassar;Sulawesi Selatan;39219;GoPay;cancelled;HARI BELANJA;36822;J&T
ORD001574;CUST0405;30/04/2022;1027000;Denpasar;Bali;27158;GoPay;delivered;;;SiCepat
ORD001575;CUST0528;19/04/2023;1098000;Bandung;Jawa Barat;12986;QRIS;processing;;;SiCepat
ORD001576;CUST0292;15/11/2022;230100;Tangerang;Banten;12136;Transfer Bank;processing;HARI BELANJA;18900;SiCepat
ORD001577;CUST0001;29/01/2024;497000;Palembang;Sumatera Selatan;32385;OVO;delivered;;;J&T
ORD001578;CUST0454;07/01/2023;627000;Makassar;Sulawesi Selatan;33662;Transfer Bank;delivered;;;JNE
ORD001579;CUST0356;16/06/2023;152534;Semarang;Jawa Tengah;16824;GoPay;delivered;WEEKEND25;26466;J&T
ORD001580;CUST0744;31/10/2024;537000;Jakarta;DKI Jakarta;9399;Transfer Bank;delivered;;;J&T
ORD001581;CUST0547;11/03/2022;510068;Semarang;Jawa Tengah;12774;Transfer Bank;delivered;HARBOLNAS22;46932;JNE
ORD001582;CUST0336;01/05/2024;1217000;Malang;Jawa Timur;17162;Transfer Bank;delivered;;;SiCepat
ORD001583;CUST0036;17/09/2023;179000;Denpasar;Bali;26430;GoPay;processing;;;JNE
ORD001584;CUST0772;21/10/2024;209599;Balikpapan;Kalimantan Timur;39902;Transfer Bank;delivered;NEWUSER;19401;J&T
ORD001585;CUST0112;12/01/2023;399000;Pontianak;Kalimantan Barat;38818;GoPay;delivered;;;SiCepat
ORD001586;CUST0597;25/04/2024;657000;Bogor;Jawa Barat;12459;Kartu Kredit;delivered;;;JNE
ORD001587;CUST0640;02/10/2024;158000;Denpasar;Bali;23739;Kartu Kredit;delivered;;;J&T
ORD001588;CUST0397;17/12/2024;588000;Balikpapan;Kalimantan Timur;35245;Kartu Kredit;processing;;;Anteraja
ORD001589;CUST0482;15/09/2024;129000;Bandung;Jawa Barat;11592;Transfer Bank;delivered;;;JNE
ORD001590;CUST0701;01/12/2024;798000;Pontianak;Kalimantan Barat;40322;GoPay;delivered;;;Anteraja
ORD001591;CUST0565;08/04/2023;129000;Medan;Sumatera Utara;26272;Kartu Kredit;delivered;;;JNE
ORD001592;CUST0074;26/12/2024;329000;Balikpapan;Kalimantan Timur;39054;OVO;processing;;;Anteraja
ORD001593;CUST0455;09/08/2023;897000;Pekanbaru;Riau;30249;OVO;cancelled;;;JNE
ORD001594;CUST0659;16/10/2023;329000;Palembang;Sumatera Selatan;24866;GoPay;delivered;;;Anteraja
ORD001595;CUST0489;04/02/2025;325823;Depok;Jawa Barat;11532;GoPay;delivered;SALE2024;31177;SiCepat
ORD001596;CUST0143;27/11/2024;56784;Manado;Sulawesi Utara;32795;OVO;processing;WEEKEND25;41216;J&T
ORD001597;CUST0256;28/09/2024;1435000;Surabaya;Jawa Timur;14619;GoPay;delivered;;;J&T
ORD001598;CUST0558;07/12/2023;426000;Manado;Sulawesi Utara;35659;Transfer Bank;delivered;;;JNE
ORD001599;CUST0307;13/06/2024;599000;Pontianak;Kalimantan Barat;31949;Kartu Kredit;processing;;;J&T
ORD001600;CUST0463;11/02/2022;329000;Bekasi;Jawa Barat;12854;Kartu Kredit;cancelled;;;SiCepat
ORD001601;CUST0208;22/05/2024;548000;Manado;Sulawesi Utara;34381;GoPay;delivered;;;SiCepat
ORD001602;CUST0387;31/08/2024;915000;Depok;Jawa Barat;12943;GoPay;processing;;;Pos Indonesia
ORD001603;CUST0776;06/12/2023;511391;Bekasi;Jawa Barat;9786;OVO;cancelled;SALE2024;24609;Anteraja
ORD001604;CUST0143;01/12/2024;627141;Depok;Jawa Barat;10519;GoPay;shipped;SALE2024;30859;JNE
ORD001605;CUST0552;03/04/2024;229000;Padang;Sumatera Barat;24058;Transfer Bank;delivered;;;J&T
ORD001606;CUST0196;28/05/2023;1196000;Semarang;Jawa Tengah;14526;QRIS;delivered;;;SiCepat
ORD001607;CUST0143;25/03/2022;299467;Medan;Sumatera Utara;31007;Transfer Bank;delivered;NEWUSER;29533;Anteraja
ORD001608;CUST0449;22/11/2023;399000;Manado;Sulawesi Utara;40818;Transfer Bank;delivered;;;JNE
ORD001609;CUST0667;15/07/2024;617000;Semarang;Jawa Tengah;15218;Transfer Bank;delivered;;;JNE
ORD001610;CUST0527;07/04/2024;10616;Malang;Jawa Timur;17319;GoPay;delivered;RAMADAN23;38384;SiCepat
ORD001611;CUST0246;23/11/2023;353649;Depok;Jawa Barat;9283;Transfer Bank;delivered;SALE2024;44351;SiCepat
ORD001612;CUST0281;10/06/2023;431482;Pontianak;Kalimantan Barat;40290;Transfer Bank;shipped;HARBOLNAS22;43518;J&T
ORD001613;CUST0320;02/02/2024;981191;Bekasi;Jawa Barat;12396;OVO;shipped;HARBOLNAS22;16809;SiCepat
ORD001614;CUST0453;11/11/2023;420710;Malang;Jawa Timur;20793;OVO;delivered;HARBOLNAS22;37290;SiCepat
ORD001615;CUST0399;18/09/2024;1535000;Banjarmasin;Kalimantan Selatan;35710;Kartu Kredit;delivered;;;SiCepat
ORD001616;CUST0793;12/04/2024;549000;Pekanbaru;Riau;26165;Kartu Kredit;delivered;;;JNE
ORD001617;CUST0632;06/01/2024;173666;Banjarmasin;Kalimantan Selatan;38793;Transfer Bank;delivered;FLASHSALE;25334;Anteraja
ORD001618;CUST0228;16/02/2024;677000;Malang;Jawa Timur;16086;GoPay;processing;;;J&T
ORD001619;CUST0170;06/10/2023;279000;Bekasi;Jawa Barat;10473;GoPay;shipped;;;J&T
ORD001620;CUST0697;28/02/2023;119000;Bandung;Jawa Barat;13215;GoPay;delivered;;;SiCepat
ORD001621;CUST0336;24/08/2024;25055;Jakarta;DKI Jakarta;10918;Transfer Bank;shipped;SALE2024;33945;SiCepat
ORD001622;CUST0047;16/03/2024;229000;Malang;Jawa Timur;17255;Kartu Kredit;processing;;;JNE
ORD001623;CUST0696;21/08/2024;547000;Medan;Sumatera Utara;29208;Transfer Bank;delivered;;;JNE
ORD001624;CUST0261;18/05/2024;105501;Banjarmasin;Kalimantan Selatan;32027;Kartu Kredit;delivered;MEMBER10;43499;JNE
ORD001625;CUST0508;19/06/2024;520065;Manado;Sulawesi Utara;37160;Transfer Bank;delivered;MEMBER10;28935;JNE
ORD001626;CUST0264;08/12/2023;707000;Banjarmasin;Kalimantan Selatan;39334;Transfer Bank;delivered;;;Anteraja
ORD001627;CUST0705;13/09/2023;763196;Semarang;Jawa Tengah;15987;Kartu Kredit;delivered;WEEKEND25;13804;SiCepat
ORD001628;CUST0786;09/08/2023;288000;Bogor;Jawa Barat;10054;OVO;delivered;;;JNE
ORD001629;CUST0547;21/10/2024;99000;Semarang;Jawa Tengah;14507;Transfer Bank;delivered;;;J&T
ORD001630;CUST0337;12/08/2023;399000;Balikpapan;Kalimantan Timur;37054;GoPay;delivered;;;J&T
ORD001631;CUST0536;05/06/2022;79000;Medan;Sumatera Utara;35609;OVO;delivered;;;JNE
ORD001632;CUST0528;08/10/2023;1565000;Bandung;Jawa Barat;12931;Transfer Bank;delivered;;;SiCepat
ORD001633;CUST0573;10/04/2024;75782;Bogor;Jawa Barat;10247;Transfer Bank;delivered;HARI BELANJA;23218;SiCepat
ORD001634;CUST0689;28/08/2024;1086000;Medan;Sumatera Utara;29513;Kartu Kredit;returned;;;JNE
ORD001635;CUST0345;08/08/2024;1347000;Denpasar;Bali;21541;Kartu Kredit;delivered;;;JNE
ORD001636;CUST0747;17/01/2024;1385000;Jakarta;DKI Jakarta;9201;Kartu Kredit;shipped;;;J&T
ORD001637;CUST0702;15/09/2024;118000;Manado;Sulawesi Utara;33119;OVO;delivered;;;Anteraja
ORD001638;CUST0316;02/02/2024;577527;Depok;Jawa Barat;11718;GoPay;delivered;HARI BELANJA;20473;SiCepat
ORD001639;CUST0563;05/09/2024;471502;Manado;Sulawesi Utara;33927;Transfer Bank;delivered;RAMADAN23;36498;J&T
ORD001640;CUST0027;04/05/2024;154943;Pontianak;Kalimantan Barat;33696;OVO;delivered;MEMBER10;24057;J&T
ORD001641;CUST0467;04/04/2024;598000;Jakarta;DKI Jakarta;9509;OVO;returned;;;JNE
ORD001642;CUST0278;01/01/2024;178000;Balikpapan;Kalimantan Timur;42029;Transfer Bank;processing;;;J&T
ORD001643;CUST0053;25/05/2024;118000;Malang;Jawa Timur;20297;QRIS;delivered;;;J&T
ORD001644;CUST0768;15/03/2024;787000;Denpasar;Bali;24237;QRIS;shipped;;;J&T
ORD001645;CUST0492;14/07/2024;1097000;Pekanbaru;Riau;27270;QRIS;delivered;;;Anteraja
ORD001646;CUST0250;03/02/2025;595218;Bekasi;Jawa Barat;10536;QRIS;shipped;FLASHSALE;22782;JNE
ORD001647;CUST0732;04/11/2023;339076;Bekasi;Jawa Barat;10838;OVO;delivered;MEMBER10;17924;Pos Indonesia
ORD001648;CUST0206;22/02/2025;897000;Bogor;Jawa Barat;14048;GoPay;delivered;;;SiCepat
ORD001649;CUST0590;04/02/2025;246000;Bandung;Jawa Barat;11744;OVO;delivered;;;J&T
ORD001650;CUST0623;07/02/2025;658000;Manado;Sulawesi Utara;42306;Transfer Bank;cancelled;;;J&T
ORD001651;CUST0148;08/05/2024;299000;Depok;Jawa Barat;10901;OVO;delivered;;;J&T
ORD001652;CUST0290;29/08/2023;229000;Palembang;Sumatera Selatan;32704;Transfer Bank;delivered;;;SiCepat
ORD001653;CUST0360;13/03/2022;349000;Palembang;Sumatera Selatan;26216;Transfer Bank;shipped;;;Pos Indonesia
ORD001654;CUST0057;14/12/2024;69000;Semarang;Jawa Tengah;15567;GoPay;delivered;;;SiCepat
ORD001655;CUST0668;19/07/2022;478000;Padang;Sumatera Barat;29487;Transfer Bank;delivered;;;Pos Indonesia
ORD001656;CUST0070;02/09/2023;98000;Padang;Sumatera Barat;27675;Transfer Bank;delivered;;;SiCepat
ORD001657;CUST0574;11/06/2023;785000;Makassar;Sulawesi Selatan;36697;Transfer Bank;delivered;;;J&T
ORD001658;CUST0037;16/09/2024;628000;Denpasar;Bali;24739;Transfer Bank;processing;;;J&T
ORD001659;CUST0326;05/10/2024;215196;Palembang;Sumatera Selatan;27138;GoPay;delivered;HARI BELANJA;33804;SiCepat
ORD001660;CUST0078;16/04/2024;59000;Denpasar;Bali;29633;GoPay;delivered;;;Pos Indonesia
ORD001661;CUST0343;22/01/2024;199000;Balikpapan;Kalimantan Timur;38069;GoPay;delivered;;;JNE
ORD001662;CUST0079;26/12/2023;728000;Bekasi;Jawa Barat;11033;Transfer Bank;delivered;;;SiCepat
ORD001663;CUST0003;23/09/2022;499000;Tangerang;Banten;13774;OVO;delivered;;;J&T
ORD001664;CUST0258;18/05/2023;59000;Yogyakarta;DI Yogyakarta;18307;OVO;shipped;;;JNE
ORD001665;CUST0616;01/12/2023;724724;Banjarmasin;Kalimantan Selatan;28296;GoPay;delivered;HARBOLNAS22;32276;J&T
ORD001666;CUST0035;04/12/2024;299000;Bogor;Jawa Barat;10395;GoPay;returned;;;SiCepat
ORD001667;CUST0606;06/11/2024;258809;Palembang;Sumatera Selatan;23122;Transfer Bank;shipped;MEMBER10;38191;J&T
ORD001668;CUST0459;05/05/2024;667000;Bekasi;Jawa Barat;10220;OVO;shipped;;;J&T
ORD001669;CUST0274;26/09/2024;321980;Manado;Sulawesi Utara;43308;OVO;delivered;RAMADAN23;27020;SiCepat
ORD001670;CUST0763;31/07/2023;98000;Surabaya;Jawa Timur;16058;OVO;cancelled;;;SiCepat
ORD001671;CUST0647;10/01/2022;588552;Pontianak;Kalimantan Barat;33658;Kartu Kredit;delivered;WEEKEND25;19448;Anteraja
ORD001672;CUST0742;29/10/2024;929743;Bandung;Jawa Barat;11066;Kartu Kredit;processing;NEWUSER;47257;JNE
ORD001673;CUST0373;16/06/2024;555048;Semarang;Jawa Tengah;16457;GoPay;delivered;HARBOLNAS22;43952;JNE
ORD001674;CUST0225;27/11/2023;548000;Makassar;Sulawesi Selatan;41064;OVO;delivered;;;J&T
ORD001675;CUST0382;06/04/2023;218000;Bandung;Jawa Barat;14898;GoPay;delivered;;;J&T
ORD001676;CUST0482;04/05/2023;312320;Bandung;Jawa Barat;14975;OVO;returned;SALE2024;43680;Pos Indonesia
ORD001677;CUST0019;16/08/2022;453005;Malang;Jawa Timur;21972;Transfer Bank;delivered;FLASHSALE;23995;JNE
ORD001678;CUST0285;10/11/2022;578000;Bekasi;Jawa Barat;9599;Transfer Bank;delivered;;;Anteraja
ORD001679;CUST0480;02/11/2024;363623;Bogor;Jawa Barat;13984;QRIS;delivered;NEWUSER;43377;J&T
ORD001680;CUST0257;28/08/2023;98000;Depok;Jawa Barat;12229;Transfer Bank;delivered;;;J&T
ORD001681;CUST0660;30/12/2023;119000;Pontianak;Kalimantan Barat;30183;GoPay;delivered;;;Anteraja
ORD001682;CUST0505;15/03/2023;42460;Pontianak;Kalimantan Barat;33932;GoPay;delivered;RAMADAN23;16540;JNE
ORD001683;CUST0289;02/07/2024;329299;Tangerang;Banten;12100;Transfer Bank;delivered;HARBOLNAS22;28701;SiCepat
ORD001684;CUST0474;21/12/2023;188351;Banjarmasin;Kalimantan Selatan;37631;Kartu Kredit;delivered;NEWUSER;48649;SiCepat
ORD001685;CUST0182;05/04/2024;89000;Bekasi;Jawa Barat;9447;Transfer Bank;returned;;;J&T
ORD001686;CUST0486;14/05/2024;587000;Yogyakarta;DI Yogyakarta;16646;OVO;delivered;;;SiCepat
ORD001687;CUST0081;11/10/2024;279000;Balikpapan;Kalimantan Timur;34760;Kartu Kredit;delivered;;;SiCepat
ORD001688;CUST0767;21/04/2023;249000;Palembang;Sumatera Selatan;32327;Transfer Bank;shipped;;;J&T
ORD001689;CUST0202;13/10/2024;499000;Tangerang;Banten;11392;Kartu Kredit;delivered;;;SiCepat
ORD001690;CUST0568;26/03/2024;287000;Makassar;Sulawesi Selatan;30333;Transfer Bank;shipped;;;JNE
ORD001691;CUST0611;11/03/2022;578000;Makassar;Sulawesi Selatan;38002;GoPay;delivered;;;JNE
ORD001692;CUST0687;22/01/2025;268000;Tangerang;Banten;9012;OVO;shipped;;;J&T
ORD001693;CUST0657;23/12/2023;311466;Padang;Sumatera Barat;30456;GoPay;shipped;FLASHSALE;17534;JNE
ORD001694;CUST0468;05/08/2022;89000;Surabaya;Jawa Timur;12523;Transfer Bank;delivered;;;Anteraja
ORD001695;CUST0475;22/08/2023;59000;Palembang;Sumatera Selatan;29279;Transfer Bank;cancelled;;;SiCepat
ORD001696;CUST0050;01/02/2023;129000;Padang;Sumatera Barat;34601;OVO;delivered;;;JNE
ORD001697;CUST0643;01/09/2023;307401;Bogor;Jawa Barat;10699;QRIS;returned;WEEKEND25;49599;J&T
ORD001698;CUST0782;09/11/2023;873712;Denpasar;Bali;21476;GoPay;processing;HARBOLNAS22;24288;JNE
ORD001699;CUST0158;13/04/2023;107900;Manado;Sulawesi Utara;38090;OVO;cancelled;HARBOLNAS22;41100;J&T
ORD001700;CUST0574;02/12/2024;377000;Padang;Sumatera Barat;26881;GoPay;delivered;;;J&T
ORD001701;CUST0074;03/07/2023;367000;Medan;Sumatera Utara;36430;OVO;shipped;;;SiCepat
ORD001702;CUST0452;10/12/2023;747000;Semarang;Jawa Tengah;16752;Kartu Kredit;delivered;;;J&T
ORD001703;CUST0064;13/04/2024;499000;Bekasi;Jawa Barat;9967;Kartu Kredit;delivered;;;SiCepat
ORD001704;CUST0759;28/01/2025;558000;Malang;Jawa Timur;21450;GoPay;delivered;;;SiCepat
ORD001705;CUST0488;21/11/2024;803130;Bogor;Jawa Barat;13404;GoPay;delivered;MEMBER10;43870;Anteraja
ORD001706;CUST0607;16/01/2024;238000;Bogor;Jawa Barat;11492;OVO;cancelled;;;J&T
ORD001707;CUST0490;05/11/2022;279000;Pontianak;Kalimantan Barat;31553;Kartu Kredit;processing;;;JNE
ORD001708;CUST0269;03/03/2023;349000;Tangerang;Banten;13464;Kartu Kredit;delivered;;;J&T
ORD001709;CUST0539;21/12/2023;89000;Balikpapan;Kalimantan Timur;31034;OVO;delivered;;;J&T
ORD001710;CUST0345;05/03/2024;581156;Denpasar;Bali;26039;GoPay;delivered;SALE2024;45844;J&T
ORD001711;CUST0797;20/03/2024;778000;Palembang;Sumatera Selatan;27846;QRIS;delivered;;;J&T
ORD001712;CUST0613;16/05/2024;599000;Bogor;Jawa Barat;14311;OVO;cancelled;;;J&T
ORD001713;CUST0155;04/04/2024;229000;Pekanbaru;Riau;24013;QRIS;cancelled;;;SiCepat
ORD001714;CUST0324;27/05/2023;207118;Tangerang;Banten;9209;OVO;delivered;WEEKEND25;41882;JNE
ORD001715;CUST0609;09/05/2023;408000;Bekasi;Jawa Barat;9650;OVO;delivered;;;SiCepat
ORD001716;CUST0398;30/04/2024;349000;Banjarmasin;Kalimantan Selatan;32920;Kartu Kredit;delivered;;;SiCepat
ORD001717;CUST0152;14/12/2023;449000;Yogyakarta;DI Yogyakarta;17112;Transfer Bank;cancelled;;;J&T
ORD001718;CUST0655;11/05/2023;508000;Bogor;Jawa Barat;11348;Transfer Bank;delivered;;;J&T
ORD001719;CUST0657;20/03/2024;828225;Padang;Sumatera Barat;29822;QRIS;delivered;RAMADAN23;38775;JNE
ORD001720;CUST0770;08/12/2023;358000;Makassar;Sulawesi Selatan;35977;Transfer Bank;delivered;;;J&T
ORD001721;CUST0610;29/06/2024;527000;Depok;Jawa Barat;11967;GoPay;delivered;;;SiCepat
ORD001722;CUST0400;08/07/2022;355735;Bekasi;Jawa Barat;10483;GoPay;delivered;NEWUSER;43265;J&T
ORD001723;CUST0281;12/08/2024;536000;Pontianak;Kalimantan Barat;41350;Transfer Bank;cancelled;;;SiCepat
ORD001724;CUST0227;27/03/2022;314111;Pekanbaru;Riau;32473;Kartu Kredit;cancelled;NEWUSER;34889;J&T
ORD001725;CUST0330;02/05/2024;249000;Semarang;Jawa Tengah;16647;Transfer Bank;delivered;;;J&T
ORD001726;CUST0481;07/03/2022;446048;Palembang;Sumatera Selatan;26046;QRIS;cancelled;FLASHSALE;40952;SiCepat
ORD001727;CUST0322;19/01/2025;928000;Banjarmasin;Kalimantan Selatan;41280;Transfer Bank;delivered;;;SiCepat
ORD001728;CUST0649;28/11/2023;416000;Semarang;Jawa Tengah;17747;Kartu Kredit;returned;;;J&T
ORD001729;CUST0448;01/07/2024;707000;Pekanbaru;Riau;32769;OVO;delivered;;;SiCepat
ORD001730;CUST0616;29/10/2023;492716;Jakarta;DKI Jakarta;10810;Transfer Bank;cancelled;MEMBER10;35284;SiCepat
ORD001731;CUST0244;10/10/2022;199000;Yogyakarta;DI Yogyakarta;19044;GoPay;delivered;;;JNE
ORD001732;CUST0743;06/02/2025;576000;Pekanbaru;Riau;32444;GoPay;delivered;;;Anteraja
ORD001733;CUST0312;23/06/2022;198000;Tangerang;Banten;10642;OVO;processing;;;J&T
ORD001734;CUST0380;24/08/2022;153956;Malang;Jawa Timur;14196;GoPay;processing;SALE2024;45044;Anteraja
ORD001735;CUST0110;08/09/2023;927000;Bogor;Jawa Barat;10230;Kartu Kredit;delivered;;;Anteraja
ORD001736;CUST0160;19/12/2022;698348;Pontianak;Kalimantan Barat;29383;Transfer Bank;delivered;WEEKEND25;46652;JNE
ORD001737;CUST0268;07/09/2024;413661;Bogor;Jawa Barat;14226;QRIS;delivered;HARI BELANJA;34339;JNE
ORD001738;CUST0359;26/08/2024;377000;Bekasi;Jawa Barat;11679;Transfer Bank;processing;;;J&T
ORD001739;CUST0301;23/06/2022;164421;Balikpapan;Kalimantan Timur;40665;OVO;delivered;MEMBER10;33579;JNE
ORD001740;CUST0484;17/01/2024;69000;Medan;Sumatera Utara;29720;QRIS;delivered;;;JNE
ORD001741;CUST0311;13/02/2024;599000;Semarang;Jawa Tengah;16284;OVO;delivered;;;SiCepat
ORD001742;CUST0448;10/11/2022;60473;Pekanbaru;Riau;26513;GoPay;shipped;SALE2024;18527;JNE
ORD001743;CUST0642;28/07/2023;308000;Pontianak;Kalimantan Barat;39170;Transfer Bank;shipped;;;J&T
ORD001744;CUST0666;30/01/2024;214578;Jakarta;DKI Jakarta;11229;OVO;delivered;FLASHSALE;43422;JNE
ORD001745;CUST0762;17/01/2022;526000;Balikpapan;Kalimantan Timur;33861;GoPay;processing;;;SiCepat
ORD001746;CUST0417;22/04/2023;446000;Medan;Sumatera Utara;37622;Transfer Bank;delivered;;;J&T
ORD001747;CUST0564;26/09/2024;229000;Bogor;Jawa Barat;14061;OVO;processing;;;JNE
ORD001748;CUST0053;15/09/2024;207000;Malang;Jawa Timur;18078;Kartu Kredit;returned;;;J&T
ORD001749;CUST0575;08/01/2022;262206;Balikpapan;Kalimantan Timur;34817;GoPay;delivered;MEMBER10;36794;JNE
ORD001750;CUST0395;15/02/2025;10727;Makassar;Sulawesi Selatan;32536;Kartu Kredit;delivered;SALE2024;48273;JNE
ORD001751;CUST0364;16/02/2025;135492;Padang;Sumatera Barat;24608;OVO;shipped;FLASHSALE;42508;SiCepat
ORD001752;CUST0097;29/01/2025;650754;Makassar;Sulawesi Selatan;36269;QRIS;processing;RAMADAN23;34246;JNE
ORD001753;CUST0190;31/05/2023;748000;Surabaya;Jawa Timur;17403;GoPay;shipped;;;J&T
ORD001754;CUST0118;27/12/2024;98000;Bekasi;Jawa Barat;9364;Transfer Bank;delivered;;;SiCepat
ORD001755;CUST0455;30/07/2023;449000;Pekanbaru;Riau;24699;GoPay;delivered;;;J&T
ORD001756;CUST0319;01/05/2023;259604;Bandung;Jawa Barat;13566;OVO;delivered;NEWUSER;19396;JNE
ORD001757;CUST0441;07/02/2024;259736;Manado;Sulawesi Utara;34013;Kartu Kredit;delivered;FLASHSALE;19264;JNE
ORD001758;CUST0493;13/06/2023;244531;Banjarmasin;Kalimantan Selatan;38463;Transfer Bank;cancelled;NEWUSER;23469;SiCepat
ORD001759;CUST0315;06/11/2022;249000;Bogor;Jawa Barat;11735;GoPay;cancelled;;;SiCepat
ORD001760;CUST0250;05/07/2023;158000;Pekanbaru;Riau;33812;GoPay;delivered;;;Anteraja
ORD001761;CUST0595;25/05/2024;778000;Surabaya;Jawa Timur;15656;OVO;delivered;;;JNE
ORD001762;CUST0207;21/06/2023;660299;Yogyakarta;DI Yogyakarta;19793;OVO;cancelled;WEEKEND25;37701;J&T
ORD001763;CUST0450;25/04/2024;404410;Bandung;Jawa Barat;11567;Transfer Bank;delivered;HARBOLNAS22;23590;SiCepat
ORD001764;CUST0568;07/04/2024;499000;Bekasi;Jawa Barat;11612;Kartu Kredit;shipped;;;Anteraja
ORD001765;CUST0554;08/03/2024;148000;Semarang;Jawa Tengah;16405;Transfer Bank;delivered;;;J&T
ORD001766;CUST0685;16/10/2024;1506000;Padang;Sumatera Barat;25544;GoPay;delivered;;;SiCepat
ORD001767;CUST0188;12/07/2023;977000;Padang;Sumatera Barat;30507;Transfer Bank;delivered;;;Anteraja
ORD001768;CUST0135;04/06/2022;798000;Makassar;Sulawesi Selatan;39015;QRIS;delivered;;;Pos Indonesia
ORD001769;CUST0346;05/07/2022;622813;Medan;Sumatera Utara;33673;Transfer Bank;delivered;HARI BELANJA;33187;Anteraja
ORD001770;CUST0189;17/07/2024;119000;Tangerang;Banten;12065;Transfer Bank;delivered;;;J&T
ORD001771;CUST0168;15/01/2022;573634;Pekanbaru;Riau;25210;Transfer Bank;shipped;HARBOLNAS22;32366;J&T
ORD001772;CUST0757;13/03/2024;304697;Pontianak;Kalimantan Barat;35903;Transfer Bank;delivered;HARI BELANJA;44303;SiCepat
ORD001773;CUST0734;20/09/2024;49000;Medan;Sumatera Utara;28785;Transfer Bank;delivered;;;JNE
ORD001774;CUST0213;15/10/2023;279000;Medan;Sumatera Utara;27861;QRIS;delivered;;;JNE
ORD001775;CUST0303;10/06/2023;278000;Surabaya;Jawa Timur;12698;GoPay;delivered;;;J&T
ORD001776;CUST0588;25/05/2023;279000;Jakarta;DKI Jakarta;9637;GoPay;delivered;;;J&T
ORD001777;CUST0375;27/05/2024;628510;Balikpapan;Kalimantan Timur;33997;GoPay;delivered;HARI BELANJA;19490;JNE
ORD001778;CUST0098;26/02/2024;119000;Bekasi;Jawa Barat;11970;QRIS;shipped;;;JNE
ORD001779;CUST0690;09/07/2023;898000;Padang;Sumatera Barat;24798;Transfer Bank;delivered;;;JNE
ORD001780;CUST0171;02/02/2025;145529;Pekanbaru;Riau;25392;Transfer Bank;delivered;SALE2024;22471;JNE
ORD001781;CUST0108;03/08/2022;316809;Yogyakarta;DI Yogyakarta;13991;OVO;delivered;RAMADAN23;49191;J&T
ORD001782;CUST0727;14/06/2022;399000;Semarang;Jawa Tengah;13906;OVO;delivered;;;J&T
ORD001783;CUST0245;04/05/2023;936000;Bogor;Jawa Barat;10230;Transfer Bank;delivered;;;Anteraja
ORD001784;CUST0761;10/03/2023;456339;Yogyakarta;DI Yogyakarta;14583;GoPay;delivered;RAMADAN23;42661;J&T
ORD001785;CUST0346;23/03/2023;468000;Medan;Sumatera Utara;36178;OVO;shipped;;;SiCepat
ORD001786;CUST0536;20/09/2024;129000;Medan;Sumatera Utara;31570;Kartu Kredit;delivered;;;JNE
ORD001787;CUST0096;24/03/2022;207000;Pontianak;Kalimantan Barat;30575;Transfer Bank;processing;;;J&T
ORD001788;CUST0077;15/01/2025;599000;Medan;Sumatera Utara;37141;GoPay;processing;;;SiCepat
ORD001789;CUST0329;21/06/2023;89000;Bekasi;Jawa Barat;11882;GoPay;processing;;;JNE
ORD001790;CUST0505;15/02/2023;447000;Pontianak;Kalimantan Barat;29708;Transfer Bank;cancelled;;;JNE
ORD001791;CUST0535;03/11/2024;98213;Banjarmasin;Kalimantan Selatan;28485;QRIS;returned;RAMADAN23;30787;J&T
ORD001792;CUST0298;24/07/2024;368146;Pontianak;Kalimantan Barat;35171;OVO;returned;SALE2024;29854;Anteraja
ORD001793;CUST0677;27/02/2024;898000;Surabaya;Jawa Timur;15875;GoPay;delivered;;;J&T
ORD001794;CUST0130;21/01/2023;1365000;Manado;Sulawesi Utara;36814;Transfer Bank;delivered;;;JNE
ORD001795;CUST0101;20/06/2024;273690;Semarang;Jawa Tengah;14286;QRIS;delivered;NEWUSER;25310;J&T
ORD001796;CUST0101;19/02/2025;64336;Semarang;Jawa Tengah;12078;GoPay;processing;RAMADAN23;24664;SiCepat
ORD001797;CUST0658;14/11/2024;883493;Banjarmasin;Kalimantan Selatan;40939;Transfer Bank;delivered;WEEKEND25;13507;SiCepat
ORD001798;CUST0115;08/09/2024;329000;Denpasar;Bali;21744;OVO;delivered;;;Anteraja
ORD001799;CUST0247;08/12/2023;129000;Yogyakarta;DI Yogyakarta;18360;Kartu Kredit;cancelled;;;J&T
ORD001800;CUST0515;27/03/2024;566000;Palembang;Sumatera Selatan;23253;OVO;processing;;;J&T
ORD001801;CUST0119;13/10/2024;279000;Makassar;Sulawesi Selatan;41411;GoPay;shipped;;;SiCepat
ORD001802;CUST0673;20/01/2025;539125;Makassar;Sulawesi Selatan;39347;Transfer Bank;delivered;SALE2024;28875;JNE
ORD001803;CUST0079;04/11/2023;518000;Pontianak;Kalimantan Barat;33674;Kartu Kredit;delivered;;;SiCepat
ORD001804;CUST0627;24/09/2022;599000;Balikpapan;Kalimantan Timur;30883;GoPay;processing;;;JNE
ORD001805;CUST0618;05/09/2022;4981;Manado;Sulawesi Utara;34624;Transfer Bank;returned;NEWUSER;44019;JNE
ORD001806;CUST0353;04/02/2025;658000;Balikpapan;Kalimantan Timur;41289;GoPay;delivered;;;Pos Indonesia
ORD001807;CUST0726;07/03/2023;587000;Medan;Sumatera Utara;33059;Transfer Bank;delivered;;;JNE
ORD001808;CUST0493;21/06/2023;512175;Padang;Sumatera Barat;25073;OVO;shipped;FLASHSALE;24825;JNE
ORD001809;CUST0657;28/01/2024;399000;Padang;Sumatera Barat;29966;GoPay;processing;;;SiCepat
ORD001810;CUST0187;19/08/2023;897000;Surabaya;Jawa Timur;13220;Transfer Bank;shipped;;;JNE
ORD001811;CUST0652;07/11/2022;198000;Denpasar;Bali;20481;GoPay;delivered;;;Anteraja
ORD001812;CUST0795;24/12/2024;946000;Yogyakarta;DI Yogyakarta;14729;Transfer Bank;shipped;;;JNE
ORD001813;CUST0486;19/12/2022;1347197;Yogyakarta;DI Yogyakarta;17790;Kartu Kredit;delivered;RAMADAN23;37803;J&T
ORD001814;CUST0759;13/03/2024;3385;Malang;Jawa Timur;18225;Transfer Bank;returned;HARI BELANJA;45615;J&T
ORD001815;CUST0309;18/10/2023;1079326;Denpasar;Bali;24036;GoPay;delivered;MEMBER10;47674;SiCepat
ORD001816;CUST0273;27/05/2023;258000;Yogyakarta;DI Yogyakarta;15527;Transfer Bank;cancelled;;;Anteraja
ORD001817;CUST0330;17/09/2024;99000;Semarang;Jawa Tengah;13674;QRIS;delivered;;;JNE
ORD001818;CUST0184;08/12/2024;184220;Medan;Sumatera Utara;30275;Transfer Bank;cancelled;FLASHSALE;43780;SiCepat
ORD001819;CUST0498;15/04/2024;837000;Depok;Jawa Barat;12040;GoPay;delivered;;;J&T
ORD001820;CUST0506;23/11/2022;744325;Pekanbaru;Riau;25816;Transfer Bank;delivered;NEWUSER;11675;Pos Indonesia
ORD001821;CUST0610;24/04/2023;957000;Depok;Jawa Barat;10559;Transfer Bank;delivered;;;J&T
ORD001822;CUST0668;04/07/2023;1576000;Manado;Sulawesi Utara;34246;Kartu Kredit;cancelled;;;JNE
ORD001823;CUST0460;05/02/2025;655000;Jakarta;DKI Jakarta;10289;Transfer Bank;delivered;;;JNE
ORD001824;CUST0344;13/04/2024;877000;Padang;Sumatera Barat;34228;OVO;delivered;;;SiCepat
ORD001825;CUST0322;11/12/2024;775000;Banjarmasin;Kalimantan Selatan;36800;Transfer Bank;shipped;;;SiCepat
ORD001826;CUST0762;25/09/2024;2013000;Balikpapan;Kalimantan Timur;41946;GoPay;delivered;;;JNE
ORD001827;CUST0682;26/08/2023;940860;Jakarta;DKI Jakarta;10310;Kartu Kredit;delivered;MEMBER10;15140;SiCepat
ORD001828;CUST0311;24/06/2024;942549;Semarang;Jawa Tengah;12427;GoPay;delivered;MEMBER10;12451;J&T
ORD001829;CUST0024;09/07/2023;749518;Denpasar;Bali;30211;GoPay;delivered;SALE2024;28482;JNE
ORD001830;CUST0406;15/06/2023;796000;Jakarta;DKI Jakarta;8340;QRIS;delivered;;;SiCepat
ORD001831;CUST0110;12/07/2024;560218;Bogor;Jawa Barat;13054;Transfer Bank;shipped;HARBOLNAS22;38782;J&T
ORD001832;CUST0073;03/05/2024;916000;Bogor;Jawa Barat;12248;GoPay;processing;;;Anteraja
ORD001833;CUST0161;19/02/2024;50091;Depok;Jawa Barat;12865;Transfer Bank;delivered;WEEKEND25;48909;Pos Indonesia
ORD001834;CUST0430;17/11/2023;227000;Yogyakarta;DI Yogyakarta;19218;Transfer Bank;shipped;;;JNE
ORD001835;CUST0248;05/11/2024;578000;Pekanbaru;Riau;33187;OVO;processing;;;Anteraja
ORD001836;CUST0095;30/05/2024;510624;Banjarmasin;Kalimantan Selatan;37424;QRIS;delivered;WEEKEND25;25376;JNE
ORD001837;CUST0594;10/12/2023;477000;Malang;Jawa Timur;20905;Kartu Kredit;delivered;;;JNE
ORD001838;CUST0586;15/04/2023;378000;Manado;Sulawesi Utara;37269;Transfer Bank;cancelled;;;J&T
ORD001839;CUST0458;26/07/2023;557000;Depok;Jawa Barat;12482;OVO;delivered;;;JNE
ORD001840;CUST0130;21/11/2023;1127422;Manado;Sulawesi Utara;33855;GoPay;cancelled;FLASHSALE;38578;J&T
ORD001841;CUST0752;19/12/2024;755491;Palembang;Sumatera Selatan;28810;GoPay;shipped;FLASHSALE;39509;Anteraja
ORD001842;CUST0480;05/01/2025;752814;Jakarta;DKI Jakarta;10855;Transfer Bank;delivered;WEEKEND25;24186;JNE
ORD001843;CUST0503;30/05/2023;997000;Depok;Jawa Barat;11204;GoPay;shipped;;;SiCepat
ORD001844;CUST0189;01/06/2022;713740;Bekasi;Jawa Barat;10767;Kartu Kredit;shipped;FLASHSALE;43260;JNE
ORD001845;CUST0570;18/12/2023;428000;Makassar;Sulawesi Selatan;34467;Kartu Kredit;cancelled;;;SiCepat
ORD001846;CUST0625;06/11/2024;628000;Jakarta;DKI Jakarta;9782;OVO;delivered;;;J&T
ORD001847;CUST0618;14/02/2024;329000;Manado;Sulawesi Utara;39834;GoPay;processing;;;SiCepat
ORD001848;CUST0295;19/02/2024;1197000;Manado;Sulawesi Utara;35162;QRIS;delivered;;;J&T
ORD001849;CUST0358;17/08/2023;199000;Bekasi;Jawa Barat;13174;Transfer Bank;delivered;;;SiCepat
ORD001850;CUST0768;19/12/2023;636000;Denpasar;Bali;23416;QRIS;delivered;;;JNE
ORD001851;CUST0093;19/11/2024;103454;Bandung;Jawa Barat;10965;Transfer Bank;shipped;RAMADAN23;45546;J&T
ORD001852;CUST0160;29/10/2024;452111;Pontianak;Kalimantan Barat;35121;QRIS;delivered;NEWUSER;46889;JNE
ORD001853;CUST0768;20/02/2025;647000;Bogor;Jawa Barat;13544;OVO;delivered;;;JNE
ORD001854;CUST0764;29/05/2024;138363;Pontianak;Kalimantan Barat;36206;Transfer Bank;delivered;NEWUSER;10637;SiCepat
ORD001855;CUST0749;16/08/2023;199000;Tangerang;Banten;9649;QRIS;delivered;;;SiCepat
ORD001856;CUST0361;15/07/2023;378000;Pekanbaru;Riau;24386;Transfer Bank;processing;;;SiCepat
ORD001857;CUST0736;16/12/2023;1145000;Pekanbaru;Riau;25941;OVO;cancelled;;;J&T
ORD001858;CUST0510;30/07/2024;816000;Pekanbaru;Riau;22852;Transfer Bank;delivered;;;SiCepat
ORD001859;CUST0498;17/11/2023;22659;Depok;Jawa Barat;9149;Transfer Bank;delivered;MEMBER10;26341;SiCepat
ORD001860;CUST0705;30/01/2023;164750;Semarang;Jawa Tengah;14985;GoPay;cancelled;NEWUSER;34250;JNE
ORD001861;CUST0215;01/01/2025;928963;Bekasi;Jawa Barat;13187;GoPay;delivered;HARI BELANJA;28037;SiCepat
ORD001862;CUST0581;12/08/2023;846000;Jakarta;DKI Jakarta;8113;Kartu Kredit;returned;;;JNE
ORD001863;CUST0046;04/01/2022;727000;Malang;Jawa Timur;21733;Transfer Bank;delivered;;;JNE
ORD001864;CUST0268;14/01/2022;199000;Balikpapan;Kalimantan Timur;38588;GoPay;delivered;;;SiCepat
ORD001865;CUST0321;08/05/2024;19154;Makassar;Sulawesi Selatan;41827;Transfer Bank;delivered;HARBOLNAS22;29846;J&T
ORD001866;CUST0348;24/06/2022;547000;Bandung;Jawa Barat;10573;OVO;delivered;;;J&T
ORD001867;CUST0281;16/08/2024;929739;Pontianak;Kalimantan Barat;34834;Transfer Bank;delivered;MEMBER10;36261;Anteraja
ORD001868;CUST0268;19/07/2024;798000;Banjarmasin;Kalimantan Selatan;34799;Kartu Kredit;processing;;;SiCepat
ORD001869;CUST0164;04/08/2023;467353;Bandung;Jawa Barat;12458;OVO;processing;HARI BELANJA;31647;JNE
ORD001870;CUST0363;18/01/2025;2395000;Surabaya;Jawa Timur;16029;OVO;delivered;;;Pos Indonesia
ORD001871;CUST0640;25/02/2025;473102;Denpasar;Bali;26625;GoPay;shipped;RAMADAN23;24898;J&T
ORD001872;CUST0449;14/11/2024;219680;Yogyakarta;DI Yogyakarta;16364;GoPay;cancelled;RAMADAN23;29320;Anteraja
ORD001873;CUST0154;15/01/2024;98897;Balikpapan;Kalimantan Timur;31287;GoPay;delivered;HARI BELANJA;20103;J&T
ORD001874;CUST0688;13/02/2025;110661;Malang;Jawa Timur;14858;OVO;delivered;HARI BELANJA;38339;JNE
ORD001875;CUST0015;12/08/2022;757000;Medan;Sumatera Utara;26816;OVO;delivered;;;JNE
ORD001876;CUST0106;30/07/2024;298000;Palembang;Sumatera Selatan;22749;GoPay;delivered;;;SiCepat
ORD001877;CUST0121;31/01/2023;678000;Manado;Sulawesi Utara;34474;Transfer Bank;delivered;;;Pos Indonesia
ORD001878;CUST0288;29/01/2024;428000;Balikpapan;Kalimantan Timur;39440;Transfer Bank;shipped;;;JNE
ORD001879;CUST0606;28/09/2024;538046;Bandung;Jawa Barat;10742;Transfer Bank;processing;RAMADAN23;10954;J&T
ORD001880;CUST0573;12/03/2024;19006;Bogor;Jawa Barat;10315;Kartu Kredit;processing;NEWUSER;39994;Anteraja
ORD001881;CUST0064;30/06/2023;238000;Bekasi;Jawa Barat;11881;Kartu Kredit;shipped;;;J&T
ORD001882;CUST0424;13/10/2023;255352;Tangerang;Banten;13437;Kartu Kredit;cancelled;WEEKEND25;43648;SiCepat
ORD001883;CUST0500;26/03/2023;218000;Pontianak;Kalimantan Barat;30427;Transfer Bank;cancelled;;;J&T
ORD001884;CUST0475;28/11/2024;1301216;Palembang;Sumatera Selatan;23587;Kartu Kredit;delivered;MEMBER10;25784;JNE
ORD001885;CUST0729;08/10/2024;1626000;Jakarta;DKI Jakarta;9133;GoPay;delivered;;;SiCepat
ORD001886;CUST0394;08/11/2023;119000;Bekasi;Jawa Barat;9043;Transfer Bank;delivered;;;SiCepat
ORD001887;CUST0060;05/01/2023;1165987;Pekanbaru;Riau;30679;OVO;delivered;HARBOLNAS22;31013;J&T
ORD001888;CUST0646;20/02/2024;477207;Malang;Jawa Timur;21789;GoPay;delivered;MEMBER10;21793;JNE
ORD001889;CUST0497;06/07/2023;89000;Makassar;Sulawesi Selatan;38214;GoPay;delivered;;;JNE
ORD001890;CUST0550;27/06/2023;399000;Depok;Jawa Barat;9459;Transfer Bank;delivered;;;JNE
ORD001891;CUST0780;01/02/2025;215482;Medan;Sumatera Utara;27000;Transfer Bank;cancelled;HARBOLNAS22;33518;SiCepat
ORD001892;CUST0767;04/05/2022;1435014;Palembang;Sumatera Selatan;33684;QRIS;delivered;SALE2024;40986;JNE
ORD001893;CUST0417;26/03/2024;323776;Medan;Sumatera Utara;34203;OVO;cancelled;SALE2024;34224;JNE
ORD001894;CUST0183;02/10/2024;329000;Yogyakarta;DI Yogyakarta;13419;GoPay;delivered;;;SiCepat
ORD001895;CUST0127;20/04/2023;375569;Pontianak;Kalimantan Barat;29418;Transfer Bank;delivered;MEMBER10;22431;Pos Indonesia
ORD001896;CUST0442;12/07/2023;59000;Palembang;Sumatera Selatan;25194;Transfer Bank;delivered;;;SiCepat
ORD001897;CUST0779;25/01/2022;229000;Medan;Sumatera Utara;30236;QRIS;cancelled;;;J&T
ORD001898;CUST0593;25/07/2023;378000;Bekasi;Jawa Barat;9379;Transfer Bank;delivered;;;JNE
ORD001899;CUST0107;01/07/2024;399000;Depok;Jawa Barat;11657;Transfer Bank;shipped;;;SiCepat
ORD001900;CUST0252;30/09/2024;499000;Balikpapan;Kalimantan Timur;36218;GoPay;delivered;;;JNE
ORD001901;CUST0476;17/12/2023;425812;Jakarta;DKI Jakarta;11900;GoPay;delivered;SALE2024;23188;JNE
ORD001902;CUST0195;19/01/2024;49000;Bekasi;Jawa Barat;9764;OVO;returned;;;J&T
ORD001903;CUST0371;30/12/2022;548000;Bandung;Jawa Barat;10854;Transfer Bank;delivered;;;SiCepat
ORD001904;CUST0179;03/11/2024;1691786;Balikpapan;Kalimantan Timur;39404;GoPay;delivered;SALE2024;34214;SiCepat
ORD001905;CUST0176;13/05/2024;578000;Tangerang;Banten;9190;GoPay;processing;;;SiCepat
ORD001906;CUST0620;04/04/2023;648000;Yogyakarta;DI Yogyakarta;13510;GoPay;delivered;;;SiCepat
ORD001907;CUST0588;29/05/2022;118000;Palembang;Sumatera Selatan;25152;Transfer Bank;cancelled;;;J&T
ORD001908;CUST0397;07/02/2022;678000;Balikpapan;Kalimantan Timur;38263;OVO;delivered;;;J&T
ORD001909;CUST0488;08/05/2024;329000;Bogor;Jawa Barat;14351;GoPay;delivered;;;SiCepat
ORD001910;CUST0795;15/04/2023;449000;Jakarta;DKI Jakarta;9713;OVO;cancelled;;;J&T
ORD001911;CUST0499;04/11/2024;327000;Tangerang;Banten;12601;Transfer Bank;delivered;;;SiCepat
ORD001912;CUST0740;27/04/2023;118081;Denpasar;Bali;28923;Transfer Bank;delivered;MEMBER10;10919;SiCepat
ORD001913;CUST0452;30/12/2024;149000;Semarang;Jawa Tengah;12111;Kartu Kredit;delivered;;;J&T
ORD001914;CUST0715;11/11/2023;59000;Bekasi;Jawa Barat;10025;GoPay;delivered;;;Anteraja
ORD001915;CUST0466;19/03/2023;328000;Balikpapan;Kalimantan Timur;37589;Transfer Bank;returned;;;J&T
ORD001916;CUST0267;06/09/2022;869265;Bekasi;Jawa Barat;10911;OVO;shipped;MEMBER10;37735;J&T
ORD001917;CUST0665;06/07/2024;55843;Surabaya;Jawa Timur;15528;QRIS;delivered;MEMBER10;23157;J&T
ORD001918;CUST0503;23/02/2024;119000;Depok;Jawa Barat;13748;Transfer Bank;delivered;;;JNE
ORD001919;CUST0153;28/07/2024;119000;Pontianak;Kalimantan Barat;34395;OVO;delivered;;;SiCepat
ORD001920;CUST0007;14/02/2022;995000;Medan;Sumatera Utara;38672;OVO;cancelled;;;J&T
ORD001921;CUST0134;24/08/2024;549000;Tangerang;Banten;10280;Kartu Kredit;delivered;;;SiCepat
ORD001922;CUST0585;22/08/2024;69000;Semarang;Jawa Tengah;12462;GoPay;returned;;;JNE
ORD001923;CUST0410;02/02/2024;1254529;Semarang;Jawa Tengah;12484;OVO;shipped;HARBOLNAS22;11471;J&T
ORD001924;CUST0417;15/03/2023;267000;Denpasar;Bali;24017;GoPay;delivered;;;J&T
ORD001925;CUST0063;10/04/2024;229000;Pekanbaru;Riau;30033;OVO;delivered;;;JNE
ORD001926;CUST0361;18/09/2023;192031;Pekanbaru;Riau;27625;GoPay;shipped;SALE2024;24969;J&T
ORD001927;CUST0051;13/02/2024;597128;Denpasar;Bali;31936;Transfer Bank;cancelled;SALE2024;48872;JNE
ORD001928;CUST0720;15/11/2023;870047;Palembang;Sumatera Selatan;30173;OVO;shipped;WEEKEND25;27953;Anteraja
ORD001929;CUST0636;26/12/2023;399000;Yogyakarta;DI Yogyakarta;18418;Kartu Kredit;delivered;;;SiCepat
ORD001930;CUST0453;06/05/2024;45844;Malang;Jawa Timur;15352;OVO;delivered;FLASHSALE;43156;J&T
ORD001931;CUST0358;25/02/2025;158000;Bekasi;Jawa Barat;10474;Transfer Bank;delivered;;;JNE
ORD001932;CUST0542;09/04/2024;399000;Semarang;Jawa Tengah;14873;Kartu Kredit;delivered;;;JNE
ORD001933;CUST0282;23/08/2022;357000;Tangerang;Banten;9164;GoPay;shipped;;;JNE
ORD001934;CUST0672;20/02/2025;47041;Malang;Jawa Timur;17871;Transfer Bank;shipped;RAMADAN23;21959;SiCepat
ORD001935;CUST0403;04/03/2023;1047000;Banjarmasin;Kalimantan Selatan;29289;GoPay;delivered;;;J&T
ORD001936;CUST0500;15/01/2022;487000;Pontianak;Kalimantan Barat;34078;QRIS;shipped;;;SiCepat
ORD001937;CUST0782;05/04/2024;148000;Denpasar;Bali;27422;Transfer Bank;returned;;;J&T
ORD001938;CUST0761;15/04/2024;1427456;Yogyakarta;DI Yogyakarta;17236;GoPay;shipped;MEMBER10;27544;JNE
ORD001939;CUST0111;18/10/2024;478000;Pontianak;Kalimantan Barat;36305;QRIS;delivered;;;SiCepat
ORD001940;CUST0104;04/06/2023;898000;Jakarta;DKI Jakarta;10963;OVO;delivered;;;Anteraja
ORD001941;CUST0102;24/06/2023;532834;Makassar;Sulawesi Selatan;33355;Transfer Bank;shipped;WEEKEND25;14166;J&T
ORD001942;CUST0632;04/12/2024;348000;Depok;Jawa Barat;11955;OVO;delivered;;;SiCepat
ORD001943;CUST0790;22/09/2024;575000;Padang;Sumatera Barat;24924;Kartu Kredit;delivered;;;SiCepat
ORD001944;CUST0003;29/04/2023;458000;Tangerang;Banten;12138;QRIS;delivered;;;SiCepat
ORD001945;CUST0726;10/08/2024;168000;Medan;Sumatera Utara;37999;GoPay;delivered;;;J&T
ORD001946;CUST0168;18/04/2024;208000;Banjarmasin;Kalimantan Selatan;38753;Transfer Bank;delivered;;;SiCepat
ORD001947;CUST0118;13/10/2024;268000;Bekasi;Jawa Barat;11585;QRIS;delivered;;;Pos Indonesia
ORD001948;CUST0007;25/01/2025;485148;Medan;Sumatera Utara;35892;Transfer Bank;delivered;HARI BELANJA;13852;Anteraja
ORD001949;CUST0329;05/09/2024;696000;Bekasi;Jawa Barat;9971;Kartu Kredit;cancelled;;;JNE
ORD001950;CUST0281;12/12/2023;657904;Pontianak;Kalimantan Barat;29264;OVO;processing;MEMBER10;10096;SiCepat
ORD001951;CUST0788;13/03/2022;59000;Semarang;Jawa Tengah;14803;GoPay;shipped;;;J&T
ORD001952;CUST0198;21/10/2024;149000;Malang;Jawa Timur;21980;GoPay;processing;;;J&T
ORD001953;CUST0744;02/04/2023;449000;Jakarta;DKI Jakarta;9216;Kartu Kredit;delivered;;;SiCepat
ORD001954;CUST0101;08/06/2024;188000;Padang;Sumatera Barat;27600;Kartu Kredit;processing;;;J&T
ORD001955;CUST0541;05/07/2022;499000;Balikpapan;Kalimantan Timur;31022;QRIS;processing;;;J&T
ORD001956;CUST0052;13/02/2023;678000;Semarang;Jawa Tengah;13804;GoPay;cancelled;;;JNE
ORD001957;CUST0698;14/10/2023;69000;Pekanbaru;Riau;23702;OVO;returned;;;J&T
ORD001958;CUST0278;28/02/2024;628000;Balikpapan;Kalimantan Timur;39913;Kartu Kredit;delivered;;;JNE
ORD001959;CUST0577;05/09/2024;1080643;Tangerang;Banten;10775;GoPay;shipped;SALE2024;25357;Pos Indonesia
ORD001960;CUST0013;19/01/2024;1616000;Makassar;Sulawesi Selatan;31061;Kartu Kredit;delivered;;;SiCepat
ORD001961;CUST0222;24/03/2023;478000;Manado;Sulawesi Utara;33075;Kartu Kredit;delivered;;;SiCepat
ORD001962;CUST0301;10/07/2024;312065;Medan;Sumatera Utara;35497;Transfer Bank;delivered;NEWUSER;16935;SiCepat
ORD001963;CUST0383;21/02/2025;248000;Padang;Sumatera Barat;32825;Transfer Bank;delivered;;;Anteraja
ORD001964;CUST0391;01/01/2024;117465;Pontianak;Kalimantan Barat;35210;OVO;delivered;RAMADAN23;31535;SiCepat
ORD001965;CUST0101;20/04/2024;1146000;Semarang;Jawa Tengah;13275;GoPay;delivered;;;JNE
ORD001966;CUST0437;21/01/2025;1036306;Pekanbaru;Riau;30562;Transfer Bank;returned;MEMBER10;20694;JNE
ORD001967;CUST0003;02/08/2023;178000;Tangerang;Banten;9244;GoPay;delivered;;;Pos Indonesia
ORD001968;CUST0701;11/12/2024;69000;Pontianak;Kalimantan Barat;30894;Transfer Bank;delivered;;;JNE
ORD001969;CUST0424;19/06/2022;69000;Bekasi;Jawa Barat;12565;Transfer Bank;delivered;;;J&T
ORD001970;CUST0103;31/10/2024;119000;Banjarmasin;Kalimantan Selatan;31471;Transfer Bank;delivered;;;J&T
ORD001971;CUST0414;30/05/2023;778000;Surabaya;Jawa Timur;13096;QRIS;delivered;;;SiCepat
ORD001972;CUST0170;08/03/2023;89000;Bekasi;Jawa Barat;11952;OVO;delivered;;;SiCepat
ORD001973;CUST0005;21/06/2022;49000;Pekanbaru;Riau;28642;OVO;processing;;;SiCepat
ORD001974;CUST0372;06/01/2025;599000;Semarang;Jawa Tengah;15854;GoPay;delivered;;;JNE
ORD001975;CUST0328;08/12/2022;827000;Makassar;Sulawesi Selatan;33845;Transfer Bank;delivered;;;SiCepat
ORD001976;CUST0565;29/04/2022;105019;Banjarmasin;Kalimantan Selatan;28311;Transfer Bank;shipped;MEMBER10;43981;Anteraja
ORD001977;CUST0175;02/05/2024;1048000;Palembang;Sumatera Selatan;33120;GoPay;delivered;;;JNE
ORD001978;CUST0768;29/07/2023;248000;Denpasar;Bali;30322;OVO;cancelled;;;Pos Indonesia
ORD001979;CUST0693;25/03/2022;109559;Manado;Sulawesi Utara;43579;OVO;returned;SALE2024;39441;Pos Indonesia
ORD001980;CUST0766;27/04/2022;498000;Jakarta;DKI Jakarta;8390;Kartu Kredit;cancelled;;;Anteraja
ORD001981;CUST0558;14/11/2024;1647000;Denpasar;Bali;27988;Transfer Bank;returned;;;Pos Indonesia
ORD001982;CUST0341;18/03/2023;1297000;Balikpapan;Kalimantan Timur;42101;QRIS;processing;;;SiCepat
ORD001983;CUST0373;16/11/2024;727000;Semarang;Jawa Tengah;15186;Transfer Bank;delivered;;;JNE
ORD001984;CUST0673;25/05/2023;225093;Makassar;Sulawesi Selatan;34200;OVO;processing;WEEKEND25;12907;JNE
ORD001985;CUST0747;26/10/2023;129000;Palembang;Sumatera Selatan;31915;OVO;delivered;;;JNE
ORD001986;CUST0632;05/07/2022;727000;Banjarmasin;Kalimantan Selatan;39970;GoPay;delivered;;;JNE
ORD001987;CUST0650;20/07/2022;254959;Yogyakarta;DI Yogyakarta;18328;Kartu Kredit;cancelled;SALE2024;24041;J&T
ORD001988;CUST0327;18/09/2023;756000;Denpasar;Bali;31061;Kartu Kredit;delivered;;;Pos Indonesia
ORD001989;CUST0094;15/01/2024;558000;Pekanbaru;Riau;31762;OVO;cancelled;;;JNE
ORD001990;CUST0031;18/06/2024;886000;Pontianak;Kalimantan Barat;32689;Transfer Bank;processing;;;JNE
ORD001991;CUST0508;28/04/2024;1697000;Manado;Sulawesi Utara;35664;Kartu Kredit;delivered;;;J&T
ORD001992;CUST0716;16/10/2023;668000;Yogyakarta;DI Yogyakarta;16999;GoPay;processing;;;J&T
ORD001993;CUST0068;16/12/2024;58739;Makassar;Sulawesi Selatan;32721;OVO;shipped;HARI BELANJA;30261;SiCepat
ORD001994;CUST0397;05/01/2022;1053536;Balikpapan;Kalimantan Timur;31751;Transfer Bank;delivered;FLASHSALE;44464;JNE
ORD001995;CUST0558;18/02/2024;449000;Denpasar;Bali;22732;Transfer Bank;delivered;;;Anteraja
ORD001996;CUST0406;04/10/2022;936000;Jakarta;DKI Jakarta;9409;Transfer Bank;cancelled;;;JNE
ORD001997;CUST0160;01/11/2023;1191562;Pontianak;Kalimantan Barat;38854;GoPay;delivered;MEMBER10;35438;JNE
ORD001998;CUST0631;08/12/2023;278000;Surabaya;Jawa Timur;15812;GoPay;cancelled;;;JNE
ORD001999;CUST0008;23/04/2023;59000;Denpasar;Bali;25748;Transfer Bank;returned;;;J&T
ORD002000;CUST0334;10/01/2025;597000;Manado;Sulawesi Utara;36458;GoPay;delivered;;;JNE
ORD002001;CUST0454;27/10/2023;632236;Makassar;Sulawesi Selatan;34807;QRIS;delivered;WEEKEND25;24764;JNE
ORD002002;CUST0677;16/02/2025;119000;Surabaya;Jawa Timur;13812;OVO;delivered;;;Anteraja
ORD002003;CUST0105;13/11/2023;436000;Padang;Sumatera Barat;24717;Transfer Bank;delivered;;;J&T
ORD002004;CUST0231;29/11/2024;399823;Tangerang;Banten;13185;OVO;shipped;RAMADAN23;49177;Pos Indonesia
ORD002005;CUST0022;01/03/2022;965125;Surabaya;Jawa Timur;14851;Transfer Bank;delivered;HARI BELANJA;32875;Anteraja
ORD002006;CUST0034;04/06/2023;128548;Manado;Sulawesi Utara;34646;GoPay;cancelled;WEEKEND25;20452;J&T
ORD002007;CUST0678;30/11/2022;658000;Surabaya;Jawa Timur;14324;QRIS;shipped;;;SiCepat
ORD002008;CUST0572;16/11/2024;2345000;Semarang;Jawa Tengah;13348;Transfer Bank;cancelled;;;JNE
ORD002009;CUST0233;25/07/2023;1321189;Manado;Sulawesi Utara;36137;Transfer Bank;delivered;MEMBER10;33811;Pos Indonesia
ORD002010;CUST0595;31/01/2023;1305000;Surabaya;Jawa Timur;12417;Transfer Bank;shipped;;;Anteraja
ORD002011;CUST0139;05/12/2024;589691;Bekasi;Jawa Barat;10664;GoPay;delivered;RAMADAN23;27309;Pos Indonesia
ORD002012;CUST0727;15/05/2023;297005;Semarang;Jawa Tengah;13622;GoPay;delivered;SALE2024;31995;JNE
ORD002013;CUST0331;22/01/2025;1339695;Depok;Jawa Barat;10541;Transfer Bank;delivered;HARBOLNAS22;16305;J&T
ORD002014;CUST0398;20/08/2023;199000;Banjarmasin;Kalimantan Selatan;40637;GoPay;delivered;;;J&T
ORD002015;CUST0761;29/11/2023;149000;Yogyakarta;DI Yogyakarta;19232;QRIS;processing;;;Pos Indonesia
ORD002016;CUST0363;05/02/2023;1077000;Depok;Jawa Barat;11333;GoPay;shipped;;;SiCepat
ORD002017;CUST0569;02/06/2023;217977;Pekanbaru;Riau;23273;OVO;returned;HARI BELANJA;11023;Anteraja
ORD002018;CUST0595;17/03/2024;274833;Surabaya;Jawa Timur;12067;Transfer Bank;delivered;NEWUSER;22167;J&T
ORD002019;CUST0689;25/09/2024;525000;Medan;Sumatera Utara;38645;OVO;delivered;;;Pos Indonesia
ORD002020;CUST0790;28/01/2025;1297000;Semarang;Jawa Tengah;12123;QRIS;delivered;;;Anteraja
ORD002021;CUST0297;14/12/2022;1455000;Banjarmasin;Kalimantan Selatan;35600;Kartu Kredit;delivered;;;SiCepat
ORD002022;CUST0036;10/08/2024;638000;Malang;Jawa Timur;16853;QRIS;delivered;;;SiCepat
ORD002023;CUST0213;08/05/2024;199000;Medan;Sumatera Utara;36334;QRIS;delivered;;;SiCepat
ORD002024;CUST0473;13/10/2024;606000;Banjarmasin;Kalimantan Selatan;34700;Transfer Bank;shipped;;;JNE
ORD002025;CUST0042;25/07/2023;278150;Bogor;Jawa Barat;10894;QRIS;delivered;NEWUSER;19850;SiCepat
ORD002026;CUST0592;13/08/2024;49000;Balikpapan;Kalimantan Timur;31406;OVO;shipped;;;JNE
ORD002027;CUST0008;06/05/2023;149000;Bogor;Jawa Barat;11968;GoPay;shipped;;;JNE
ORD002028;CUST0539;10/01/2025;70195;Balikpapan;Kalimantan Timur;35643;Kartu Kredit;delivered;RAMADAN23;28805;JNE
ORD002029;CUST0473;01/03/2023;416129;Banjarmasin;Kalimantan Selatan;32183;GoPay;delivered;FLASHSALE;32871;SiCepat
ORD002030;CUST0428;29/08/2024;58096;Semarang;Jawa Tengah;12526;OVO;processing;HARBOLNAS22;10904;J&T
ORD002031;CUST0559;29/09/2024;437000;Bogor;Jawa Barat;11831;GoPay;delivered;;;JNE
ORD002032;CUST0444;02/09/2022;1077674;Denpasar;Bali;21122;GoPay;shipped;SALE2024;38326;SiCepat
ORD002033;CUST0068;23/05/2023;427000;Makassar;Sulawesi Selatan;43296;GoPay;delivered;;;SiCepat
ORD002034;CUST0137;24/10/2024;635882;Surabaya;Jawa Timur;12056;GoPay;delivered;MEMBER10;42118;JNE
ORD002035;CUST0423;24/03/2023;178000;Padang;Sumatera Barat;33189;OVO;delivered;;;SiCepat
ORD002036;CUST0135;21/03/2024;386761;Makassar;Sulawesi Selatan;41396;Kartu Kredit;delivered;NEWUSER;12239;JNE
ORD002037;CUST0180;16/07/2022;387000;Tangerang;Banten;9420;OVO;delivered;;;J&T
ORD002038;CUST0015;30/07/2023;199000;Medan;Sumatera Utara;29110;GoPay;delivered;;;J&T
ORD002039;CUST0178;08/11/2024;1196000;Yogyakarta;DI Yogyakarta;18191;Transfer Bank;shipped;;;J&T
ORD002040;CUST0189;17/11/2024;528000;Tangerang;Banten;12487;OVO;delivered;;;J&T
ORD002041;CUST0179;21/03/2022;186344;Medan;Sumatera Utara;33383;GoPay;cancelled;WEEKEND25;42656;JNE
ORD002042;CUST0566;19/11/2022;99000;Malang;Jawa Timur;18024;Transfer Bank;delivered;;;SiCepat
ORD002043;CUST0262;28/02/2023;83314;Medan;Sumatera Utara;34205;Transfer Bank;delivered;HARI BELANJA;45686;JNE
ORD002044;CUST0663;23/02/2025;360285;Balikpapan;Kalimantan Timur;33626;Kartu Kredit;delivered;NEWUSER;36715;J&T
ORD002045;CUST0571;02/10/2024;698000;Manado;Sulawesi Utara;44658;GoPay;delivered;;;J&T
ORD002046;CUST0488;14/06/2024;548064;Bogor;Jawa Barat;14154;Transfer Bank;delivered;SALE2024;49936;J&T
ORD002047;CUST0284;14/01/2025;608000;Bandung;Jawa Barat;14202;QRIS;delivered;;;JNE
ORD002048;CUST0039;09/05/2023;387000;Semarang;Jawa Tengah;13494;GoPay;processing;;;J&T
ORD002049;CUST0178;18/10/2024;1526000;Yogyakarta;DI Yogyakarta;13586;QRIS;processing;;;SiCepat
ORD002050;CUST0521;10/01/2025;688000;Palembang;Sumatera Selatan;26185;Transfer Bank;delivered;;;SiCepat
ORD002051;CUST0016;20/02/2024;86885;Padang;Sumatera Barat;24050;Kartu Kredit;processing;MEMBER10;12115;SiCepat
ORD002052;CUST0171;19/06/2024;49000;Pekanbaru;Riau;27881;QRIS;delivered;;;Anteraja
ORD002053;CUST0534;05/11/2023;777000;Depok;Jawa Barat;9088;OVO;shipped;;;SiCepat
ORD002054;CUST0491;21/12/2023;387000;Yogyakarta;DI Yogyakarta;19865;Transfer Bank;delivered;;;J&T
ORD002055;CUST0691;11/11/2024;40343;Jakarta;DKI Jakarta;8324;GoPay;delivered;HARI BELANJA;48657;SiCepat
ORD002056;CUST0094;07/05/2024;518416;Pekanbaru;Riau;33312;Kartu Kredit;processing;NEWUSER;27584;Anteraja
ORD002057;CUST0794;01/02/2025;453170;Pekanbaru;Riau;25857;Kartu Kredit;delivered;HARBOLNAS22;45830;SiCepat
ORD002058;CUST0722;27/12/2024;518959;Jakarta;DKI Jakarta;10104;GoPay;delivered;NEWUSER;30041;J&T
ORD002059;CUST0540;04/06/2023;986557;Bekasi;Jawa Barat;12197;Transfer Bank;delivered;NEWUSER;11443;JNE
ORD002060;CUST0616;10/05/2024;1796000;Banjarmasin;Kalimantan Selatan;29149;OVO;delivered;;;JNE
ORD002061;CUST0351;16/09/2023;1047000;Tangerang;Banten;11044;Transfer Bank;shipped;;;Anteraja
ORD002062;CUST0076;04/06/2024;1097000;Surabaya;Jawa Timur;14333;Transfer Bank;delivered;;;J&T
ORD002063;CUST0136;13/10/2023;1397000;Jakarta;DKI Jakarta;9916;Transfer Bank;delivered;;;J&T
ORD002064;CUST0343;30/01/2023;129000;Balikpapan;Kalimantan Timur;41548;OVO;shipped;;;Anteraja
ORD002065;CUST0458;31/05/2023;79000;Depok;Jawa Barat;12183;GoPay;delivered;;;J&T
ORD002066;CUST0617;25/09/2024;100303;Padang;Sumatera Barat;30944;Transfer Bank;cancelled;HARBOLNAS22;28697;Pos Indonesia
ORD002067;CUST0625;26/05/2022;164823;Jakarta;DKI Jakarta;9910;Transfer Bank;delivered;WEEKEND25;14177;J&T
ORD002068;CUST0063;15/05/2024;932033;Yogyakarta;DI Yogyakarta;17502;GoPay;cancelled;HARBOLNAS22;24967;J&T
ORD002069;CUST0322;20/10/2023;435458;Banjarmasin;Kalimantan Selatan;39075;QRIS;delivered;RAMADAN23;22542;SiCepat
ORD002070;CUST0590;07/10/2024;102955;Pontianak;Kalimantan Barat;38287;Transfer Bank;delivered;WEEKEND25;26045;Pos Indonesia
ORD002071;CUST0095;25/08/2024;787000;Yogyakarta;DI Yogyakarta;17249;GoPay;delivered;;;SiCepat
ORD002072;CUST0784;26/04/2024;99000;Tangerang;Banten;10980;Transfer Bank;delivered;;;SiCepat
ORD002073;CUST0432;09/10/2023;152177;Depok;Jawa Barat;12000;Kartu Kredit;delivered;NEWUSER;26823;J&T
ORD002074;CUST0577;04/05/2024;449000;Tangerang;Banten;12809;GoPay;delivered;;;J&T
ORD002075;CUST0631;30/05/2023;99000;Medan;Sumatera Utara;33726;Transfer Bank;delivered;;;SiCepat
ORD002076;CUST0330;12/11/2022;779282;Semarang;Jawa Tengah;15492;OVO;delivered;FLASHSALE;18718;JNE
ORD002077;CUST0308;29/05/2022;129000;Bekasi;Jawa Barat;12736;GoPay;shipped;;;SiCepat
ORD002078;CUST0096;16/03/2024;687000;Pontianak;Kalimantan Barat;39931;QRIS;delivered;;;Anteraja
ORD002079;CUST0319;03/01/2025;98000;Bandung;Jawa Barat;12101;Kartu Kredit;delivered;;;Pos Indonesia
ORD002080;CUST0733;24/01/2024;404110;Makassar;Sulawesi Selatan;31070;Transfer Bank;delivered;SALE2024;23890;J&T
ORD002081;CUST0262;12/07/2024;697000;Medan;Sumatera Utara;39704;GoPay;delivered;;;JNE
ORD002082;CUST0422;14/03/2023;365115;Makassar;Sulawesi Selatan;41057;Transfer Bank;cancelled;NEWUSER;31885;Anteraja
ORD002083;CUST0218;09/11/2023;329000;Bekasi;Jawa Barat;12520;Transfer Bank;returned;;;SiCepat
ORD002084;CUST0087;26/04/2024;458000;Banjarmasin;Kalimantan Selatan;32648;QRIS;delivered;;;J&T
ORD002085;CUST0280;28/09/2024;101343;Depok;Jawa Barat;9151;GoPay;cancelled;FLASHSALE;27657;Anteraja
ORD002086;CUST0428;05/02/2024;798000;Manado;Sulawesi Utara;42106;Transfer Bank;shipped;;;J&T
ORD002087;CUST0655;08/06/2023;79000;Bogor;Jawa Barat;11900;Transfer Bank;delivered;;;J&T
ORD002088;CUST0131;11/12/2024;640287;Bekasi;Jawa Barat;9138;Transfer Bank;returned;HARI BELANJA;46713;SiCepat
ORD002089;CUST0509;22/06/2023;266320;Manado;Sulawesi Utara;32441;Kartu Kredit;delivered;HARBOLNAS22;31680;JNE
ORD002090;CUST0698;12/12/2023;179000;Pekanbaru;Riau;33875;QRIS;processing;;;Anteraja
ORD002091;CUST0751;27/01/2025;309842;Palembang;Sumatera Selatan;31736;Transfer Bank;delivered;FLASHSALE;39158;JNE
ORD002092;CUST0561;26/03/2023;716000;Jakarta;DKI Jakarta;10780;Kartu Kredit;delivered;;;JNE
ORD002093;CUST0576;21/06/2023;377000;Manado;Sulawesi Utara;44564;OVO;delivered;;;SiCepat
ORD002094;CUST0686;13/12/2023;356000;Semarang;Jawa Tengah;12029;Kartu Kredit;cancelled;;;J&T
ORD002095;CUST0033;16/01/2024;665543;Balikpapan;Kalimantan Timur;40862;QRIS;delivered;MEMBER10;41457;J&T
ORD002096;CUST0507;02/03/2023;113711;Padang;Sumatera Barat;34307;Kartu Kredit;processing;HARI BELANJA;15289;SiCepat
ORD002097;CUST0555;22/12/2024;279000;Bogor;Jawa Barat;10553;Transfer Bank;processing;;;SiCepat
ORD002098;CUST0074;26/10/2024;1245000;Medan;Sumatera Utara;27053;Kartu Kredit;delivered;;;SiCepat
ORD002099;CUST0355;14/06/2023;176304;Medan;Sumatera Utara;36485;OVO;delivered;NEWUSER;21696;JNE
ORD002100;CUST0093;30/10/2023;67414;Bandung;Jawa Barat;14032;Transfer Bank;processing;WEEKEND25;11586;J&T
ORD002101;CUST0304;08/11/2022;687000;Surabaya;Jawa Timur;16020;Transfer Bank;delivered;;;Pos Indonesia
ORD002102;CUST0040;02/07/2023;407453;Malang;Jawa Timur;21859;OVO;delivered;HARI BELANJA;20547;J&T
ORD002103;CUST0623;09/11/2022;866305;Manado;Sulawesi Utara;40733;OVO;shipped;WEEKEND25;31695;SiCepat
ORD002104;CUST0553;25/08/2024;355940;Malang;Jawa Timur;18854;Transfer Bank;delivered;MEMBER10;42060;SiCepat
ORD002105;CUST0618;27/01/2025;428000;Manado;Sulawesi Utara;42125;OVO;delivered;;;SiCepat
ORD002106;CUST0167;18/01/2023;449000;Medan;Sumatera Utara;30174;Kartu Kredit;delivered;;;Anteraja
ORD002107;CUST0034;13/03/2022;1547000;Padang;Sumatera Barat;29726;GoPay;delivered;;;JNE
ORD002108;CUST0542;04/02/2022;599735;Semarang;Jawa Tengah;13155;Kartu Kredit;shipped;NEWUSER;26265;JNE
ORD002109;CUST0030;26/01/2024;452927;Denpasar;Bali;29066;QRIS;processing;SALE2024;34073;SiCepat
ORD002110;CUST0515;23/05/2022;677255;Surabaya;Jawa Timur;15258;QRIS;shipped;RAMADAN23;39745;SiCepat
ORD002111;CUST0426;30/01/2025;402996;Makassar;Sulawesi Selatan;31396;GoPay;cancelled;WEEKEND25;45004;J&T
ORD002112;CUST0421;09/07/2024;79000;Jakarta;DKI Jakarta;11023;Kartu Kredit;delivered;;;J&T
ORD002113;CUST0197;06/05/2024;427000;Depok;Jawa Barat;11601;GoPay;cancelled;;;J&T
ORD002114;CUST0396;06/12/2022;1336000;Palembang;Sumatera Selatan;32757;GoPay;processing;;;JNE
ORD002115;CUST0662;21/06/2024;478000;Medan;Sumatera Utara;35174;OVO;delivered;;;SiCepat
ORD002116;CUST0155;14/10/2023;1258531;Pekanbaru;Riau;23498;GoPay;returned;HARBOLNAS22;38469;SiCepat
ORD002117;CUST0190;03/09/2024;641792;Surabaya;Jawa Timur;17698;OVO;delivered;RAMADAN23;44208;SiCepat
ORD002118;CUST0221;09/04/2023;974500;Semarang;Jawa Tengah;15337;Transfer Bank;delivered;HARI BELANJA;19500;JNE
ORD002119;CUST0302;04/02/2025;308822;Manado;Sulawesi Utara;39598;GoPay;delivered;NEWUSER;19178;J&T
ORD002120;CUST0401;10/12/2024;1112252;Denpasar;Bali;20396;OVO;cancelled;SALE2024;34748;JNE
ORD002121;CUST0144;08/04/2023;1775000;Banjarmasin;Kalimantan Selatan;31067;GoPay;delivered;;;SiCepat
ORD002122;CUST0638;09/12/2023;118000;Depok;Jawa Barat;12830;GoPay;shipped;;;SiCepat
ORD002123;CUST0340;14/01/2025;409229;Malang;Jawa Timur;14545;GoPay;delivered;MEMBER10;39771;JNE
ORD002124;CUST0030;01/06/2024;598000;Pekanbaru;Riau;27807;Kartu Kredit;delivered;;;SiCepat
ORD002125;CUST0306;22/09/2022;279000;Tangerang;Banten;10464;GoPay;delivered;;;J&T
ORD002126;CUST0653;30/01/2025;1167000;Denpasar;Bali;22077;Transfer Bank;returned;;;SiCepat
ORD002127;CUST0317;23/07/2022;378000;Malang;Jawa Timur;17337;Transfer Bank;delivered;;;JNE
ORD002128;CUST0228;22/11/2024;296000;Yogyakarta;DI Yogyakarta;19785;OVO;processing;;;JNE
ORD002129;CUST0691;16/08/2022;128292;Jakarta;DKI Jakarta;11631;GoPay;delivered;HARBOLNAS22;48708;JNE
ORD002130;CUST0099;09/05/2024;292632;Depok;Jawa Barat;11067;Transfer Bank;delivered;HARBOLNAS22;36368;SiCepat
ORD002131;CUST0268;20/10/2024;698000;Balikpapan;Kalimantan Timur;35337;OVO;delivered;;;JNE
ORD002132;CUST0327;17/03/2024;465076;Denpasar;Bali;22762;Transfer Bank;cancelled;HARBOLNAS22;33924;J&T
ORD002133;CUST0594;28/11/2024;553208;Malang;Jawa Timur;18306;Kartu Kredit;delivered;SALE2024;45792;JNE
ORD002134;CUST0407;16/12/2024;705000;Pontianak;Kalimantan Barat;40877;OVO;processing;;;JNE
ORD002135;CUST0435;31/03/2024;79000;Depok;Jawa Barat;13835;GoPay;cancelled;;;J&T
ORD002136;CUST0714;18/10/2022;1856000;Medan;Sumatera Utara;25042;Kartu Kredit;shipped;;;JNE
ORD002137;CUST0419;25/09/2023;264526;Malang;Jawa Timur;18782;Transfer Bank;cancelled;RAMADAN23;13474;JNE
ORD002138;CUST0625;08/12/2022;427000;Tangerang;Banten;11975;Kartu Kredit;delivered;;;J&T
ORD002139;CUST0446;01/10/2022;249000;Padang;Sumatera Barat;33094;GoPay;delivered;;;SiCepat
ORD002140;CUST0616;26/01/2024;437000;Pontianak;Kalimantan Barat;32876;Transfer Bank;delivered;;;J&T
ORD002141;CUST0699;09/02/2024;457000;Medan;Sumatera Utara;29313;QRIS;delivered;;;JNE
ORD002142;CUST0496;02/05/2023;1428468;Manado;Sulawesi Utara;34855;GoPay;delivered;HARBOLNAS22;46532;SiCepat
ORD002143;CUST0654;15/06/2024;208000;Bandung;Jawa Barat;14668;QRIS;delivered;;;JNE
ORD002144;CUST0132;25/12/2023;100631;Depok;Jawa Barat;12454;GoPay;shipped;RAMADAN23;18369;J&T
ORD002145;CUST0800;09/03/2023;59000;Padang;Sumatera Barat;28807;OVO;returned;;;JNE
ORD002146;CUST0354;02/12/2022;957000;Denpasar;Bali;30663;GoPay;delivered;;;SiCepat
ORD002147;CUST0164;16/09/2024;907000;Bandung;Jawa Barat;13752;GoPay;returned;;;Pos Indonesia
ORD002148;CUST0097;02/11/2024;449000;Makassar;Sulawesi Selatan;41317;Kartu Kredit;delivered;;;SiCepat
ORD002149;CUST0794;05/11/2022;279000;Pekanbaru;Riau;22252;GoPay;cancelled;;;J&T
ORD002150;CUST0444;30/01/2025;129000;Malang;Jawa Timur;17933;GoPay;returned;;;J&T
ORD002151;CUST0332;01/02/2025;311689;Palembang;Sumatera Selatan;28982;Kartu Kredit;delivered;HARI BELANJA;17311;Pos Indonesia
ORD002152;CUST0230;06/01/2022;355661;Banjarmasin;Kalimantan Selatan;32279;GoPay;delivered;MEMBER10;43339;SiCepat
ORD002153;CUST0294;10/01/2023;1277000;Malang;Jawa Timur;17046;Transfer Bank;shipped;;;J&T
ORD002154;CUST0068;13/10/2024;548000;Makassar;Sulawesi Selatan;33241;GoPay;delivered;;;Anteraja
ORD002155;CUST0106;29/04/2024;716699;Makassar;Sulawesi Selatan;34731;Transfer Bank;shipped;HARI BELANJA;29301;J&T
ORD002156;CUST0199;18/05/2023;399000;Semarang;Jawa Tengah;12020;Kartu Kredit;delivered;;;SiCepat
ORD002157;CUST0789;20/05/2023;953499;Palembang;Sumatera Selatan;32418;GoPay;delivered;RAMADAN23;44501;SiCepat
ORD002158;CUST0682;13/08/2023;159704;Bandung;Jawa Barat;12591;GoPay;delivered;RAMADAN23;39296;JNE
ORD002159;CUST0578;26/11/2024;49000;Depok;Jawa Barat;11631;Transfer Bank;delivered;;;Pos Indonesia
ORD002160;CUST0064;26/11/2022;686000;Bekasi;Jawa Barat;11473;QRIS;shipped;;;J&T
ORD002161;CUST0426;02/04/2024;550852;Makassar;Sulawesi Selatan;33961;GoPay;delivered;NEWUSER;27148;SiCepat
ORD002162;CUST0336;07/03/2024;62886;Jakarta;DKI Jakarta;9514;OVO;delivered;RAMADAN23;35114;SiCepat
ORD002163;CUST0184;09/08/2024;787548;Medan;Sumatera Utara;30454;Transfer Bank;processing;RAMADAN23;40452;J&T
ORD002164;CUST0263;05/01/2024;383365;Palembang;Sumatera Selatan;23216;Transfer Bank;delivered;WEEKEND25;23635;SiCepat
ORD002165;CUST0252;09/07/2024;573997;Balikpapan;Kalimantan Timur;36610;OVO;delivered;NEWUSER;33003;J&T
ORD002166;CUST0098;07/11/2023;378000;Bekasi;Jawa Barat;13156;GoPay;delivered;;;SiCepat
ORD002167;CUST0146;11/04/2024;1198000;Depok;Jawa Barat;12855;Transfer Bank;delivered;;;JNE
ORD002168;CUST0047;04/02/2024;594657;Pontianak;Kalimantan Barat;28278;Transfer Bank;delivered;HARI BELANJA;12343;J&T
ORD002169;CUST0771;26/09/2023;651049;Palembang;Sumatera Selatan;25587;GoPay;returned;NEWUSER;46951;J&T
ORD002170;CUST0797;26/09/2023;798000;Banjarmasin;Kalimantan Selatan;37183;Transfer Bank;cancelled;;;SiCepat
ORD002171;CUST0538;24/10/2022;129000;Depok;Jawa Barat;12181;Transfer Bank;shipped;;;JNE
ORD002172;CUST0323;22/07/2022;618000;Tangerang;Banten;11647;GoPay;processing;;;SiCepat
ORD002173;CUST0767;06/03/2024;199000;Palembang;Sumatera Selatan;26742;Transfer Bank;delivered;;;JNE
ORD002174;CUST0440;27/08/2024;1440114;Palembang;Sumatera Selatan;28255;Kartu Kredit;delivered;SALE2024;45886;JNE
ORD002175;CUST0408;07/03/2022;129000;Denpasar;Bali;26736;OVO;cancelled;;;SiCepat
ORD002176;CUST0306;24/05/2022;459667;Tangerang;Banten;10399;Transfer Bank;delivered;SALE2024;39333;JNE
ORD002177;CUST0540;18/01/2025;1077406;Bekasi;Jawa Barat;10319;Transfer Bank;delivered;SALE2024;49594;JNE
ORD002178;CUST0331;21/01/2025;257961;Bogor;Jawa Barat;11505;OVO;cancelled;HARI BELANJA;40039;SiCepat
ORD002179;CUST0594;13/01/2025;299000;Malang;Jawa Timur;16253;Transfer Bank;delivered;;;SiCepat
ORD002180;CUST0244;16/03/2023;299000;Medan;Sumatera Utara;36818;QRIS;delivered;;;SiCepat
ORD002181;CUST0800;19/03/2023;328000;Padang;Sumatera Barat;29263;Kartu Kredit;shipped;;;J&T
ORD002182;CUST0199;03/01/2025;1277000;Semarang;Jawa Tengah;13361;OVO;delivered;;;Pos Indonesia
ORD002183;CUST0181;11/04/2024;477000;Makassar;Sulawesi Selatan;30457;GoPay;delivered;;;JNE
ORD002184;CUST0307;11/05/2022;449000;Yogyakarta;DI Yogyakarta;17835;QRIS;delivered;;;J&T
ORD002185;CUST0581;08/12/2023;295587;Tangerang;Banten;9283;Transfer Bank;cancelled;NEWUSER;32413;SiCepat
ORD002186;CUST0567;29/12/2024;1397000;Palembang;Sumatera Selatan;25395;OVO;delivered;;;SiCepat
ORD002187;CUST0763;16/09/2023;678000;Surabaya;Jawa Timur;14830;Transfer Bank;shipped;;;JNE
ORD002188;CUST0015;18/01/2022;428000;Medan;Sumatera Utara;39556;Transfer Bank;delivered;;;SiCepat
ORD002189;CUST0772;20/12/2023;1247000;Bogor;Jawa Barat;14486;Transfer Bank;delivered;;;SiCepat
ORD002190;CUST0677;11/03/2022;498640;Tangerang;Banten;11164;Kartu Kredit;delivered;RAMADAN23;19360;JNE
ORD002191;CUST0433;14/08/2024;367000;Banjarmasin;Kalimantan Selatan;28428;Kartu Kredit;cancelled;;;SiCepat
ORD002192;CUST0175;25/06/2024;996446;Palembang;Sumatera Selatan;33716;Transfer Bank;delivered;NEWUSER;29554;JNE
ORD002193;CUST0061;16/04/2024;279000;Bekasi;Jawa Barat;10223;Kartu Kredit;shipped;;;JNE
ORD002194;CUST0422;30/11/2024;256000;Makassar;Sulawesi Selatan;44969;Kartu Kredit;delivered;;;SiCepat
ORD002195;CUST0289;02/08/2023;550466;Tangerang;Banten;12123;Transfer Bank;delivered;HARBOLNAS22;14534;J&T
ORD002196;CUST0751;10/03/2022;349000;Malang;Jawa Timur;18290;Kartu Kredit;delivered;;;SiCepat
ORD002197;CUST0494;21/10/2023;897000;Pekanbaru;Riau;26578;Transfer Bank;delivered;;;JNE
ORD002198;CUST0584;10/01/2023;1426000;Tangerang;Banten;10703;Transfer Bank;returned;;;JNE
ORD002199;CUST0212;12/06/2022;197000;Semarang;Jawa Tengah;13777;Transfer Bank;shipped;;;J&T
ORD002200;CUST0367;04/05/2024;367000;Tangerang;Banten;10867;GoPay;delivered;;;J&T
ORD002201;CUST0702;25/06/2023;499000;Manado;Sulawesi Utara;38361;Transfer Bank;returned;;;JNE
ORD002202;CUST0099;20/06/2023;267000;Depok;Jawa Barat;9916;Transfer Bank;delivered;;;Anteraja
ORD002203;CUST0037;29/08/2023;221035;Depok;Jawa Barat;10192;Transfer Bank;delivered;HARBOLNAS22;45965;SiCepat
ORD002204;CUST0530;24/01/2023;308000;Manado;Sulawesi Utara;43046;OVO;delivered;;;Anteraja
ORD002205;CUST0754;08/10/2024;69000;Tangerang;Banten;13839;QRIS;cancelled;;;SiCepat
ORD002206;CUST0700;27/03/2024;715018;Banjarmasin;Kalimantan Selatan;38229;GoPay;shipped;RAMADAN23;31982;Pos Indonesia
ORD002207;CUST0728;20/05/2024;658000;Malang;Jawa Timur;16915;Transfer Bank;delivered;;;SiCepat
ORD002208;CUST0546;21/02/2025;515274;Palembang;Sumatera Selatan;28450;Kartu Kredit;cancelled;HARI BELANJA;19726;J&T
ORD002209;CUST0278;14/12/2023;372522;Balikpapan;Kalimantan Timur;38154;OVO;delivered;SALE2024;26478;J&T
ORD002210;CUST0056;21/04/2024;129671;Denpasar;Bali;31728;OVO;cancelled;NEWUSER;38329;JNE
ORD002211;CUST0395;13/12/2022;698000;Makassar;Sulawesi Selatan;30264;Transfer Bank;processing;;;Anteraja
ORD002212;CUST0411;18/11/2022;1561371;Bogor;Jawa Barat;14804;GoPay;delivered;HARI BELANJA;35629;JNE
ORD002213;CUST0496;01/07/2023;398000;Medan;Sumatera Utara;31839;Transfer Bank;processing;;;JNE
ORD002214;CUST0506;11/12/2023;663966;Pekanbaru;Riau;30620;OVO;shipped;HARBOLNAS22;33034;J&T
ORD002215;CUST0380;10/05/2024;588158;Malang;Jawa Timur;18792;OVO;delivered;FLASHSALE;10842;JNE
ORD002216;CUST0716;25/11/2023;388000;Pontianak;Kalimantan Barat;28693;GoPay;delivered;;;JNE
ORD002217;CUST0535;08/01/2023;699711;Banjarmasin;Kalimantan Selatan;29534;GoPay;delivered;HARBOLNAS22;28289;SiCepat
ORD002218;CUST0193;21/06/2024;378777;Medan;Sumatera Utara;30446;Kartu Kredit;delivered;NEWUSER;48223;Anteraja
ORD002219;CUST0061;10/08/2023;367325;Bekasi;Jawa Barat;12621;Kartu Kredit;cancelled;RAMADAN23;30675;J&T
ORD002220;CUST0255;16/12/2023;59000;Medan;Sumatera Utara;34805;QRIS;delivered;;;J&T
ORD002221;CUST0733;18/08/2022;358199;Makassar;Sulawesi Selatan;30034;Transfer Bank;delivered;HARBOLNAS22;47801;JNE
ORD002222;CUST0476;17/12/2023;108000;Jakarta;DKI Jakarta;11263;GoPay;cancelled;;;J&T
ORD002223;CUST0288;10/10/2023;1272778;Balikpapan;Kalimantan Timur;41568;Kartu Kredit;delivered;RAMADAN23;11222;JNE
ORD002224;CUST0349;26/11/2023;953240;Surabaya;Jawa Timur;13387;OVO;delivered;RAMADAN23;44760;SiCepat
ORD002225;CUST0602;17/09/2023;706451;Denpasar;Bali;30236;OVO;delivered;HARBOLNAS22;21549;JNE
ORD002226;CUST0239;15/09/2024;1247000;Jakarta;DKI Jakarta;11214;OVO;delivered;;;JNE
ORD002227;CUST0038;17/01/2024;449000;Bekasi;Jawa Barat;11780;Transfer Bank;shipped;;;SiCepat
ORD002228;CUST0670;19/12/2023;1427000;Bogor;Jawa Barat;11298;Transfer Bank;delivered;;;SiCepat
ORD002229;CUST0675;26/02/2022;1198000;Yogyakarta;DI Yogyakarta;13912;Kartu Kredit;delivered;;;J&T
ORD002230;CUST0091;28/07/2022;210210;Makassar;Sulawesi Selatan;44509;OVO;delivered;SALE2024;47790;JNE
ORD002231;CUST0224;09/06/2024;178000;Depok;Jawa Barat;9340;OVO;delivered;;;JNE
ORD002232;CUST0199;24/04/2024;217325;Semarang;Jawa Tengah;15195;OVO;delivered;WEEKEND25;31675;JNE
ORD002233;CUST0231;23/09/2023;549000;Bandung;Jawa Barat;12822;OVO;delivered;;;J&T
ORD002234;CUST0723;17/08/2024;637274;Medan;Sumatera Utara;25374;Transfer Bank;delivered;SALE2024;49726;SiCepat
ORD002235;CUST0541;24/11/2022;59000;Balikpapan;Kalimantan Timur;34478;Kartu Kredit;delivered;;;JNE
ORD002236;CUST0771;05/02/2025;499000;Jakarta;DKI Jakarta;9875;Kartu Kredit;delivered;;;J&T
ORD002237;CUST0061;15/01/2024;397000;Bekasi;Jawa Barat;12663;GoPay;delivered;;;JNE
ORD002238;CUST0393;08/11/2024;212896;Depok;Jawa Barat;12705;Transfer Bank;returned;FLASHSALE;16104;JNE
ORD002239;CUST0445;20/03/2024;348000;Makassar;Sulawesi Selatan;36811;OVO;shipped;;;J&T
ORD002240;CUST0077;23/03/2023;215717;Medan;Sumatera Utara;30925;OVO;delivered;RAMADAN23;42283;JNE
ORD002241;CUST0686;20/02/2023;1077000;Semarang;Jawa Tengah;12210;Kartu Kredit;delivered;;;SiCepat
ORD002242;CUST0694;21/10/2023;374293;Makassar;Sulawesi Selatan;37309;GoPay;shipped;SALE2024;24707;Pos Indonesia
ORD002243;CUST0305;25/02/2025;666000;Semarang;Jawa Tengah;14822;Transfer Bank;delivered;;;JNE
ORD002244;CUST0351;30/04/2023;399000;Tangerang;Banten;12921;GoPay;delivered;;;J&T
ORD002245;CUST0599;25/09/2024;131096;Manado;Sulawesi Utara;36043;OVO;delivered;HARBOLNAS22;47904;J&T
ORD002246;CUST0269;09/06/2023;637000;Pekanbaru;Riau;28516;GoPay;cancelled;;;SiCepat
ORD002247;CUST0792;06/10/2024;657000;Surabaya;Jawa Timur;14232;Kartu Kredit;delivered;;;J&T
ORD002248;CUST0531;21/11/2023;238000;Banjarmasin;Kalimantan Selatan;31681;Transfer Bank;processing;;;SiCepat
ORD002249;CUST0288;29/10/2022;176591;Denpasar;Bali;28775;Kartu Kredit;delivered;MEMBER10;21409;J&T
ORD002250;CUST0500;26/08/2023;608000;Pontianak;Kalimantan Barat;29825;GoPay;delivered;;;JNE
ORD002251;CUST0414;16/12/2023;199000;Surabaya;Jawa Timur;15880;Kartu Kredit;delivered;;;J&T
ORD002252;CUST0221;13/01/2025;298000;Balikpapan;Kalimantan Timur;44207;Kartu Kredit;delivered;;;JNE
ORD002253;CUST0492;06/07/2024;528000;Bandung;Jawa Barat;14114;Transfer Bank;delivered;;;J&T
ORD002254;CUST0566;22/01/2023;258000;Malang;Jawa Timur;17214;Kartu Kredit;delivered;;;JNE
ORD002255;CUST0709;05/06/2023;299000;Jakarta;DKI Jakarta;8225;QRIS;delivered;;;SiCepat
ORD002256;CUST0258;10/03/2023;138000;Yogyakarta;DI Yogyakarta;19703;Kartu Kredit;returned;;;J&T
ORD002257;CUST0571;11/10/2022;199000;Manado;Sulawesi Utara;33508;Kartu Kredit;returned;;;J&T
ORD002258;CUST0684;07/02/2024;252392;Pontianak;Kalimantan Barat;41890;GoPay;cancelled;HARBOLNAS22;24608;J&T
ORD002259;CUST0370;30/12/2023;498000;Palembang;Sumatera Selatan;33869;QRIS;processing;;;JNE
ORD002260;CUST0462;03/10/2023;842772;Depok;Jawa Barat;13823;OVO;delivered;SALE2024;34228;J&T
ORD002261;CUST0566;03/01/2023;118000;Semarang;Jawa Tengah;14701;GoPay;delivered;;;Anteraja
ORD002262;CUST0528;14/04/2024;438000;Bandung;Jawa Barat;11927;GoPay;cancelled;;;J&T
ORD002263;CUST0199;28/07/2024;1930996;Semarang;Jawa Tengah;13580;OVO;shipped;SALE2024;15004;J&T
ORD002264;CUST0092;09/03/2024;256060;Bandung;Jawa Barat;11740;OVO;processing;NEWUSER;42940;J&T
ORD002265;CUST0492;04/02/2022;1098000;Pekanbaru;Riau;22303;Transfer Bank;delivered;;;J&T
ORD002266;CUST0800;20/06/2024;257000;Padang;Sumatera Barat;28883;GoPay;delivered;;;J&T
ORD002267;CUST0032;22/06/2022;415557;Denpasar;Bali;26881;GoPay;delivered;HARBOLNAS22;33443;SiCepat
ORD002268;CUST0506;04/03/2023;549000;Pekanbaru;Riau;23764;Transfer Bank;returned;;;JNE
ORD002269;CUST0486;20/02/2024;89000;Yogyakarta;DI Yogyakarta;18091;Kartu Kredit;delivered;;;Anteraja
ORD002270;CUST0325;01/01/2025;387000;Tangerang;Banten;13701;GoPay;shipped;;;SiCepat
ORD002271;CUST0077;01/09/2023;797000;Medan;Sumatera Utara;26345;GoPay;returned;;;SiCepat
ORD002272;CUST0201;16/10/2024;279000;Yogyakarta;DI Yogyakarta;13481;Transfer Bank;delivered;;;JNE
ORD002273;CUST0030;26/03/2023;814000;Pekanbaru;Riau;29078;OVO;cancelled;;;SiCepat
ORD002274;CUST0272;29/09/2023;269047;Denpasar;Bali;25287;GoPay;returned;HARI BELANJA;28953;SiCepat
ORD002275;CUST0103;19/11/2022;947000;Jakarta;DKI Jakarta;8815;OVO;shipped;;;JNE
ORD002276;CUST0452;28/10/2024;1170885;Semarang;Jawa Tengah;14951;Transfer Bank;returned;HARBOLNAS22;27115;Anteraja
ORD002277;CUST0712;05/02/2025;1056000;Padang;Sumatera Barat;24535;QRIS;delivered;;;SiCepat
ORD002278;CUST0333;20/04/2023;101850;Palembang;Sumatera Selatan;30918;Transfer Bank;delivered;WEEKEND25;47150;JNE
ORD002279;CUST0658;12/09/2024;31294;Banjarmasin;Kalimantan Selatan;29008;GoPay;delivered;FLASHSALE;17706;Anteraja
ORD002280;CUST0281;24/01/2022;299000;Pontianak;Kalimantan Barat;29654;Transfer Bank;processing;;;J&T
ORD002281;CUST0528;24/05/2024;367581;Bandung;Jawa Barat;11107;OVO;shipped;FLASHSALE;31419;J&T
ORD002282;CUST0255;05/07/2024;56499;Medan;Sumatera Utara;30916;GoPay;delivered;HARBOLNAS22;22501;JNE
ORD002283;CUST0678;05/06/2022;846000;Surabaya;Jawa Timur;12883;GoPay;delivered;;;JNE
ORD002284;CUST0352;30/01/2025;68880;Makassar;Sulawesi Selatan;43326;Transfer Bank;delivered;HARBOLNAS22;10120;SiCepat
ORD002285;CUST0079;07/12/2022;372896;Pontianak;Kalimantan Barat;39403;Transfer Bank;delivered;HARI BELANJA;26104;J&T
ORD002286;CUST0192;21/12/2023;456106;Bandung;Jawa Barat;11574;GoPay;delivered;HARBOLNAS22;41894;JNE
ORD002287;CUST0271;02/11/2024;718000;Balikpapan;Kalimantan Timur;33272;GoPay;returned;;;SiCepat
ORD002288;CUST0747;17/01/2025;69000;Palembang;Sumatera Selatan;29143;GoPay;delivered;;;J&T
ORD002289;CUST0503;31/05/2023;475970;Surabaya;Jawa Timur;15053;OVO;cancelled;FLASHSALE;32030;Anteraja
ORD002290;CUST0094;12/10/2024;79724;Pekanbaru;Riau;28030;Transfer Bank;delivered;MEMBER10;19276;JNE
ORD002291;CUST0271;30/08/2024;646458;Balikpapan;Kalimantan Timur;32811;OVO;delivered;MEMBER10;19542;JNE
ORD002292;CUST0034;27/06/2023;124669;Palembang;Sumatera Selatan;34345;Transfer Bank;returned;HARBOLNAS22;24331;JNE
ORD002293;CUST0062;28/05/2024;557666;Padang;Sumatera Barat;24256;Transfer Bank;delivered;HARI BELANJA;41334;JNE
ORD002294;CUST0515;01/11/2024;628747;Tangerang;Banten;11751;OVO;shipped;HARI BELANJA;48253;SiCepat
ORD002295;CUST0754;23/02/2025;599000;Tangerang;Banten;12300;OVO;delivered;;;SiCepat
ORD002296;CUST0708;20/05/2023;329000;Medan;Sumatera Utara;32400;Transfer Bank;delivered;;;J&T
ORD002297;CUST0454;20/02/2022;138462;Pekanbaru;Riau;27147;Transfer Bank;cancelled;HARI BELANJA;10538;J&T
ORD002298;CUST0750;31/03/2023;231680;Bogor;Jawa Barat;14668;OVO;delivered;NEWUSER;17320;SiCepat
ORD002299;CUST0417;14/02/2024;134548;Pontianak;Kalimantan Barat;38886;GoPay;shipped;FLASHSALE;14452;Anteraja
ORD002300;CUST0113;18/08/2022;798000;Makassar;Sulawesi Selatan;33930;OVO;cancelled;;;J&T
ORD002301;CUST0011;05/05/2023;707000;Balikpapan;Kalimantan Timur;44255;Transfer Bank;processing;;;J&T
ORD002302;CUST0288;16/09/2023;279000;Balikpapan;Kalimantan Timur;30422;GoPay;delivered;;;SiCepat
ORD002303;CUST0510;10/11/2024;497000;Pekanbaru;Riau;22990;Transfer Bank;delivered;;;JNE
ORD002304;CUST0210;31/07/2023;84523;Bandung;Jawa Barat;12535;GoPay;delivered;RAMADAN23;44477;Pos Indonesia
ORD002305;CUST0173;15/12/2024;258670;Pekanbaru;Riau;26847;Kartu Kredit;delivered;SALE2024;40330;J&T
ORD002306;CUST0241;21/04/2024;199000;Depok;Jawa Barat;9838;OVO;processing;;;Anteraja
ORD002307;CUST0124;09/06/2024;148000;Manado;Sulawesi Utara;42369;GoPay;shipped;;;J&T
ORD002308;CUST0453;21/05/2024;1057149;Malang;Jawa Timur;16763;QRIS;delivered;SALE2024;40851;JNE
ORD002309;CUST0177;04/01/2025;197602;Bekasi;Jawa Barat;13707;OVO;delivered;SALE2024;31398;J&T
ORD002310;CUST0108;21/05/2023;1428665;Yogyakarta;DI Yogyakarta;16531;GoPay;cancelled;SALE2024;18335;J&T
ORD002311;CUST0053;14/01/2023;297000;Malang;Jawa Timur;18676;GoPay;delivered;;;J&T
ORD002312;CUST0110;15/09/2024;181452;Bogor;Jawa Barat;13368;GoPay;delivered;RAMADAN23;47548;JNE
ORD002313;CUST0351;07/10/2023;499000;Tangerang;Banten;9485;GoPay;delivered;;;SiCepat
ORD002314;CUST0690;30/06/2024;119000;Padang;Sumatera Barat;28152;Transfer Bank;delivered;;;JNE
ORD002315;CUST0028;06/11/2024;329000;Pontianak;Kalimantan Barat;37334;GoPay;delivered;;;JNE
ORD002316;CUST0099;23/02/2024;115824;Padang;Sumatera Barat;29161;Transfer Bank;delivered;WEEKEND25;33176;J&T
ORD002317;CUST0240;22/05/2022;349000;Yogyakarta;DI Yogyakarta;15215;Kartu Kredit;delivered;;;J&T
ORD002318;CUST0047;06/02/2025;657000;Malang;Jawa Timur;18598;GoPay;shipped;;;Anteraja
ORD002319;CUST0408;25/08/2022;657000;Denpasar;Bali;31320;OVO;shipped;;;J&T
ORD002320;CUST0177;05/10/2024;22948;Banjarmasin;Kalimantan Selatan;31645;GoPay;returned;HARBOLNAS22;36052;JNE
ORD002321;CUST0669;09/03/2023;988626;Depok;Jawa Barat;13992;GoPay;delivered;HARI BELANJA;48374;JNE
ORD002322;CUST0254;19/10/2023;149000;Balikpapan;Kalimantan Timur;32167;Transfer Bank;cancelled;;;SiCepat
ORD002323;CUST0036;13/11/2023;194998;Balikpapan;Kalimantan Timur;32438;QRIS;cancelled;MEMBER10;23002;SiCepat
ORD002324;CUST0502;06/01/2023;998000;Banjarmasin;Kalimantan Selatan;34790;GoPay;cancelled;;;J&T
ORD002325;CUST0244;25/01/2025;249000;Yogyakarta;DI Yogyakarta;18468;Transfer Bank;delivered;;;Pos Indonesia
ORD002326;CUST0366;19/02/2024;963218;Depok;Jawa Barat;12314;GoPay;delivered;SALE2024;32782;JNE
ORD002327;CUST0618;15/11/2024;1145351;Manado;Sulawesi Utara;41530;Transfer Bank;delivered;HARI BELANJA;31649;Anteraja
ORD002328;CUST0490;03/02/2025;183878;Pontianak;Kalimantan Barat;34133;OVO;delivered;MEMBER10;13122;SiCepat
ORD002329;CUST0527;16/04/2023;698000;Malang;Jawa Timur;17214;Kartu Kredit;delivered;;;SiCepat
ORD002330;CUST0556;19/02/2025;37968;Depok;Jawa Barat;11751;Transfer Bank;delivered;WEEKEND25;11032;JNE
ORD002331;CUST0288;20/01/2023;299000;Balikpapan;Kalimantan Timur;30584;Transfer Bank;delivered;;;SiCepat
ORD002332;CUST0461;27/08/2024;568745;Bekasi;Jawa Barat;13741;Transfer Bank;delivered;WEEKEND25;18255;J&T
ORD002333;CUST0626;25/12/2023;89000;Jakarta;DKI Jakarta;9618;OVO;cancelled;;;J&T
ORD002334;CUST0528;27/10/2022;59000;Bandung;Jawa Barat;14115;Transfer Bank;cancelled;;;J&T
ORD002335;CUST0770;18/09/2022;597000;Makassar;Sulawesi Selatan;34305;Transfer Bank;delivered;;;J&T
ORD002336;CUST0338;16/03/2024;368000;Semarang;Jawa Tengah;14121;Transfer Bank;delivered;;;SiCepat
ORD002337;CUST0357;02/06/2023;66833;Bekasi;Jawa Barat;12214;OVO;delivered;WEEKEND25;32167;SiCepat
ORD002338;CUST0720;14/01/2025;428000;Palembang;Sumatera Selatan;28536;Transfer Bank;returned;;;SiCepat
ORD002339;CUST0005;27/02/2025;816000;Bekasi;Jawa Barat;10220;OVO;delivered;;;SiCepat
ORD002340;CUST0465;19/12/2023;1091214;Surabaya;Jawa Timur;17814;Transfer Bank;delivered;RAMADAN23;34786;J&T
ORD002341;CUST0470;21/07/2024;219995;Tangerang;Banten;13755;Transfer Bank;returned;WEEKEND25;28005;J&T
ORD002342;CUST0314;26/10/2024;79000;Medan;Sumatera Utara;36244;Transfer Bank;delivered;;;J&T
ORD002343;CUST0159;28/02/2023;149240;Jakarta;DKI Jakarta;9760;Transfer Bank;delivered;SALE2024;29760;J&T
ORD002344;CUST0135;26/01/2025;715592;Makassar;Sulawesi Selatan;39672;Kartu Kredit;delivered;HARI BELANJA;31408;J&T
ORD002345;CUST0104;19/03/2022;375417;Balikpapan;Kalimantan Timur;33873;OVO;delivered;FLASHSALE;23583;J&T
ORD002346;CUST0754;31/01/2025;2973000;Tangerang;Banten;12493;OVO;returned;;;SiCepat
ORD002347;CUST0390;25/04/2023;1556000;Bandung;Jawa Barat;13655;OVO;shipped;;;Anteraja
ORD002348;CUST0421;23/03/2024;444288;Jakarta;DKI Jakarta;8133;GoPay;delivered;MEMBER10;32712;J&T
ORD002349;CUST0472;14/09/2022;491003;Manado;Sulawesi Utara;43250;QRIS;processing;NEWUSER;16997;SiCepat
ORD002350;CUST0310;14/12/2023;518863;Bekasi;Jawa Barat;10640;Transfer Bank;delivered;RAMADAN23;38137;J&T
ORD002351;CUST0012;08/04/2023;79000;Balikpapan;Kalimantan Timur;30325;GoPay;shipped;;;SiCepat
ORD002352;CUST0266;20/07/2023;258000;Jakarta;DKI Jakarta;11499;GoPay;delivered;;;JNE
ORD002353;CUST0001;20/07/2024;777000;Semarang;Jawa Tengah;13150;QRIS;delivered;;;Pos Indonesia
ORD002354;CUST0109;18/08/2024;399000;Padang;Sumatera Barat;29136;OVO;cancelled;;;J&T
ORD002355;CUST0120;21/03/2024;331513;Pontianak;Kalimantan Barat;32042;Kartu Kredit;delivered;NEWUSER;45487;J&T
ORD002356;CUST0751;02/02/2025;178000;Depok;Jawa Barat;12817;Transfer Bank;delivered;;;J&T
ORD002357;CUST0596;05/05/2023;478484;Pontianak;Kalimantan Barat;38814;Kartu Kredit;shipped;FLASHSALE;20516;J&T
ORD002358;CUST0520;07/03/2024;407000;Depok;Jawa Barat;10721;Transfer Bank;shipped;;;J&T
ORD002359;CUST0374;28/02/2024;642146;Pontianak;Kalimantan Barat;40701;GoPay;delivered;WEEKEND25;22854;J&T
ORD002360;CUST0432;16/09/2023;2424000;Depok;Jawa Barat;12780;Kartu Kredit;returned;;;J&T
ORD002361;CUST0436;20/09/2024;99000;Balikpapan;Kalimantan Timur;42753;OVO;shipped;;;J&T
ORD002362;CUST0721;11/06/2023;1117000;Tangerang;Banten;11266;Transfer Bank;delivered;;;SiCepat
ORD002363;CUST0270;12/02/2023;499000;Semarang;Jawa Tengah;17916;Kartu Kredit;cancelled;;;J&T
ORD002364;CUST0564;16/02/2025;1664731;Bogor;Jawa Barat;12533;Transfer Bank;processing;MEMBER10;40269;JNE
ORD002365;CUST0442;02/04/2023;848000;Padang;Sumatera Barat;33344;Kartu Kredit;delivered;;;JNE
ORD002366;CUST0101;01/05/2024;731065;Semarang;Jawa Tengah;13871;Transfer Bank;processing;SALE2024;46935;JNE
ORD002367;CUST0156;05/10/2022;371176;Bandung;Jawa Barat;11725;OVO;delivered;HARI BELANJA;26824;J&T
ORD002368;CUST0691;06/08/2024;599000;Jakarta;DKI Jakarta;8224;OVO;returned;;;J&T
ORD002369;CUST0259;12/08/2024;402425;Banjarmasin;Kalimantan Selatan;40615;Transfer Bank;delivered;NEWUSER;46575;J&T
ORD002370;CUST0558;28/12/2024;734787;Denpasar;Bali;21084;OVO;delivered;WEEKEND25;13213;SiCepat
ORD002371;CUST0416;22/05/2024;1056279;Denpasar;Bali;29529;Transfer Bank;delivered;HARI BELANJA;41721;SiCepat
ORD002372;CUST0758;07/04/2024;647000;Tangerang;Banten;10914;QRIS;shipped;;;JNE
ORD002373;CUST0103;06/09/2024;898000;Jakarta;DKI Jakarta;9568;OVO;cancelled;;;SiCepat
ORD002374;CUST0682;03/11/2024;637000;Bandung;Jawa Barat;10223;GoPay;cancelled;;;JNE
ORD002375;CUST0007;26/03/2024;599000;Tangerang;Banten;12684;OVO;delivered;;;SiCepat
ORD002376;CUST0621;12/04/2024;517000;Malang;Jawa Timur;20392;GoPay;delivered;;;J&T
ORD002377;CUST0238;31/05/2024;106467;Medan;Sumatera Utara;25943;Transfer Bank;delivered;HARBOLNAS22;22533;J&T
ORD002378;CUST0638;05/08/2024;746000;Depok;Jawa Barat;12082;OVO;shipped;;;JNE
ORD002379;CUST0189;27/06/2023;499000;Tangerang;Banten;11420;GoPay;delivered;;;JNE
ORD002380;CUST0722;12/09/2023;305803;Jakarta;DKI Jakarta;10967;GoPay;delivered;MEMBER10;42197;JNE
ORD002381;CUST0609;09/08/2022;808222;Bekasi;Jawa Barat;9858;Kartu Kredit;processing;HARBOLNAS22;18778;J&T
ORD002382;CUST0353;29/12/2024;173957;Balikpapan;Kalimantan Timur;38677;Transfer Bank;delivered;HARBOLNAS22;25043;Pos Indonesia
ORD002383;CUST0656;25/09/2023;520936;Surabaya;Jawa Timur;13230;QRIS;cancelled;WEEKEND25;24064;J&T
ORD002384;CUST0475;16/01/2022;1157398;Palembang;Sumatera Selatan;28985;Kartu Kredit;cancelled;RAMADAN23;40602;SiCepat
ORD002385;CUST0397;20/09/2023;352188;Balikpapan;Kalimantan Timur;31934;QRIS;delivered;FLASHSALE;46812;J&T
ORD002386;CUST0182;13/06/2024;697000;Depok;Jawa Barat;10307;Transfer Bank;returned;;;J&T
ORD002387;CUST0077;12/08/2024;1445000;Padang;Sumatera Barat;31005;Kartu Kredit;processing;;;SiCepat
ORD002388;CUST0320;14/02/2025;498000;Bekasi;Jawa Barat;11648;OVO;delivered;;;JNE
ORD002389;CUST0054;24/10/2023;311945;Manado;Sulawesi Utara;38775;QRIS;cancelled;FLASHSALE;37055;JNE
ORD002390;CUST0516;28/05/2023;229000;Denpasar;Bali;24298;GoPay;shipped;;;SiCepat
ORD002391;CUST0706;23/01/2023;208000;Depok;Jawa Barat;10805;GoPay;processing;;;SiCepat
ORD002392;CUST0001;21/11/2024;371604;Semarang;Jawa Tengah;17237;OVO;delivered;MEMBER10;27396;JNE
ORD002393;CUST0717;29/03/2024;499000;Palembang;Sumatera Selatan;25989;GoPay;shipped;;;Anteraja
ORD002394;CUST0646;04/11/2022;637000;Malang;Jawa Timur;18893;QRIS;delivered;;;SiCepat
ORD002395;CUST0233;10/11/2023;229619;Manado;Sulawesi Utara;42277;Kartu Kredit;shipped;FLASHSALE;19381;SiCepat
ORD002396;CUST0137;21/08/2024;172654;Surabaya;Jawa Timur;12648;Transfer Bank;delivered;HARI BELANJA;26346;SiCepat
ORD002397;CUST0785;10/02/2022;388000;Bogor;Jawa Barat;11956;Transfer Bank;cancelled;;;J&T
ORD002398;CUST0770;21/07/2023;101848;Pontianak;Kalimantan Barat;38721;GoPay;shipped;NEWUSER;27152;JNE
ORD002399;CUST0689;20/02/2025;697000;Medan;Sumatera Utara;27753;Transfer Bank;shipped;;;JNE
ORD002400;CUST0417;02/10/2023;129398;Balikpapan;Kalimantan Timur;37257;Transfer Bank;delivered;HARBOLNAS22;47602;SiCepat
ORD002401;CUST0210;25/08/2023;487533;Bandung;Jawa Barat;10018;QRIS;cancelled;WEEKEND25;48467;SiCepat
ORD002402;CUST0283;27/06/2022;778791;Bogor;Jawa Barat;14439;Transfer Bank;cancelled;WEEKEND25;48209;JNE
ORD002403;CUST0635;14/03/2024;528000;Semarang;Jawa Tengah;17376;Transfer Bank;delivered;;;J&T
ORD002404;CUST0183;01/02/2023;399000;Yogyakarta;DI Yogyakarta;18829;Transfer Bank;processing;;;SiCepat
ORD002405;CUST0797;11/02/2023;628000;Pekanbaru;Riau;25366;OVO;shipped;;;Anteraja
ORD002406;CUST0712;23/10/2024;329000;Padang;Sumatera Barat;35999;GoPay;delivered;;;SiCepat
ORD002407;CUST0645;28/12/2024;589022;Manado;Sulawesi Utara;33432;Transfer Bank;delivered;RAMADAN23;38978;SiCepat
ORD002408;CUST0013;05/02/2024;638000;Makassar;Sulawesi Selatan;37948;Kartu Kredit;delivered;;;JNE
ORD002409;CUST0177;05/09/2024;418000;Bekasi;Jawa Barat;9443;GoPay;delivered;;;SiCepat
ORD002410;CUST0576;19/05/2022;837000;Manado;Sulawesi Utara;33825;Kartu Kredit;delivered;;;JNE
ORD002411;CUST0016;06/11/2024;1027928;Depok;Jawa Barat;10344;Transfer Bank;processing;HARI BELANJA;28072;J&T
ORD002412;CUST0215;29/04/2023;399000;Bekasi;Jawa Barat;12874;OVO;delivered;;;SiCepat
ORD002413;CUST0534;17/07/2022;149000;Depok;Jawa Barat;10329;Transfer Bank;shipped;;;J&T
ORD002414;CUST0295;03/02/2023;258000;Manado;Sulawesi Utara;39400;Transfer Bank;delivered;;;JNE
ORD002415;CUST0387;21/12/2023;510204;Depok;Jawa Barat;10745;GoPay;processing;MEMBER10;26796;JNE
ORD002416;CUST0621;29/12/2023;1207731;Bekasi;Jawa Barat;9221;OVO;processing;MEMBER10;48269;JNE
ORD002417;CUST0285;05/08/2024;140938;Bekasi;Jawa Barat;12819;Kartu Kredit;shipped;SALE2024;17062;SiCepat
ORD002418;CUST0459;08/07/2024;287216;Bekasi;Jawa Barat;13807;Transfer Bank;delivered;FLASHSALE;41784;J&T
ORD002419;CUST0317;24/05/2024;607000;Balikpapan;Kalimantan Timur;35194;Transfer Bank;cancelled;;;SiCepat
ORD002420;CUST0626;09/01/2023;399000;Jakarta;DKI Jakarta;8336;GoPay;delivered;;;JNE
ORD002421;CUST0624;11/08/2024;656902;Balikpapan;Kalimantan Timur;33584;OVO;delivered;FLASHSALE;10098;J&T
ORD002422;CUST0734;22/09/2023;383489;Medan;Sumatera Utara;37407;Transfer Bank;delivered;MEMBER10;14511;JNE
ORD002423;CUST0614;27/04/2023;1075561;Medan;Sumatera Utara;36055;Transfer Bank;delivered;FLASHSALE;20439;JNE
ORD002424;CUST0100;17/02/2025;567000;Palembang;Sumatera Selatan;32488;GoPay;delivered;;;Anteraja
ORD002425;CUST0790;24/02/2024;198000;Balikpapan;Kalimantan Timur;38574;GoPay;delivered;;;SiCepat
ORD002426;CUST0636;04/09/2023;99000;Yogyakarta;DI Yogyakarta;18822;OVO;delivered;;;SiCepat
ORD002427;CUST0603;11/06/2024;748000;Padang;Sumatera Barat;29057;Transfer Bank;delivered;;;SiCepat
ORD002428;CUST0579;06/04/2024;1020481;Palembang;Sumatera Selatan;26538;Kartu Kredit;processing;NEWUSER;24519;Pos Indonesia
ORD002429;CUST0137;01/04/2023;399000;Surabaya;Jawa Timur;17368;Kartu Kredit;delivered;;;Pos Indonesia
ORD002430;CUST0755;04/08/2022;807000;Bandung;Jawa Barat;11368;GoPay;shipped;;;J&T
ORD002431;CUST0516;06/11/2024;59000;Denpasar;Bali;22667;QRIS;delivered;;;SiCepat
ORD002432;CUST0644;05/06/2024;149000;Balikpapan;Kalimantan Timur;33448;Transfer Bank;cancelled;;;J&T
ORD002433;CUST0367;30/01/2024;430713;Tangerang;Banten;13381;Transfer Bank;delivered;RAMADAN23;18287;JNE
ORD002434;CUST0228;11/03/2022;1955000;Tangerang;Banten;9754;Transfer Bank;delivered;;;JNE
ORD002435;CUST0659;28/05/2023;69000;Palembang;Sumatera Selatan;32467;Kartu Kredit;delivered;;;SiCepat
ORD002436;CUST0233;04/03/2024;861336;Manado;Sulawesi Utara;33274;GoPay;delivered;NEWUSER;15664;JNE
ORD002437;CUST0054;08/03/2023;886000;Manado;Sulawesi Utara;37946;Transfer Bank;processing;;;SiCepat
ORD002438;CUST0334;11/07/2023;129000;Denpasar;Bali;28098;GoPay;processing;;;J&T
ORD002439;CUST0055;08/06/2023;550452;Bandung;Jawa Barat;12311;Transfer Bank;cancelled;HARI BELANJA;35548;J&T
ORD002440;CUST0076;15/11/2023;449000;Tangerang;Banten;11273;Kartu Kredit;returned;;;J&T
ORD002441;CUST0709;26/10/2022;358000;Jakarta;DKI Jakarta;11973;QRIS;delivered;;;SiCepat
ORD002442;CUST0671;23/01/2025;704868;Malang;Jawa Timur;16376;Kartu Kredit;processing;FLASHSALE;22132;SiCepat
ORD002443;CUST0095;21/12/2022;585016;Yogyakarta;DI Yogyakarta;18585;GoPay;processing;HARI BELANJA;13984;JNE
ORD002444;CUST0721;01/09/2024;709353;Tangerang;Banten;13192;Transfer Bank;delivered;HARI BELANJA;47647;SiCepat
ORD002445;CUST0579;16/12/2024;298000;Palembang;Sumatera Selatan;27725;OVO;cancelled;;;SiCepat
ORD002446;CUST0335;19/05/2023;564141;Banjarmasin;Kalimantan Selatan;33370;Transfer Bank;shipped;RAMADAN23;31859;Anteraja
ORD002447;CUST0543;31/07/2022;199000;Pekanbaru;Riau;33053;Kartu Kredit;cancelled;;;JNE
ORD002448;CUST0291;21/02/2023;94873;Denpasar;Bali;29219;OVO;delivered;SALE2024;34127;J&T
ORD002449;CUST0628;11/04/2024;279000;Jakarta;DKI Jakarta;11139;OVO;delivered;;;J&T
ORD002450;CUST0386;21/11/2022;179000;Padang;Sumatera Barat;28726;GoPay;delivered;;;SiCepat
ORD002451;CUST0673;02/11/2023;1197000;Makassar;Sulawesi Selatan;38078;GoPay;returned;;;J&T
ORD002452;CUST0606;03/02/2023;10265;Bandung;Jawa Barat;11553;Kartu Kredit;processing;HARI BELANJA;48735;Anteraja
ORD002453;CUST0059;26/08/2024;562473;Balikpapan;Kalimantan Timur;37795;Transfer Bank;shipped;HARBOLNAS22;15527;Pos Indonesia
ORD002454;CUST0045;21/07/2022;164013;Bandung;Jawa Barat;13625;GoPay;delivered;WEEKEND25;34987;J&T
ORD002455;CUST0762;01/09/2024;199000;Balikpapan;Kalimantan Timur;30052;GoPay;delivered;;;JNE
ORD002456;CUST0103;25/03/2022;299000;Jakarta;DKI Jakarta;10969;Transfer Bank;shipped;;;J&T
ORD002457;CUST0037;25/02/2022;260403;Balikpapan;Kalimantan Timur;44887;Transfer Bank;delivered;HARI BELANJA;38597;JNE
ORD002458;CUST0631;27/08/2024;179052;Medan;Sumatera Utara;38742;QRIS;delivered;SALE2024;19948;J&T
ORD002459;CUST0372;09/07/2022;499000;Bandung;Jawa Barat;14833;QRIS;delivered;;;J&T
ORD002460;CUST0497;27/03/2022;229000;Makassar;Sulawesi Selatan;43988;GoPay;processing;;;J&T
ORD002461;CUST0161;28/01/2025;877000;Depok;Jawa Barat;10162;QRIS;processing;;;JNE
ORD002462;CUST0003;10/01/2025;667000;Tangerang;Banten;11063;OVO;delivered;;;JNE
ORD002463;CUST0128;05/04/2024;638000;Banjarmasin;Kalimantan Selatan;28272;GoPay;shipped;;;SiCepat
ORD002464;CUST0750;09/08/2024;40663;Bogor;Jawa Barat;11369;Transfer Bank;shipped;MEMBER10;38337;J&T
ORD002465;CUST0236;30/10/2022;527000;Pontianak;Kalimantan Barat;34412;Kartu Kredit;processing;;;J&T
ORD002466;CUST0667;20/10/2023;158000;Bekasi;Jawa Barat;9340;Transfer Bank;shipped;;;JNE
ORD002467;CUST0329;24/05/2024;138488;Bekasi;Jawa Barat;12334;GoPay;delivered;SALE2024;40512;Anteraja
ORD002468;CUST0515;21/04/2024;188000;Banjarmasin;Kalimantan Selatan;41908;GoPay;delivered;;;Anteraja
ORD002469;CUST0548;16/03/2024;437171;Pontianak;Kalimantan Barat;40622;Kartu Kredit;returned;HARBOLNAS22;11829;SiCepat
ORD002470;CUST0160;08/05/2024;229000;Pontianak;Kalimantan Barat;33347;Kartu Kredit;cancelled;;;J&T
ORD002471;CUST0221;10/04/2022;227000;Balikpapan;Kalimantan Timur;35454;OVO;delivered;;;J&T
ORD002472;CUST0784;25/06/2023;398000;Tangerang;Banten;12019;GoPay;cancelled;;;JNE
ORD002473;CUST0001;26/04/2022;183158;Semarang;Jawa Tengah;17233;GoPay;processing;MEMBER10;15842;JNE
ORD002474;CUST0118;24/02/2025;133260;Bekasi;Jawa Barat;9884;OVO;processing;FLASHSALE;45740;JNE
ORD002475;CUST0474;11/07/2024;1695000;Banjarmasin;Kalimantan Selatan;40710;Transfer Bank;delivered;;;SiCepat
ORD002476;CUST0141;03/06/2022;368000;Malang;Jawa Timur;21688;OVO;processing;;;JNE
ORD002477;CUST0231;22/01/2022;1376190;Makassar;Sulawesi Selatan;36504;OVO;delivered;NEWUSER;20810;SiCepat
ORD002478;CUST0404;24/07/2024;69000;Makassar;Sulawesi Selatan;40507;Transfer Bank;delivered;;;JNE
ORD002479;CUST0488;04/02/2025;179000;Bogor;Jawa Barat;11523;GoPay;cancelled;;;JNE
ORD002480;CUST0749;10/02/2023;678000;Banjarmasin;Kalimantan Selatan;40020;Transfer Bank;cancelled;;;J&T
ORD002481;CUST0744;30/06/2024;399000;Jakarta;DKI Jakarta;8209;GoPay;delivered;;;J&T
ORD002482;CUST0137;16/10/2024;575272;Yogyakarta;DI Yogyakarta;18338;GoPay;processing;MEMBER10;11728;J&T
ORD002483;CUST0746;05/05/2024;244637;Pekanbaru;Riau;22154;Transfer Bank;shipped;MEMBER10;34363;SiCepat
ORD002484;CUST0214;02/11/2024;119000;Padang;Sumatera Barat;31211;OVO;delivered;;;J&T
ORD002485;CUST0221;26/06/2023;1086000;Balikpapan;Kalimantan Timur;41976;Kartu Kredit;delivered;;;SiCepat
ORD002486;CUST0410;27/08/2024;576000;Semarang;Jawa Tengah;12864;Transfer Bank;delivered;;;J&T
ORD002487;CUST0120;04/06/2022;551110;Pontianak;Kalimantan Barat;38928;Transfer Bank;delivered;HARI BELANJA;45890;J&T
ORD002488;CUST0488;08/02/2022;1264321;Bogor;Jawa Barat;14985;Transfer Bank;cancelled;SALE2024;31679;SiCepat
ORD002489;CUST0444;07/08/2023;251996;Malang;Jawa Timur;20439;Transfer Bank;shipped;SALE2024;46004;JNE
ORD002490;CUST0431;24/11/2024;119000;Banjarmasin;Kalimantan Selatan;37148;Transfer Bank;shipped;;;J&T
ORD002491;CUST0141;15/10/2022;759948;Tangerang;Banten;9295;Kartu Kredit;delivered;FLASHSALE;47052;J&T
ORD002492;CUST0282;10/07/2023;499000;Palembang;Sumatera Selatan;25366;Transfer Bank;cancelled;;;JNE
ORD002493;CUST0175;04/03/2023;230979;Palembang;Sumatera Selatan;28441;OVO;shipped;FLASHSALE;18021;JNE
ORD002494;CUST0564;05/03/2023;548000;Bogor;Jawa Barat;10728;GoPay;delivered;;;JNE
ORD002495;CUST0449;10/11/2022;309462;Manado;Sulawesi Utara;43167;GoPay;delivered;FLASHSALE;39538;Anteraja
ORD002496;CUST0756;04/05/2023;423956;Surabaya;Jawa Timur;14404;Kartu Kredit;processing;SALE2024;34044;SiCepat
ORD002497;CUST0228;23/04/2024;485478;Malang;Jawa Timur;14325;GoPay;shipped;FLASHSALE;11522;J&T
ORD002498;CUST0468;14/07/2024;1057091;Surabaya;Jawa Timur;15166;OVO;shipped;NEWUSER;18909;JNE
ORD002499;CUST0395;16/05/2024;129000;Makassar;Sulawesi Selatan;31757;OVO;delivered;;;JNE
ORD002500;CUST0291;11/04/2024;812190;Denpasar;Bali;26353;Transfer Bank;delivered;NEWUSER;44810;JNE
ORD002501;CUST0565;23/04/2022;1227000;Banjarmasin;Kalimantan Selatan;38344;OVO;delivered;;;J&T
ORD002502;CUST0548;05/10/2023;129000;Bekasi;Jawa Barat;11723;Transfer Bank;processing;;;Pos Indonesia
ORD002503;CUST0106;14/09/2024;49000;Palembang;Sumatera Selatan;33201;Kartu Kredit;shipped;;;JNE
ORD002504;CUST0630;04/09/2023;449000;Depok;Jawa Barat;12575;GoPay;shipped;;;J&T
ORD002505;CUST0787;19/05/2024;458000;Tangerang;Banten;10960;GoPay;shipped;;;SiCepat
ORD002506;CUST0353;16/04/2023;174943;Balikpapan;Kalimantan Timur;36060;Transfer Bank;cancelled;WEEKEND25;24057;Anteraja
ORD002507;CUST0611;16/03/2022;948437;Makassar;Sulawesi Selatan;35402;Transfer Bank;shipped;NEWUSER;28563;J&T
ORD002508;CUST0412;10/08/2022;101470;Bogor;Jawa Barat;14137;GoPay;delivered;SALE2024;17530;SiCepat
ORD002509;CUST0528;07/08/2024;149000;Bandung;Jawa Barat;14568;OVO;delivered;;;JNE
ORD002510;CUST0483;29/01/2023;149000;Padang;Sumatera Barat;24951;Transfer Bank;delivered;;;JNE
ORD002511;CUST0679;14/12/2023;782313;Padang;Sumatera Barat;31025;OVO;delivered;MEMBER10;15687;J&T
ORD002512;CUST0170;21/04/2023;428000;Palembang;Sumatera Selatan;26319;Kartu Kredit;delivered;;;J&T
ORD002513;CUST0161;29/01/2025;179000;Depok;Jawa Barat;13086;OVO;cancelled;;;Anteraja
ORD002514;CUST0466;02/02/2023;358000;Balikpapan;Kalimantan Timur;34127;Transfer Bank;delivered;;;JNE
ORD002515;CUST0224;02/05/2024;824162;Depok;Jawa Barat;11011;GoPay;processing;HARBOLNAS22;23838;JNE
ORD002516;CUST0082;13/07/2024;377000;Pekanbaru;Riau;29136;OVO;delivered;;;Anteraja
ORD002517;CUST0312;21/09/2023;678000;Tangerang;Banten;13027;OVO;cancelled;;;J&T
ORD002518;CUST0617;03/07/2024;667000;Padang;Sumatera Barat;34029;Transfer Bank;delivered;;;SiCepat
ORD002519;CUST0800;05/04/2024;223994;Padang;Sumatera Barat;34987;GoPay;delivered;HARBOLNAS22;25006;J&T
ORD002520;CUST0192;02/02/2025;399000;Bandung;Jawa Barat;10407;Kartu Kredit;cancelled;;;JNE
ORD002521;CUST0417;26/02/2023;299000;Medan;Sumatera Utara;30526;Transfer Bank;delivered;;;SiCepat
ORD002522;CUST0772;03/12/2024;129000;Balikpapan;Kalimantan Timur;34431;Kartu Kredit;cancelled;;;SiCepat
ORD002523;CUST0211;18/07/2024;99000;Denpasar;Bali;21144;Transfer Bank;processing;;;J&T
ORD002524;CUST0201;11/11/2023;118000;Yogyakarta;DI Yogyakarta;13559;QRIS;shipped;;;Pos Indonesia
ORD002525;CUST0642;18/05/2023;179000;Manado;Sulawesi Utara;41601;OVO;delivered;;;Pos Indonesia
ORD002526;CUST0591;02/02/2025;286827;Jakarta;DKI Jakarta;11553;Transfer Bank;delivered;NEWUSER;42173;SiCepat
ORD002527;CUST0741;07/02/2023;89000;Pekanbaru;Riau;32379;Transfer Bank;delivered;;;Anteraja
ORD002528;CUST0403;25/02/2023;809210;Surabaya;Jawa Timur;15842;OVO;cancelled;HARBOLNAS22;16790;SiCepat
ORD002529;CUST0507;18/05/2022;170053;Padang;Sumatera Barat;25325;OVO;cancelled;SALE2024;27947;Anteraja
ORD002530;CUST0704;30/12/2022;118000;Bandung;Jawa Barat;13190;Kartu Kredit;shipped;;;J&T
ORD002531;CUST0283;14/01/2023;158691;Bogor;Jawa Barat;14352;QRIS;delivered;HARI BELANJA;40309;J&T
ORD002532;CUST0099;04/08/2024;437259;Depok;Jawa Barat;13712;OVO;returned;HARI BELANJA;10741;Anteraja
ORD002533;CUST0002;15/11/2022;1786995;Semarang;Jawa Tengah;15472;Kartu Kredit;shipped;NEWUSER;10005;J&T
ORD002534;CUST0717;20/01/2025;487000;Palembang;Sumatera Selatan;30203;OVO;delivered;;;Pos Indonesia
ORD002535;CUST0425;27/12/2024;69000;Pontianak;Kalimantan Barat;38668;GoPay;shipped;;;SiCepat
ORD002536;CUST0145;28/09/2023;49000;Banjarmasin;Kalimantan Selatan;35713;Transfer Bank;shipped;;;J&T
ORD002537;CUST0294;23/12/2023;99000;Bekasi;Jawa Barat;10756;Transfer Bank;delivered;;;SiCepat
ORD002538;CUST0228;12/03/2022;41514;Tangerang;Banten;9156;Transfer Bank;delivered;HARBOLNAS22;47486;J&T
ORD002539;CUST0288;12/06/2024;783081;Padang;Sumatera Barat;27807;Transfer Bank;processing;SALE2024;42919;JNE
ORD002540;CUST0061;02/02/2023;508000;Bekasi;Jawa Barat;11089;GoPay;processing;;;SiCepat
ORD002541;CUST0613;20/07/2024;184464;Yogyakarta;DI Yogyakarta;15003;OVO;processing;NEWUSER;44536;SiCepat
ORD002542;CUST0457;17/09/2024;89000;Malang;Jawa Timur;19895;Kartu Kredit;delivered;;;SiCepat
ORD002543;CUST0571;31/07/2024;89000;Manado;Sulawesi Utara;38207;GoPay;shipped;;;JNE
ORD002544;CUST0239;05/06/2024;855000;Jakarta;DKI Jakarta;10472;GoPay;delivered;;;J&T
ORD002545;CUST0799;02/06/2024;318000;Jakarta;DKI Jakarta;9899;Transfer Bank;shipped;;;J&T
ORD002546;CUST0468;26/08/2024;1706649;Surabaya;Jawa Timur;15385;QRIS;shipped;HARI BELANJA;27351;JNE
ORD002547;CUST0441;29/10/2024;181310;Manado;Sulawesi Utara;35558;Transfer Bank;delivered;WEEKEND25;17690;J&T
ORD002548;CUST0057;05/04/2024;329000;Semarang;Jawa Tengah;16555;OVO;delivered;;;J&T
ORD002549;CUST0629;25/07/2024;710000;Padang;Sumatera Barat;27464;Transfer Bank;delivered;SALE2024;36000;J&T
ORD002550;CUST0677;02/06/2024;119000;Surabaya;Jawa Timur;13145;OVO;shipped;;;JNE
ORD002551;CUST0009;26/10/2022;425119;Semarang;Jawa Tengah;16185;GoPay;cancelled;MEMBER10;11881;Anteraja
ORD002552;CUST0318;24/08/2024;81951;Balikpapan;Kalimantan Timur;41810;OVO;delivered;MEMBER10;47049;JNE
ORD002553;CUST0402;16/01/2022;329000;Banjarmasin;Kalimantan Selatan;37402;OVO;delivered;;;JNE
ORD002554;CUST0748;30/06/2024;236000;Denpasar;Bali;20559;Transfer Bank;delivered;;;JNE
ORD002555;CUST0627;14/12/2023;199000;Balikpapan;Kalimantan Timur;33985;Kartu Kredit;shipped;;;Anteraja
ORD002556;CUST0665;04/01/2024;199000;Banjarmasin;Kalimantan Selatan;29152;Transfer Bank;returned;;;JNE
ORD002557;CUST0789;31/01/2025;1058666;Palembang;Sumatera Selatan;30679;Kartu Kredit;delivered;SALE2024;18334;J&T
ORD002558;CUST0099;20/09/2023;558000;Depok;Jawa Barat;9687;Transfer Bank;processing;;;J&T
ORD002559;CUST0615;08/01/2023;399000;Semarang;Jawa Tengah;14595;GoPay;delivered;;;Anteraja
ORD002560;CUST0446;03/12/2024;313816;Padang;Sumatera Barat;31067;Kartu Kredit;delivered;RAMADAN23;14184;Anteraja
ORD002561;CUST0465;22/01/2024;229000;Surabaya;Jawa Timur;16924;Transfer Bank;delivered;;;JNE
ORD002562;CUST0532;29/10/2024;304898;Manado;Sulawesi Utara;34211;GoPay;returned;FLASHSALE;13102;JNE
ORD002563;CUST0329;18/01/2023;348000;Medan;Sumatera Utara;34354;Transfer Bank;shipped;;;JNE
ORD002564;CUST0270;03/09/2024;1266000;Semarang;Jawa Tengah;14226;Transfer Bank;delivered;;;Anteraja
ORD002565;CUST0192;22/01/2025;499000;Denpasar;Bali;28361;GoPay;delivered;;;JNE
ORD002566;CUST0745;13/06/2022;206077;Manado;Sulawesi Utara;42628;QRIS;delivered;NEWUSER;31923;J&T
ORD002567;CUST0054;12/11/2023;298000;Bogor;Jawa Barat;10452;Kartu Kredit;processing;;;JNE
ORD002568;CUST0660;14/08/2023;678000;Pontianak;Kalimantan Barat;36811;Kartu Kredit;delivered;;;SiCepat
ORD002569;CUST0232;27/10/2023;1027144;Bandung;Jawa Barat;11562;GoPay;delivered;SALE2024;39856;SiCepat
ORD002570;CUST0433;16/02/2025;1297000;Manado;Sulawesi Utara;44520;Kartu Kredit;delivered;;;JNE
ORD002571;CUST0134;25/07/2023;1057000;Tangerang;Banten;10921;GoPay;delivered;;;SiCepat
ORD002572;CUST0101;06/02/2025;251681;Semarang;Jawa Tengah;16374;QRIS;processing;HARI BELANJA;27319;JNE
ORD002573;CUST0649;14/06/2023;503896;Semarang;Jawa Tengah;16525;GoPay;processing;FLASHSALE;24104;JNE
ORD002574;CUST0558;27/08/2022;138241;Denpasar;Bali;20870;QRIS;cancelled;HARI BELANJA;39759;JNE
ORD002575;CUST0636;20/02/2025;1146000;Medan;Sumatera Utara;38092;Transfer Bank;delivered;;;J&T
ORD002576;CUST0611;09/06/2024;128963;Makassar;Sulawesi Selatan;31527;Transfer Bank;cancelled;FLASHSALE;29037;J&T
ORD002577;CUST0322;25/04/2024;250943;Depok;Jawa Barat;10800;GoPay;processing;NEWUSER;28057;J&T
ORD002578;CUST0289;08/01/2025;417000;Balikpapan;Kalimantan Timur;31675;Kartu Kredit;delivered;;;J&T
ORD002579;CUST0562;07/07/2024;566357;Denpasar;Bali;28806;QRIS;shipped;NEWUSER;32643;SiCepat
ORD002580;CUST0442;15/02/2022;298000;Yogyakarta;DI Yogyakarta;16974;GoPay;delivered;;;JNE
ORD002581;CUST0767;29/10/2023;297000;Medan;Sumatera Utara;32906;Kartu Kredit;delivered;;;SiCepat
ORD002582;CUST0280;07/02/2024;737073;Depok;Jawa Barat;11573;OVO;shipped;HARI BELANJA;19927;J&T
ORD002583;CUST0589;24/02/2024;782837;Jakarta;DKI Jakarta;9668;GoPay;delivered;RAMADAN23;43163;J&T
ORD002584;CUST0039;11/05/2024;549000;Semarang;Jawa Tengah;16792;Kartu Kredit;shipped;;;JNE
ORD002585;CUST0319;03/01/2024;556740;Bandung;Jawa Barat;13698;Transfer Bank;processing;NEWUSER;42260;SiCepat
ORD002586;CUST0706;01/01/2025;626000;Malang;Jawa Timur;16944;GoPay;delivered;;;J&T
ORD002587;CUST0193;09/09/2023;898000;Medan;Sumatera Utara;35143;Transfer Bank;delivered;;;SiCepat
ORD002588;CUST0105;29/05/2024;278000;Padang;Sumatera Barat;29105;OVO;delivered;;;J&T
ORD002589;CUST0218;31/01/2023;458000;Yogyakarta;DI Yogyakarta;17872;GoPay;shipped;;;SiCepat
ORD002590;CUST0392;17/05/2024;113758;Pontianak;Kalimantan Barat;35674;OVO;returned;MEMBER10;35242;SiCepat
ORD002591;CUST0283;08/01/2023;146131;Bogor;Jawa Barat;10056;GoPay;delivered;HARBOLNAS22;11869;J&T
ORD002592;CUST0182;08/07/2023;408423;Bekasi;Jawa Barat;10136;Kartu Kredit;delivered;NEWUSER;19577;JNE
ORD002593;CUST0665;11/01/2023;178000;Surabaya;Jawa Timur;14132;GoPay;delivered;;;J&T
ORD002594;CUST0375;02/04/2023;218000;Tangerang;Banten;10713;QRIS;delivered;;;Anteraja
ORD002595;CUST0602;14/03/2023;517000;Bekasi;Jawa Barat;12111;Kartu Kredit;shipped;;;SiCepat
ORD002596;CUST0092;08/12/2023;1205000;Bandung;Jawa Barat;13168;Transfer Bank;processing;;;SiCepat
ORD002597;CUST0161;29/05/2024;368075;Bogor;Jawa Barat;10333;Transfer Bank;delivered;HARI BELANJA;49925;SiCepat
ORD002598;CUST0631;20/11/2023;149000;Medan;Sumatera Utara;34390;GoPay;cancelled;;;J&T
ORD002599;CUST0498;09/10/2023;359272;Depok;Jawa Barat;12755;GoPay;delivered;HARI BELANJA;36728;JNE
ORD002600;CUST0434;02/08/2023;329000;Pekanbaru;Riau;22053;Transfer Bank;delivered;;;JNE
ORD002601;CUST0657;06/05/2024;698000;Padang;Sumatera Barat;28706;OVO;delivered;;;SiCepat
ORD002602;CUST0578;21/12/2024;76398;Depok;Jawa Barat;12481;Kartu Kredit;returned;HARBOLNAS22;22602;J&T
ORD002603;CUST0350;06/06/2024;298000;Tangerang;Banten;9517;GoPay;shipped;;;JNE
ORD002604;CUST0546;19/11/2024;748000;Makassar;Sulawesi Selatan;42268;Transfer Bank;delivered;;;J&T
ORD002605;CUST0040;06/01/2024;69000;Malang;Jawa Timur;14840;OVO;delivered;;;J&T
ORD002606;CUST0611;07/03/2024;1291702;Makassar;Sulawesi Selatan;35817;QRIS;delivered;FLASHSALE;23298;Pos Indonesia
ORD002607;CUST0487;02/11/2022;130831;Medan;Sumatera Utara;27042;Kartu Kredit;delivered;RAMADAN23;18169;J&T
ORD002608;CUST0655;04/10/2023;847000;Bogor;Jawa Barat;13462;GoPay;delivered;;;Anteraja
ORD002609;CUST0697;23/04/2022;1014670;Bandung;Jawa Barat;14609;OVO;delivered;MEMBER10;32330;Anteraja
ORD002610;CUST0347;24/09/2022;329000;Depok;Jawa Barat;10324;OVO;delivered;;;JNE
ORD002611;CUST0598;20/10/2023;298000;Depok;Jawa Barat;13375;GoPay;shipped;;;JNE
ORD002612;CUST0402;19/10/2024;499000;Banjarmasin;Kalimantan Selatan;36595;QRIS;returned;;;Pos Indonesia
ORD002613;CUST0699;04/07/2023;284941;Medan;Sumatera Utara;35804;Transfer Bank;shipped;FLASHSALE;44059;JNE
ORD002614;CUST0779;29/04/2023;1198000;Padang;Sumatera Barat;27452;GoPay;delivered;;;Anteraja
ORD002615;CUST0412;17/07/2023;199000;Depok;Jawa Barat;13366;GoPay;delivered;;;SiCepat
ORD002616;CUST0061;13/12/2024;199000;Bekasi;Jawa Barat;9690;GoPay;shipped;;;SiCepat
ORD002617;CUST0298;01/02/2024;648000;Pontianak;Kalimantan Barat;35191;GoPay;shipped;;;Anteraja
ORD002618;CUST0645;25/10/2024;515052;Manado;Sulawesi Utara;38275;OVO;shipped;FLASHSALE;20948;Pos Indonesia
ORD002619;CUST0760;23/06/2022;75871;Balikpapan;Kalimantan Timur;37098;Transfer Bank;delivered;MEMBER10;13129;Pos Indonesia
ORD002620;CUST0669;24/12/2024;392132;Depok;Jawa Barat;13790;Transfer Bank;delivered;RAMADAN23;25868;Pos Indonesia
ORD002621;CUST0691;09/11/2023;268129;Jakarta;DKI Jakarta;11974;OVO;delivered;WEEKEND25;29871;JNE
ORD002622;CUST0464;09/12/2022;57286;Banjarmasin;Kalimantan Selatan;39458;OVO;cancelled;MEMBER10;11714;JNE
ORD002623;CUST0550;10/02/2025;334028;Depok;Jawa Barat;11264;Transfer Bank;shipped;WEEKEND25;42972;Anteraja
ORD002624;CUST0182;18/02/2022;178000;Bekasi;Jawa Barat;9836;Transfer Bank;delivered;;;Pos Indonesia
ORD002625;CUST0799;20/01/2024;897000;Jakarta;DKI Jakarta;8661;Transfer Bank;processing;;;J&T
ORD002626;CUST0703;03/02/2023;464630;Semarang;Jawa Tengah;17319;Transfer Bank;delivered;WEEKEND25;13370;JNE
ORD002627;CUST0316;15/04/2024;399000;Depok;Jawa Barat;11831;OVO;delivered;;;J&T
ORD002628;CUST0332;01/04/2023;798000;Palembang;Sumatera Selatan;25053;GoPay;delivered;;;Anteraja
ORD002629;CUST0069;03/04/2023;795846;Tangerang;Banten;9749;OVO;delivered;NEWUSER;11154;SiCepat
ORD002630;CUST0608;01/10/2024;599000;Malang;Jawa Timur;19664;OVO;delivered;;;J&T
ORD002631;CUST0389;07/02/2023;648000;Pontianak;Kalimantan Barat;34860;Kartu Kredit;shipped;;;J&T
ORD002632;CUST0218;22/06/2022;578000;Jakarta;DKI Jakarta;9264;GoPay;delivered;;;JNE
ORD002633;CUST0364;11/02/2025;69000;Padang;Sumatera Barat;34507;Transfer Bank;delivered;;;SiCepat
ORD002634;CUST0296;30/04/2022;387000;Manado;Sulawesi Utara;44888;OVO;delivered;;;JNE
ORD002635;CUST0009;29/08/2024;952827;Semarang;Jawa Tengah;12876;GoPay;delivered;WEEKEND25;23173;SiCepat
ORD002636;CUST0424;15/01/2025;558000;Bandung;Jawa Barat;11535;QRIS;delivered;;;Anteraja
ORD002637;CUST0787;16/07/2023;407000;Tangerang;Banten;12193;GoPay;cancelled;;;JNE
ORD002638;CUST0212;20/08/2023;199000;Semarang;Jawa Tengah;17888;OVO;delivered;;;JNE
ORD002639;CUST0496;13/10/2022;561750;Medan;Sumatera Utara;39036;OVO;shipped;RAMADAN23;37250;Anteraja
ORD002640;CUST0757;18/04/2022;178000;Pontianak;Kalimantan Barat;33345;QRIS;delivered;;;JNE
ORD002641;CUST0470;13/12/2024;399000;Manado;Sulawesi Utara;44757;Transfer Bank;delivered;;;Anteraja
ORD002642;CUST0195;15/06/2023;100283;Bekasi;Jawa Barat;9376;QRIS;delivered;NEWUSER;28717;SiCepat
ORD002643;CUST0754;24/08/2024;525000;Bandung;Jawa Barat;10641;Transfer Bank;delivered;;;JNE
ORD002644;CUST0720;23/02/2024;232730;Palembang;Sumatera Selatan;31708;OVO;returned;FLASHSALE;46270;JNE
ORD002645;CUST0154;18/10/2023;977000;Palembang;Sumatera Selatan;27887;Transfer Bank;shipped;;;Pos Indonesia
ORD002646;CUST0555;20/08/2024;508000;Bogor;Jawa Barat;14516;QRIS;delivered;;;J&T
ORD002647;CUST0187;26/07/2022;128000;Bogor;Jawa Barat;12695;Transfer Bank;delivered;;;JNE
ORD002648;CUST0024;10/02/2023;998000;Makassar;Sulawesi Selatan;43834;OVO;delivered;;;J&T
ORD002649;CUST0082;25/01/2022;1475000;Pekanbaru;Riau;26451;Transfer Bank;shipped;;;J&T
ORD002650;CUST0606;01/04/2023;916000;Bandung;Jawa Barat;10010;QRIS;processing;;;JNE
ORD002651;CUST0171;01/11/2024;753000;Pekanbaru;Riau;30521;Transfer Bank;returned;;;JNE
ORD002652;CUST0280;24/09/2024;218000;Depok;Jawa Barat;11707;QRIS;delivered;;;Anteraja
ORD002653;CUST0754;22/12/2023;40571;Tangerang;Banten;9308;Transfer Bank;delivered;FLASHSALE;18429;JNE
ORD002654;CUST0369;17/01/2025;887000;Pekanbaru;Riau;29071;Transfer Bank;delivered;;;JNE
ORD002655;CUST0513;04/08/2023;537000;Yogyakarta;DI Yogyakarta;18608;QRIS;delivered;;;Anteraja
ORD002656;CUST0691;04/11/2024;322618;Balikpapan;Kalimantan Timur;36023;GoPay;cancelled;FLASHSALE;26382;SiCepat
ORD002657;CUST0346;13/10/2024;798000;Medan;Sumatera Utara;33359;OVO;delivered;;;JNE
ORD002658;CUST0345;13/02/2023;778000;Denpasar;Bali;26267;GoPay;delivered;;;JNE
ORD002659;CUST0480;26/11/2024;997000;Pekanbaru;Riau;23468;GoPay;cancelled;;;JNE
ORD002660;CUST0013;23/12/2024;313848;Makassar;Sulawesi Selatan;33810;QRIS;returned;RAMADAN23;15152;J&T
ORD002661;CUST0714;06/09/2023;853101;Medan;Sumatera Utara;39515;Kartu Kredit;processing;HARI BELANJA;44899;J&T
ORD002662;CUST0642;26/03/2024;298000;Palembang;Sumatera Selatan;28761;Transfer Bank;delivered;;;SiCepat
ORD002663;CUST0430;20/12/2024;9949;Yogyakarta;DI Yogyakarta;15267;GoPay;delivered;HARBOLNAS22;39051;JNE
ORD002664;CUST0795;03/07/2023;145972;Jakarta;DKI Jakarta;9585;OVO;delivered;SALE2024;12028;SiCepat
ORD002665;CUST0614;17/03/2024;464347;Medan;Sumatera Utara;33573;QRIS;cancelled;MEMBER10;13653;J&T
ORD002666;CUST0335;28/03/2023;279000;Pekanbaru;Riau;29556;Transfer Bank;processing;;;SiCepat
ORD002667;CUST0027;03/10/2024;399247;Pontianak;Kalimantan Barat;38830;QRIS;delivered;WEEKEND25;37753;Anteraja
ORD002668;CUST0540;27/01/2025;587000;Bekasi;Jawa Barat;9818;OVO;processing;;;SiCepat
ORD002669;CUST0671;16/05/2022;1016000;Malang;Jawa Timur;21081;QRIS;shipped;;;JNE
ORD002670;CUST0104;13/06/2024;286824;Jakarta;DKI Jakarta;9874;Transfer Bank;delivered;HARI BELANJA;11176;SiCepat
ORD002671;CUST0108;01/11/2024;217006;Yogyakarta;DI Yogyakarta;18128;GoPay;delivered;FLASHSALE;18994;SiCepat
ORD002672;CUST0354;12/02/2023;89000;Denpasar;Bali;31671;QRIS;returned;;;JNE
ORD002673;CUST0529;14/09/2023;428000;Makassar;Sulawesi Selatan;40963;OVO;delivered;;;Pos Indonesia
ORD002674;CUST0682;12/09/2024;399000;Bandung;Jawa Barat;11014;OVO;delivered;;;SiCepat
ORD002675;CUST0010;01/05/2024;486223;Manado;Sulawesi Utara;40027;QRIS;cancelled;MEMBER10;12777;J&T
ORD002676;CUST0348;01/12/2023;298000;Bandung;Jawa Barat;12883;GoPay;delivered;;;SiCepat
ORD002677;CUST0754;09/01/2024;1256000;Tangerang;Banten;12235;OVO;delivered;;;J&T
ORD002678;CUST0274;07/09/2024;867142;Surabaya;Jawa Timur;15346;OVO;cancelled;HARI BELANJA;30858;JNE
ORD002679;CUST0190;30/12/2024;353620;Surabaya;Jawa Timur;17788;Transfer Bank;shipped;HARI BELANJA;45380;JNE
ORD002680;CUST0558;21/11/2024;416859;Denpasar;Bali;31307;Transfer Bank;delivered;HARI BELANJA;32141;JNE
ORD002681;CUST0347;06/07/2022;687000;Depok;Jawa Barat;13376;Transfer Bank;shipped;;;SiCepat
ORD002682;CUST0606;04/01/2024;646562;Bandung;Jawa Barat;14702;Transfer Bank;delivered;SALE2024;11438;J&T
ORD002683;CUST0104;27/10/2023;826556;Jakarta;DKI Jakarta;10203;Kartu Kredit;delivered;SALE2024;30444;Pos Indonesia
ORD002684;CUST0487;24/11/2024;26131;Medan;Sumatera Utara;30860;Kartu Kredit;cancelled;HARBOLNAS22;42869;JNE
ORD002685;CUST0677;10/04/2024;636000;Surabaya;Jawa Timur;14430;GoPay;shipped;;;JNE
ORD002686;CUST0576;15/08/2023;897000;Semarang;Jawa Tengah;12468;Kartu Kredit;delivered;;;Anteraja
ORD002687;CUST0513;13/05/2024;549000;Balikpapan;Kalimantan Timur;31116;GoPay;delivered;;;J&T
ORD002688;CUST0414;11/03/2024;378000;Surabaya;Jawa Timur;15259;Transfer Bank;delivered;;;Pos Indonesia
ORD002689;CUST0605;12/02/2025;409586;Tangerang;Banten;9448;Kartu Kredit;delivered;FLASHSALE;39414;JNE
ORD002690;CUST0161;05/07/2023;99000;Yogyakarta;DI Yogyakarta;13178;Transfer Bank;delivered;;;J&T
ORD002691;CUST0329;04/01/2023;966774;Bekasi;Jawa Barat;12916;OVO;shipped;NEWUSER;19226;JNE
ORD002692;CUST0233;30/08/2024;229000;Manado;Sulawesi Utara;40053;GoPay;cancelled;;;Anteraja
ORD002693;CUST0284;17/05/2022;268000;Bandung;Jawa Barat;13428;OVO;delivered;;;J&T
ORD002694;CUST0293;17/06/2023;251610;Tangerang;Banten;12596;GoPay;delivered;NEWUSER;27390;JNE
ORD002695;CUST0396;28/03/2024;59000;Padang;Sumatera Barat;34951;OVO;delivered;;;J&T
ORD002696;CUST0335;15/09/2022;129000;Yogyakarta;DI Yogyakarta;16221;Transfer Bank;returned;;;JNE
ORD002697;CUST0456;19/01/2025;329000;Makassar;Sulawesi Selatan;41813;Transfer Bank;returned;;;JNE
ORD002698;CUST0184;31/10/2023;1247000;Medan;Sumatera Utara;25897;Kartu Kredit;shipped;;;J&T
ORD002699;CUST0179;22/02/2025;21839;Medan;Sumatera Utara;35890;Kartu Kredit;delivered;NEWUSER;27161;J&T
ORD002700;CUST0791;18/02/2023;106114;Semarang;Jawa Tengah;14604;Kartu Kredit;delivered;SALE2024;42886;JNE
ORD002701;CUST0658;02/10/2024;636000;Banjarmasin;Kalimantan Selatan;41612;OVO;shipped;;;J&T
ORD002702;CUST0105;12/12/2023;169237;Padang;Sumatera Barat;34061;GoPay;delivered;RAMADAN23;18763;Pos Indonesia
ORD002703;CUST0270;11/02/2025;377573;Semarang;Jawa Tengah;17391;QRIS;shipped;SALE2024;20427;SiCepat
ORD002704;CUST0475;07/02/2024;644186;Palembang;Sumatera Selatan;30199;Transfer Bank;delivered;FLASHSALE;31814;SiCepat
ORD002705;CUST0369;08/08/2023;458745;Pekanbaru;Riau;32570;Transfer Bank;delivered;NEWUSER;37255;JNE
ORD002706;CUST0400;09/12/2024;658000;Manado;Sulawesi Utara;36079;GoPay;delivered;;;JNE
ORD002707;CUST0142;29/08/2024;777000;Pontianak;Kalimantan Barat;32470;Kartu Kredit;delivered;;;J&T
ORD002708;CUST0538;18/10/2023;398000;Jakarta;DKI Jakarta;10465;Transfer Bank;delivered;;;SiCepat
ORD002709;CUST0436;11/12/2023;1014000;Balikpapan;Kalimantan Timur;38714;QRIS;delivered;;;J&T
ORD002710;CUST0701;22/03/2023;365637;Manado;Sulawesi Utara;34830;GoPay;delivered;RAMADAN23;32363;SiCepat
ORD002711;CUST0672;21/03/2022;229000;Malang;Jawa Timur;16899;Transfer Bank;delivered;;;JNE
ORD002712;CUST0170;01/02/2025;559760;Bekasi;Jawa Barat;13402;Kartu Kredit;delivered;SALE2024;38240;J&T
ORD002713;CUST0028;25/05/2023;163913;Banjarmasin;Kalimantan Selatan;40238;Transfer Bank;delivered;NEWUSER;15087;J&T
ORD002714;CUST0796;05/04/2022;79000;Bogor;Jawa Barat;11900;GoPay;shipped;;;J&T
ORD002715;CUST0493;12/12/2023;279000;Padang;Sumatera Barat;32815;Transfer Bank;shipped;;;Anteraja
ORD002716;CUST0559;07/05/2022;159487;Bogor;Jawa Barat;11115;OVO;cancelled;RAMADAN23;27513;JNE
ORD002717;CUST0114;15/06/2022;156644;Tangerang;Banten;12379;GoPay;delivered;HARI BELANJA;31356;J&T
ORD002718;CUST0670;03/08/2024;348623;Bogor;Jawa Barat;10902;GoPay;processing;WEEKEND25;29377;Pos Indonesia
ORD002719;CUST0325;29/07/2024;798000;Tangerang;Banten;11291;QRIS;delivered;;;J&T
ORD002720;CUST0015;18/06/2023;279000;Medan;Sumatera Utara;33248;OVO;delivered;;;JNE
ORD002721;CUST0503;05/10/2024;536000;Depok;Jawa Barat;10509;Transfer Bank;delivered;;;JNE
ORD002722;CUST0446;19/02/2025;1177000;Surabaya;Jawa Timur;15102;OVO;processing;;;J&T
ORD002723;CUST0226;08/12/2024;898000;Surabaya;Jawa Timur;13175;Transfer Bank;delivered;;;JNE
ORD002724;CUST0521;02/11/2023;81261;Surabaya;Jawa Timur;16403;Kartu Kredit;delivered;NEWUSER;47739;Pos Indonesia
ORD002725;CUST0736;17/01/2023;1070728;Pekanbaru;Riau;22496;Transfer Bank;delivered;SALE2024;27272;SiCepat
ORD002726;CUST0477;20/10/2024;549000;Bogor;Jawa Barat;10997;QRIS;delivered;;;JNE
ORD002727;CUST0544;12/09/2024;199000;Manado;Sulawesi Utara;39038;Kartu Kredit;delivered;;;Anteraja
ORD002728;CUST0357;10/12/2022;897000;Bekasi;Jawa Barat;9127;GoPay;returned;;;JNE
ORD002729;CUST0677;20/02/2025;99000;Bekasi;Jawa Barat;12532;Kartu Kredit;delivered;;;J&T
ORD002730;CUST0123;17/12/2023;986871;Balikpapan;Kalimantan Timur;30284;Transfer Bank;cancelled;RAMADAN23;11129;JNE
ORD002731;CUST0777;26/09/2023;733298;Medan;Sumatera Utara;27956;Transfer Bank;processing;SALE2024;23702;Anteraja
ORD002732;CUST0738;02/06/2023;254965;Jakarta;DKI Jakarta;9130;Transfer Bank;delivered;HARBOLNAS22;33035;J&T
ORD002733;CUST0613;17/02/2022;562129;Yogyakarta;DI Yogyakarta;18276;OVO;delivered;SALE2024;35871;SiCepat
ORD002734;CUST0603;31/07/2024;314717;Palembang;Sumatera Selatan;23412;QRIS;returned;HARI BELANJA;34283;J&T
ORD002735;CUST0511;11/08/2024;847000;Pontianak;Kalimantan Barat;39298;Transfer Bank;delivered;;;SiCepat
ORD002736;CUST0551;13/05/2023;516000;Banjarmasin;Kalimantan Selatan;38456;GoPay;delivered;;;JNE
ORD002737;CUST0112;06/05/2024;279000;Pontianak;Kalimantan Barat;30635;QRIS;shipped;;;Pos Indonesia
ORD002738;CUST0460;22/08/2023;263822;Jakarta;DKI Jakarta;8193;GoPay;delivered;NEWUSER;15178;JNE
ORD002739;CUST0643;29/03/2022;1098000;Surabaya;Jawa Timur;17302;OVO;delivered;;;J&T
ORD002740;CUST0632;20/01/2024;367000;Depok;Jawa Barat;12300;Kartu Kredit;delivered;;;SiCepat
ORD002741;CUST0515;12/04/2023;119000;Medan;Sumatera Utara;28890;Transfer Bank;delivered;;;JNE
ORD002742;CUST0593;17/03/2024;24717;Bekasi;Jawa Barat;12342;QRIS;delivered;WEEKEND25;24283;SiCepat
ORD002743;CUST0257;26/02/2025;998000;Depok;Jawa Barat;12129;QRIS;shipped;;;JNE
ORD002744;CUST0157;17/06/2023;471357;Yogyakarta;DI Yogyakarta;13446;Transfer Bank;processing;NEWUSER;26643;J&T
ORD002745;CUST0763;24/02/2023;636000;Surabaya;Jawa Timur;16152;GoPay;processing;;;JNE
ORD002746;CUST0191;30/03/2023;197000;Denpasar;Bali;27249;GoPay;delivered;;;JNE
ORD002747;CUST0092;03/08/2023;897000;Pekanbaru;Riau;29404;OVO;delivered;;;JNE
ORD002748;CUST0225;10/08/2023;129000;Bekasi;Jawa Barat;11143;Transfer Bank;shipped;;;JNE
ORD002749;CUST0029;08/02/2024;133778;Yogyakarta;DI Yogyakarta;19828;Kartu Kredit;shipped;HARBOLNAS22;15222;SiCepat
ORD002750;CUST0096;27/04/2024;1007000;Pontianak;Kalimantan Barat;38527;OVO;delivered;;;SiCepat
ORD002751;CUST0273;15/11/2023;523477;Yogyakarta;DI Yogyakarta;15367;GoPay;delivered;NEWUSER;23523;SiCepat
ORD002752;CUST0407;10/02/2025;199000;Pontianak;Kalimantan Barat;28729;QRIS;shipped;;;J&T
ORD002753;CUST0618;20/11/2023;133959;Manado;Sulawesi Utara;40370;Kartu Kredit;delivered;HARI BELANJA;45041;J&T
ORD002754;CUST0651;13/10/2024;756000;Pontianak;Kalimantan Barat;29154;Transfer Bank;delivered;;;SiCepat
ORD002755;CUST0469;01/11/2024;118000;Surabaya;Jawa Timur;16115;Kartu Kredit;delivered;;;SiCepat
ORD002756;CUST0381;15/08/2024;79000;Malang;Jawa Timur;16619;OVO;cancelled;;;J&T
ORD002757;CUST0326;17/07/2022;697000;Balikpapan;Kalimantan Timur;40742;OVO;processing;;;JNE
ORD002758;CUST0180;17/09/2023;927000;Tangerang;Banten;11767;GoPay;delivered;;;SiCepat
ORD002759;CUST0369;29/08/2023;848000;Makassar;Sulawesi Selatan;31092;Transfer Bank;delivered;;;J&T
ORD002760;CUST0016;19/01/2025;249000;Depok;Jawa Barat;11838;GoPay;processing;;;SiCepat
ORD002761;CUST0221;02/11/2023;668000;Balikpapan;Kalimantan Timur;41991;OVO;delivered;;;SiCepat
ORD002762;CUST0355;25/04/2024;907000;Medan;Sumatera Utara;35234;Transfer Bank;processing;;;J&T
ORD002763;CUST0773;20/05/2024;157742;Bogor;Jawa Barat;12590;Kartu Kredit;delivered;WEEKEND25;19258;JNE
ORD002764;CUST0647;25/12/2024;399000;Bogor;Jawa Barat;13728;Transfer Bank;delivered;;;SiCepat
ORD002765;CUST0253;12/02/2022;147137;Depok;Jawa Barat;12472;GoPay;delivered;MEMBER10;31863;Anteraja
ORD002766;CUST0733;06/10/2024;928000;Makassar;Sulawesi Selatan;30738;GoPay;delivered;;;J&T
ORD002767;CUST0597;11/01/2024;59000;Bogor;Jawa Barat;12559;GoPay;cancelled;;;SiCepat
ORD002768;CUST0724;09/02/2023;398000;Surabaya;Jawa Timur;14829;GoPay;delivered;;;SiCepat
ORD002769;CUST0349;14/02/2023;105411;Bogor;Jawa Barat;12471;OVO;delivered;NEWUSER;43589;SiCepat
ORD002770;CUST0422;13/09/2024;200920;Makassar;Sulawesi Selatan;30893;GoPay;delivered;RAMADAN23;37080;JNE
ORD002771;CUST0375;15/05/2023;848000;Medan;Sumatera Utara;31436;OVO;shipped;;;SiCepat
ORD002772;CUST0272;05/06/2022;119000;Denpasar;Bali;24513;GoPay;delivered;;;SiCepat
ORD002773;CUST0585;07/05/2022;465146;Bandung;Jawa Barat;14265;Transfer Bank;cancelled;WEEKEND25;33854;J&T
ORD002774;CUST0101;05/04/2024;1087261;Bandung;Jawa Barat;10402;Transfer Bank;shipped;RAMADAN23;47739;J&T
ORD002775;CUST0163;02/06/2024;985000;Medan;Sumatera Utara;31278;Kartu Kredit;delivered;;;SiCepat
ORD002776;CUST0370;04/02/2023;573338;Pontianak;Kalimantan Barat;30766;OVO;returned;SALE2024;25662;SiCepat
ORD002777;CUST0777;07/09/2024;179000;Pontianak;Kalimantan Barat;30784;Transfer Bank;delivered;;;J&T
ORD002778;CUST0587;20/08/2023;45317;Medan;Sumatera Utara;32738;Transfer Bank;cancelled;NEWUSER;33683;Anteraja
ORD002779;CUST0212;08/06/2022;237000;Semarang;Jawa Tengah;13372;OVO;delivered;;;J&T
ORD002780;CUST0649;23/05/2022;329000;Jakarta;DKI Jakarta;10353;Transfer Bank;delivered;;;J&T
ORD002781;CUST0625;18/02/2024;79000;Jakarta;DKI Jakarta;9188;Transfer Bank;delivered;;;SiCepat
ORD002782;CUST0005;28/07/2023;363896;Bekasi;Jawa Barat;12597;Kartu Kredit;delivered;WEEKEND25;23104;SiCepat
ORD002783;CUST0464;13/01/2025;991084;Banjarmasin;Kalimantan Selatan;29287;Transfer Bank;delivered;MEMBER10;15916;JNE
ORD002784;CUST0454;09/04/2023;81053;Makassar;Sulawesi Selatan;30057;GoPay;delivered;SALE2024;47947;SiCepat
ORD002785;CUST0253;10/05/2024;1196000;Balikpapan;Kalimantan Timur;42366;Transfer Bank;shipped;;;JNE
ORD002786;CUST0271;18/12/2023;476644;Balikpapan;Kalimantan Timur;42187;GoPay;delivered;WEEKEND25;21356;Anteraja
ORD002787;CUST0192;22/04/2022;229000;Padang;Sumatera Barat;26046;Transfer Bank;cancelled;;;J&T
ORD002788;CUST0133;06/06/2023;898000;Palembang;Sumatera Selatan;22095;GoPay;delivered;;;JNE
ORD002789;CUST0022;17/11/2024;668000;Pontianak;Kalimantan Barat;36217;GoPay;delivered;;;Pos Indonesia
ORD002790;CUST0608;07/03/2023;687000;Manado;Sulawesi Utara;43120;Transfer Bank;delivered;;;JNE
ORD002791;CUST0172;01/01/2023;1198000;Padang;Sumatera Barat;26749;Transfer Bank;delivered;;;Anteraja
ORD002792;CUST0585;08/09/2024;208363;Makassar;Sulawesi Selatan;40032;OVO;shipped;SALE2024;29637;JNE
ORD002793;CUST0051;15/11/2024;229274;Yogyakarta;DI Yogyakarta;13263;Transfer Bank;delivered;FLASHSALE;19726;J&T
ORD002794;CUST0301;17/09/2023;578000;Balikpapan;Kalimantan Timur;43044;OVO;processing;;;JNE
ORD002795;CUST0144;14/09/2024;1280619;Surabaya;Jawa Timur;12176;QRIS;delivered;HARBOLNAS22;25381;SiCepat
ORD002796;CUST0416;24/09/2023;278000;Jakarta;DKI Jakarta;9930;Transfer Bank;delivered;;;SiCepat
ORD002797;CUST0286;09/04/2024;278000;Bogor;Jawa Barat;11108;QRIS;cancelled;;;SiCepat
ORD002798;CUST0673;27/12/2024;998000;Makassar;Sulawesi Selatan;42495;Kartu Kredit;shipped;;;Anteraja
ORD002799;CUST0671;15/01/2023;69000;Pontianak;Kalimantan Barat;41308;Transfer Bank;shipped;;;SiCepat
ORD002800;CUST0229;04/01/2025;196000;Padang;Sumatera Barat;31703;Transfer Bank;delivered;;;Pos Indonesia
ORD002801;CUST0662;08/02/2025;281633;Medan;Sumatera Utara;35790;OVO;shipped;RAMADAN23;17367;J&T
ORD002802;CUST0714;20/09/2024;298000;Pontianak;Kalimantan Barat;32207;OVO;cancelled;;;SiCepat
ORD002803;CUST0239;14/07/2023;1240746;Jakarta;DKI Jakarta;8491;Transfer Bank;delivered;WEEKEND25;26254;SiCepat
ORD002804;CUST0569;27/05/2023;628000;Pekanbaru;Riau;24603;GoPay;processing;;;Pos Indonesia
ORD002805;CUST0124;17/08/2024;658000;Manado;Sulawesi Utara;37412;Kartu Kredit;delivered;;;J&T
ORD002806;CUST0572;29/01/2025;977000;Semarang;Jawa Tengah;13749;Transfer Bank;shipped;;;JNE
ORD002807;CUST0035;19/02/2025;1205000;Bogor;Jawa Barat;14431;Transfer Bank;delivered;;;JNE
ORD002808;CUST0295;08/12/2022;434240;Manado;Sulawesi Utara;39322;GoPay;delivered;RAMADAN23;13760;SiCepat
ORD002809;CUST0590;13/10/2022;578000;Bandung;Jawa Barat;10144;Kartu Kredit;returned;;;SiCepat
ORD002810;CUST0594;12/12/2023;777000;Malang;Jawa Timur;15603;OVO;delivered;;;J&T
ORD002811;CUST0523;25/03/2022;317000;Banjarmasin;Kalimantan Selatan;36983;GoPay;delivered;;;J&T
ORD002812;CUST0224;25/11/2022;118000;Depok;Jawa Barat;12803;OVO;delivered;;;Pos Indonesia
ORD002813;CUST0087;27/12/2024;376310;Malang;Jawa Timur;14952;Transfer Bank;delivered;WEEKEND25;40690;J&T
ORD002814;CUST0446;02/01/2024;302182;Padang;Sumatera Barat;34788;QRIS;processing;FLASHSALE;26818;J&T
ORD002815;CUST0306;10/09/2024;369657;Tangerang;Banten;12608;OVO;returned;RAMADAN23;27343;J&T
ORD002816;CUST0029;31/10/2024;202868;Yogyakarta;DI Yogyakarta;15486;QRIS;delivered;FLASHSALE;26132;Anteraja
ORD002817;CUST0565;27/02/2025;177000;Banjarmasin;Kalimantan Selatan;41310;OVO;processing;;;Pos Indonesia
ORD002818;CUST0366;21/05/2024;960285;Depok;Jawa Barat;9115;QRIS;delivered;RAMADAN23;16715;SiCepat
ORD002819;CUST0135;26/01/2023;257885;Makassar;Sulawesi Selatan;39022;Transfer Bank;delivered;SALE2024;40115;JNE
ORD002820;CUST0123;14/07/2024;2833000;Balikpapan;Kalimantan Timur;44033;QRIS;shipped;;;J&T
ORD002821;CUST0344;05/04/2024;1375309;Bekasi;Jawa Barat;12560;Transfer Bank;delivered;NEWUSER;18691;SiCepat
ORD002822;CUST0660;02/01/2024;538000;Pontianak;Kalimantan Barat;39207;Transfer Bank;delivered;;;Pos Indonesia
ORD002823;CUST0790;08/02/2025;199000;Balikpapan;Kalimantan Timur;42454;Transfer Bank;delivered;;;SiCepat
ORD002824;CUST0757;11/08/2024;687000;Pontianak;Kalimantan Barat;29744;Kartu Kredit;delivered;;;Anteraja
ORD002825;CUST0602;17/06/2023;528000;Bekasi;Jawa Barat;9517;GoPay;delivered;;;SiCepat
ORD002826;CUST0731;15/01/2024;806000;Balikpapan;Kalimantan Timur;38386;Transfer Bank;returned;;;SiCepat
ORD002827;CUST0090;04/06/2024;449000;Bandung;Jawa Barat;14462;GoPay;returned;;;SiCepat
ORD002828;CUST0608;23/02/2025;534786;Manado;Sulawesi Utara;42313;GoPay;delivered;FLASHSALE;23214;J&T
ORD002829;CUST0421;04/02/2023;636000;Jakarta;DKI Jakarta;11071;Transfer Bank;delivered;;;Pos Indonesia
ORD002830;CUST0390;24/10/2023;837000;Semarang;Jawa Tengah;12047;Transfer Bank;delivered;;;JNE
ORD002831;CUST0413;08/02/2025;508000;Semarang;Jawa Tengah;17683;GoPay;delivered;;;J&T
ORD002832;CUST0629;27/01/2023;431358;Padang;Sumatera Barat;34084;QRIS;delivered;HARBOLNAS22;17642;SiCepat
ORD002833;CUST0746;30/08/2024;399000;Pekanbaru;Riau;33360;Kartu Kredit;delivered;;;JNE
ORD002834;CUST0269;27/01/2023;13067;Tangerang;Banten;9383;GoPay;delivered;NEWUSER;45933;J&T
ORD002835;CUST0612;22/08/2023;1242345;Pekanbaru;Riau;24219;GoPay;shipped;MEMBER10;44655;J&T
ORD002836;CUST0557;16/01/2024;69933;Tangerang;Banten;12352;OVO;shipped;FLASHSALE;49067;J&T
ORD002837;CUST0169;09/02/2024;448000;Tangerang;Banten;9597;Transfer Bank;shipped;;;JNE
ORD002838;CUST0068;02/02/2025;201239;Makassar;Sulawesi Selatan;34347;OVO;delivered;MEMBER10;27761;SiCepat
ORD002839;CUST0650;09/05/2024;118000;Yogyakarta;DI Yogyakarta;19589;OVO;delivered;;;J&T
ORD002840;CUST0753;03/06/2023;298000;Surabaya;Jawa Timur;13450;Transfer Bank;delivered;;;JNE
ORD002841;CUST0225;03/10/2023;129000;Bekasi;Jawa Barat;13383;Transfer Bank;delivered;;;JNE
ORD002842;CUST0331;30/12/2023;257291;Makassar;Sulawesi Selatan;44685;GoPay;delivered;WEEKEND25;40709;JNE
ORD002843;CUST0452;07/11/2024;370093;Semarang;Jawa Tengah;17080;QRIS;delivered;NEWUSER;46907;JNE
ORD002844;CUST0119;25/02/2024;228000;Makassar;Sulawesi Selatan;40495;OVO;delivered;;;Anteraja
ORD002845;CUST0741;08/08/2023;91625;Pekanbaru;Riau;26970;GoPay;cancelled;RAMADAN23;27375;J&T
ORD002846;CUST0425;11/09/2022;303879;Manado;Sulawesi Utara;42397;GoPay;delivered;NEWUSER;43121;Anteraja
ORD002847;CUST0127;09/02/2025;772002;Bogor;Jawa Barat;12874;Transfer Bank;processing;NEWUSER;25998;JNE
ORD002848;CUST0558;10/06/2023;317244;Denpasar;Bali;20054;Transfer Bank;shipped;FLASHSALE;49756;JNE
ORD002849;CUST0251;17/10/2022;1455000;Surabaya;Jawa Timur;13918;Transfer Bank;delivered;;;JNE
ORD002850;CUST0437;15/10/2023;129000;Pekanbaru;Riau;33136;GoPay;delivered;;;SiCepat
ORD002851;CUST0297;22/01/2022;249000;Banjarmasin;Kalimantan Selatan;38866;GoPay;delivered;;;SiCepat
ORD002852;CUST0613;24/01/2023;69000;Yogyakarta;DI Yogyakarta;13743;Transfer Bank;delivered;;;JNE
ORD002853;CUST0204;13/05/2023;1299937;Manado;Sulawesi Utara;35647;GoPay;delivered;RAMADAN23;27063;SiCepat
ORD002854;CUST0339;06/02/2025;498000;Semarang;Jawa Tengah;14842;GoPay;returned;;;JNE
ORD002855;CUST0361;13/03/2023;418000;Pontianak;Kalimantan Barat;32671;Kartu Kredit;delivered;;;Pos Indonesia
ORD002856;CUST0289;07/10/2024;285684;Manado;Sulawesi Utara;34454;Kartu Kredit;processing;WEEKEND25;32316;SiCepat
ORD002857;CUST0788;06/12/2024;599000;Semarang;Jawa Tengah;14335;QRIS;shipped;;;JNE
ORD002858;CUST0261;14/02/2024;1005000;Palembang;Sumatera Selatan;32692;GoPay;delivered;;;JNE
ORD002859;CUST0055;10/10/2023;334720;Jakarta;DKI Jakarta;11631;QRIS;delivered;MEMBER10;43280;Pos Indonesia
ORD002860;CUST0379;25/06/2024;79000;Pontianak;Kalimantan Barat;40143;GoPay;delivered;;;Anteraja
ORD002861;CUST0316;16/05/2022;546032;Denpasar;Bali;20103;OVO;cancelled;WEEKEND25;49968;Anteraja
ORD002862;CUST0603;19/03/2024;431538;Padang;Sumatera Barat;34580;Transfer Bank;shipped;HARI BELANJA;36462;J&T
ORD002863;CUST0707;25/01/2023;179000;Medan;Sumatera Utara;34532;GoPay;processing;;;J&T
ORD002864;CUST0191;10/09/2024;323420;Denpasar;Bali;26226;GoPay;processing;WEEKEND25;34580;JNE
ORD002865;CUST0782;27/02/2025;399000;Denpasar;Bali;31204;GoPay;delivered;;;JNE
ORD002866;CUST0531;29/06/2023;149000;Banjarmasin;Kalimantan Selatan;29161;QRIS;delivered;;;J&T
ORD002867;CUST0254;07/12/2023;620315;Balikpapan;Kalimantan Timur;31438;Transfer Bank;cancelled;RAMADAN23;27685;JNE
ORD002868;CUST0079;24/02/2022;401733;Pontianak;Kalimantan Barat;41215;Transfer Bank;delivered;HARI BELANJA;47267;J&T
ORD002869;CUST0447;28/10/2022;258000;Makassar;Sulawesi Selatan;33093;Kartu Kredit;delivered;;;SiCepat
ORD002870;CUST0269;24/08/2024;258000;Tangerang;Banten;9205;OVO;delivered;;;JNE
ORD002871;CUST0168;22/03/2023;98000;Banjarmasin;Kalimantan Selatan;35566;Transfer Bank;delivered;;;SiCepat
ORD002872;CUST0409;21/10/2023;89000;Bekasi;Jawa Barat;9012;GoPay;shipped;;;J&T
ORD002873;CUST0536;17/01/2024;353025;Palembang;Sumatera Selatan;25409;Kartu Kredit;delivered;HARBOLNAS22;45975;SiCepat
ORD002874;CUST0177;01/11/2024;248000;Bekasi;Jawa Barat;13207;OVO;delivered;;;SiCepat
ORD002875;CUST0158;14/04/2023;238714;Bandung;Jawa Barat;13100;OVO;cancelled;HARI BELANJA;49286;Anteraja
ORD002876;CUST0057;11/08/2023;723255;Semarang;Jawa Tengah;13920;Kartu Kredit;shipped;SALE2024;10745;JNE
ORD002877;CUST0700;21/11/2022;188220;Banjarmasin;Kalimantan Selatan;35742;GoPay;delivered;SALE2024;19780;J&T
ORD002878;CUST0186;05/01/2025;658000;Semarang;Jawa Tengah;12847;GoPay;delivered;;;SiCepat
ORD002879;CUST0179;08/03/2024;601484;Medan;Sumatera Utara;27353;Transfer Bank;delivered;MEMBER10;45516;JNE
ORD002880;CUST0686;06/11/2023;59000;Semarang;Jawa Tengah;13569;Transfer Bank;delivered;;;SiCepat
ORD002881;CUST0456;23/09/2022;49000;Makassar;Sulawesi Selatan;38339;GoPay;delivered;;;Anteraja
ORD002882;CUST0326;28/11/2024;101690;Balikpapan;Kalimantan Timur;42765;Transfer Bank;shipped;HARBOLNAS22;27310;SiCepat
ORD002883;CUST0529;26/02/2025;548000;Makassar;Sulawesi Selatan;34165;Transfer Bank;delivered;;;J&T
ORD002884;CUST0374;07/09/2024;218871;Pontianak;Kalimantan Barat;35175;Kartu Kredit;processing;NEWUSER;10129;JNE
ORD002885;CUST0655;08/02/2025;262171;Depok;Jawa Barat;12956;Kartu Kredit;returned;NEWUSER;24829;J&T
ORD002886;CUST0239;17/04/2023;553109;Jakarta;DKI Jakarta;11136;QRIS;returned;HARI BELANJA;34891;JNE
ORD002887;CUST0781;06/10/2022;587000;Yogyakarta;DI Yogyakarta;19048;Kartu Kredit;delivered;;;SiCepat
ORD002888;CUST0163;05/11/2023;576000;Bandung;Jawa Barat;12684;GoPay;cancelled;;;SiCepat
ORD002889;CUST0066;21/06/2022;299000;Malang;Jawa Timur;19681;GoPay;delivered;;;JNE
ORD002890;CUST0733;09/05/2023;498000;Makassar;Sulawesi Selatan;42935;OVO;delivered;;;Pos Indonesia
ORD002891;CUST0757;08/01/2024;1772297;Pontianak;Kalimantan Barat;30714;QRIS;returned;NEWUSER;24703;J&T
ORD002892;CUST0310;16/09/2022;1635000;Medan;Sumatera Utara;37769;GoPay;delivered;;;SiCepat
ORD002893;CUST0195;07/05/2024;707000;Bekasi;Jawa Barat;11042;GoPay;delivered;;;JNE
ORD002894;CUST0642;18/12/2024;347000;Palembang;Sumatera Selatan;32099;GoPay;shipped;;;J&T
ORD002895;CUST0538;05/10/2022;247000;Palembang;Sumatera Selatan;33477;OVO;processing;;;J&T
ORD002896;CUST0425;25/01/2025;451197;Manado;Sulawesi Utara;33041;Kartu Kredit;delivered;WEEKEND25;26803;Anteraja
ORD002897;CUST0280;03/10/2024;49000;Depok;Jawa Barat;11875;Transfer Bank;delivered;;;JNE
ORD002898;CUST0235;17/02/2022;775000;Tangerang;Banten;13304;GoPay;delivered;;;J&T
ORD002899;CUST0497;06/06/2024;363558;Makassar;Sulawesi Selatan;35633;Kartu Kredit;delivered;MEMBER10;14442;SiCepat
ORD002900;CUST0746;18/04/2023;449000;Pekanbaru;Riau;29569;GoPay;delivered;;;J&T
ORD002901;CUST0522;01/07/2024;449000;Jakarta;DKI Jakarta;10877;QRIS;returned;;;Anteraja
ORD002902;CUST0063;08/09/2024;557000;Pekanbaru;Riau;32596;GoPay;delivered;;;SiCepat
ORD002903;CUST0163;03/10/2024;658000;Bandung;Jawa Barat;13934;Kartu Kredit;delivered;;;JNE
ORD002904;CUST0066;01/01/2022;574673;Malang;Jawa Timur;20960;OVO;delivered;WEEKEND25;23327;Pos Indonesia
ORD002905;CUST0489;19/02/2024;228923;Depok;Jawa Barat;9390;Transfer Bank;delivered;MEMBER10;29077;J&T
ORD002906;CUST0379;12/12/2023;299000;Pontianak;Kalimantan Barat;32646;Kartu Kredit;cancelled;;;Anteraja
ORD002907;CUST0298;27/08/2023;119000;Pontianak;Kalimantan Barat;39240;GoPay;processing;;;J&T
ORD002908;CUST0790;05/05/2024;527000;Depok;Jawa Barat;9988;Transfer Bank;delivered;;;Pos Indonesia
ORD002909;CUST0210;17/02/2025;298000;Pekanbaru;Riau;31236;Transfer Bank;delivered;;;J&T
ORD002910;CUST0223;26/12/2023;397000;Bekasi;Jawa Barat;11992;GoPay;delivered;;;JNE
ORD002911;CUST0792;10/05/2024;1297000;Palembang;Sumatera Selatan;33017;Transfer Bank;delivered;;;Anteraja
ORD002912;CUST0060;06/04/2022;319752;Pekanbaru;Riau;23139;GoPay;delivered;WEEKEND25;38248;SiCepat
ORD002913;CUST0677;01/04/2023;498000;Surabaya;Jawa Timur;12798;GoPay;delivered;;;JNE
ORD002914;CUST0699;17/05/2024;399000;Medan;Sumatera Utara;37071;OVO;shipped;;;SiCepat
ORD002915;CUST0070;17/01/2024;781639;Balikpapan;Kalimantan Timur;34453;QRIS;shipped;WEEKEND25;45361;J&T
ORD002916;CUST0297;21/06/2024;149130;Manado;Sulawesi Utara;35507;OVO;delivered;HARI BELANJA;49870;Anteraja
ORD002917;CUST0633;28/03/2023;28744;Bekasi;Jawa Barat;12871;Kartu Kredit;shipped;RAMADAN23;20256;J&T
ORD002918;CUST0784;06/08/2023;73227;Tangerang;Banten;11338;OVO;delivered;FLASHSALE;45773;J&T
ORD002919;CUST0136;16/07/2023;320320;Makassar;Sulawesi Selatan;33894;OVO;delivered;RAMADAN23;36680;J&T
ORD002920;CUST0207;14/07/2024;75263;Surabaya;Jawa Timur;15955;OVO;delivered;RAMADAN23;42737;SiCepat
ORD002921;CUST0400;07/01/2023;89000;Manado;Sulawesi Utara;36681;OVO;processing;;;J&T
ORD002922;CUST0627;01/06/2023;1585000;Balikpapan;Kalimantan Timur;35323;OVO;delivered;;;J&T
ORD002923;CUST0035;27/03/2024;53590;Bogor;Jawa Barat;12920;QRIS;delivered;NEWUSER;45410;J&T
ORD002924;CUST0753;09/09/2022;199270;Surabaya;Jawa Timur;12272;GoPay;shipped;FLASHSALE;49730;SiCepat
ORD002925;CUST0197;14/03/2022;881186;Bandung;Jawa Barat;10273;GoPay;processing;WEEKEND25;16814;J&T
ORD002926;CUST0785;02/06/2023;177000;Balikpapan;Kalimantan Timur;41656;OVO;delivered;;;Pos Indonesia
ORD002927;CUST0552;14/01/2025;447000;Padang;Sumatera Barat;32437;OVO;shipped;;;J&T
ORD002928;CUST0567;10/11/2023;1285000;Pekanbaru;Riau;25180;Kartu Kredit;delivered;;;SiCepat
ORD002929;CUST0407;26/11/2022;586434;Pontianak;Kalimantan Barat;33558;OVO;delivered;SALE2024;40566;JNE
ORD002930;CUST0723;03/02/2023;896000;Medan;Sumatera Utara;30271;GoPay;delivered;;;J&T
ORD002931;CUST0553;05/06/2022;238000;Malang;Jawa Timur;20617;OVO;delivered;;;J&T
ORD002932;CUST0780;30/12/2024;138000;Medan;Sumatera Utara;31549;QRIS;delivered;;;J&T
ORD002933;CUST0216;24/04/2024;349000;Palembang;Sumatera Selatan;32713;Transfer Bank;delivered;;;SiCepat
ORD002934;CUST0703;06/11/2023;348000;Semarang;Jawa Tengah;15226;GoPay;delivered;;;JNE
ORD002935;CUST0085;07/01/2022;527000;Bogor;Jawa Barat;13270;GoPay;delivered;;;J&T
ORD002936;CUST0722;13/02/2024;102425;Makassar;Sulawesi Selatan;38096;OVO;processing;HARBOLNAS22;15575;J&T
ORD002937;CUST0158;04/10/2022;1130361;Bandung;Jawa Barat;11649;GoPay;delivered;RAMADAN23;34639;Pos Indonesia
ORD002938;CUST0172;25/10/2023;428000;Padang;Sumatera Barat;27483;GoPay;delivered;;;SiCepat
ORD002939;CUST0301;18/01/2023;973570;Tangerang;Banten;13580;QRIS;delivered;SALE2024;23430;JNE
ORD002940;CUST0228;28/06/2022;149000;Malang;Jawa Timur;16234;OVO;delivered;;;JNE
ORD002941;CUST0653;04/06/2023;149000;Denpasar;Bali;26222;Transfer Bank;shipped;;;J&T
ORD002942;CUST0195;22/08/2024;1048000;Semarang;Jawa Tengah;17306;Transfer Bank;delivered;;;JNE
ORD002943;CUST0672;03/01/2024;351206;Malang;Jawa Timur;19387;OVO;processing;FLASHSALE;47794;SiCepat
ORD002944;CUST0375;03/01/2023;1619975;Medan;Sumatera Utara;31351;GoPay;delivered;RAMADAN23;27025;J&T
ORD002945;CUST0321;01/02/2022;49000;Makassar;Sulawesi Selatan;40484;Kartu Kredit;delivered;;;SiCepat
ORD002946;CUST0651;31/05/2023;249000;Pontianak;Kalimantan Barat;30313;QRIS;delivered;;;Anteraja
ORD002947;CUST0363;29/01/2022;877000;Surabaya;Jawa Timur;14329;OVO;delivered;;;JNE
ORD002948;CUST0188;31/01/2023;697642;Padang;Sumatera Barat;29279;Kartu Kredit;delivered;NEWUSER;49358;JNE
ORD002949;CUST0750;23/04/2022;297084;Bogor;Jawa Barat;14697;Kartu Kredit;delivered;NEWUSER;31916;JNE
ORD002950;CUST0777;07/12/2024;487728;Manado;Sulawesi Utara;42926;Kartu Kredit;cancelled;HARBOLNAS22;39272;JNE
ORD002951;CUST0401;29/04/2022;49000;Denpasar;Bali;25617;Transfer Bank;delivered;;;SiCepat
ORD002952;CUST0405;28/03/2024;178000;Denpasar;Bali;20956;GoPay;processing;;;J&T
ORD002953;CUST0141;28/04/2024;59658;Malang;Jawa Timur;16130;Kartu Kredit;delivered;FLASHSALE;29342;J&T
ORD002954;CUST0088;06/12/2024;136651;Jakarta;DKI Jakarta;10395;GoPay;processing;NEWUSER;12349;SiCepat
ORD002955;CUST0373;18/10/2024;698000;Semarang;Jawa Tengah;16758;OVO;processing;;;SiCepat
ORD002956;CUST0057;29/08/2024;467000;Banjarmasin;Kalimantan Selatan;32779;OVO;delivered;;;J&T
ORD002957;CUST0536;12/06/2023;679449;Medan;Sumatera Utara;38786;Kartu Kredit;delivered;FLASHSALE;18551;Pos Indonesia
ORD002958;CUST0725;10/08/2023;199000;Makassar;Sulawesi Selatan;32254;Kartu Kredit;processing;;;JNE
ORD002959;CUST0179;09/02/2023;318000;Medan;Sumatera Utara;32374;Transfer Bank;delivered;;;SiCepat
ORD002960;CUST0124;10/01/2023;424887;Manado;Sulawesi Utara;40476;GoPay;returned;HARI BELANJA;23113;J&T
ORD002961;CUST0647;15/08/2023;295657;Bogor;Jawa Barat;11783;Transfer Bank;processing;WEEKEND25;33343;Pos Indonesia
ORD002962;CUST0308;28/02/2025;628000;Pontianak;Kalimantan Barat;37613;QRIS;delivered;;;SiCepat
ORD002963;CUST0772;17/06/2024;748000;Denpasar;Bali;30966;Kartu Kredit;shipped;;;SiCepat
ORD002964;CUST0479;01/10/2023;249404;Padang;Sumatera Barat;24386;GoPay;delivered;HARI BELANJA;29596;Anteraja
ORD002965;CUST0610;18/02/2024;648000;Depok;Jawa Barat;13962;Kartu Kredit;cancelled;;;JNE
ORD002966;CUST0130;27/01/2024;329000;Manado;Sulawesi Utara;35049;Kartu Kredit;delivered;;;SiCepat
ORD002967;CUST0191;12/01/2022;82428;Denpasar;Bali;21133;Kartu Kredit;delivered;SALE2024;36572;SiCepat
ORD002968;CUST0565;31/12/2024;728000;Banjarmasin;Kalimantan Selatan;37906;Kartu Kredit;delivered;;;J&T
ORD002969;CUST0033;26/02/2025;249385;Balikpapan;Kalimantan Timur;35572;QRIS;delivered;NEWUSER;29615;SiCepat
ORD002970;CUST0521;02/11/2024;397000;Palembang;Sumatera Selatan;33678;Transfer Bank;processing;;;Pos Indonesia
ORD002971;CUST0215;26/02/2024;399000;Banjarmasin;Kalimantan Selatan;39336;GoPay;cancelled;;;J&T
ORD002972;CUST0215;11/11/2023;88767;Banjarmasin;Kalimantan Selatan;32836;GoPay;delivered;HARI BELANJA;10233;J&T
ORD002973;CUST0592;09/04/2024;199000;Palembang;Sumatera Selatan;27863;OVO;processing;;;Anteraja
ORD002974;CUST0261;04/08/2024;219629;Banjarmasin;Kalimantan Selatan;41698;OVO;shipped;RAMADAN23;29371;SiCepat
ORD002975;CUST0342;25/01/2025;1045422;Pontianak;Kalimantan Barat;37057;OVO;processing;MEMBER10;31578;SiCepat
ORD002976;CUST0549;05/03/2023;816593;Bekasi;Jawa Barat;12960;QRIS;shipped;SALE2024;39407;JNE
ORD002977;CUST0605;24/12/2023;731518;Denpasar;Bali;24440;GoPay;cancelled;HARBOLNAS22;46482;SiCepat
ORD002978;CUST0197;24/04/2022;887000;Depok;Jawa Barat;10637;Kartu Kredit;delivered;;;JNE
ORD002979;CUST0277;15/04/2023;865000;Bekasi;Jawa Barat;10726;OVO;delivered;;;J&T
ORD002980;CUST0199;28/06/2023;537000;Palembang;Sumatera Selatan;27515;Transfer Bank;returned;;;JNE
ORD002981;CUST0225;11/01/2025;178000;Bekasi;Jawa Barat;13047;Kartu Kredit;shipped;;;SiCepat
ORD002982;CUST0642;30/12/2024;361560;Palembang;Sumatera Selatan;34024;GoPay;shipped;MEMBER10;34440;JNE
ORD002983;CUST0787;27/06/2024;59000;Tangerang;Banten;9445;Transfer Bank;delivered;;;SiCepat
ORD002984;CUST0287;14/04/2024;898000;Banjarmasin;Kalimantan Selatan;34148;OVO;cancelled;;;SiCepat
ORD002985;CUST0226;10/05/2024;119000;Bekasi;Jawa Barat;11028;OVO;delivered;;;J&T
ORD002986;CUST0160;17/02/2024;508468;Pontianak;Kalimantan Barat;36607;OVO;delivered;HARBOLNAS22;49532;Pos Indonesia
ORD002987;CUST0084;24/05/2022;104370;Jakarta;DKI Jakarta;10091;Transfer Bank;shipped;RAMADAN23;14630;J&T
ORD002988;CUST0691;02/02/2025;558000;Bogor;Jawa Barat;13041;OVO;returned;;;J&T
ORD002989;CUST0701;24/11/2024;461919;Pontianak;Kalimantan Barat;37783;Kartu Kredit;delivered;FLASHSALE;37081;SiCepat
ORD002990;CUST0169;08/04/2024;1157000;Tangerang;Banten;13920;GoPay;processing;;;JNE
ORD002991;CUST0609;16/05/2024;328000;Bekasi;Jawa Barat;11802;OVO;delivered;;;Pos Indonesia
ORD002992;CUST0224;09/05/2023;449240;Depok;Jawa Barat;12128;GoPay;delivered;RAMADAN23;28760;J&T
ORD002993;CUST0659;31/08/2024;837661;Palembang;Sumatera Selatan;27551;OVO;shipped;WEEKEND25;39339;SiCepat
ORD002994;CUST0707;25/05/2023;199000;Banjarmasin;Kalimantan Selatan;35157;Kartu Kredit;cancelled;;;JNE
ORD002995;CUST0414;27/05/2024;817000;Surabaya;Jawa Timur;16493;QRIS;delivered;;;SiCepat
ORD002996;CUST0570;31/05/2024;518000;Tangerang;Banten;11227;Transfer Bank;delivered;;;SiCepat
ORD002997;CUST0327;28/02/2024;378002;Denpasar;Bali;27881;Transfer Bank;delivered;RAMADAN23;20998;J&T
ORD002998;CUST0171;28/06/2024;520907;Banjarmasin;Kalimantan Selatan;37268;OVO;cancelled;HARI BELANJA;28093;SiCepat
ORD002999;CUST0230;02/01/2025;258000;Banjarmasin;Kalimantan Selatan;38583;Kartu Kredit;cancelled;;;JNE
ORD003000;CUST0556;22/05/2024;38484;Depok;Jawa Barat;13709;OVO;returned;RAMADAN23;10516;J&T
